-- MySQL dump 10.13  Distrib 8.0.24, for Linux (x86_64)
--
-- Host: 127.0.0.1    Database: freekey
-- ------------------------------------------------------
-- Server version	8.0.24

/*!40101 SET @OLD_CHARACTER_SET_CLIENT=@@CHARACTER_SET_CLIENT */;
/*!40101 SET @OLD_CHARACTER_SET_RESULTS=@@CHARACTER_SET_RESULTS */;
/*!40101 SET @OLD_COLLATION_CONNECTION=@@COLLATION_CONNECTION */;
/*!50503 SET NAMES utf8mb4 */;
/*!40103 SET @OLD_TIME_ZONE=@@TIME_ZONE */;
/*!40103 SET TIME_ZONE='+00:00' */;
/*!40014 SET @OLD_UNIQUE_CHECKS=@@UNIQUE_CHECKS, UNIQUE_CHECKS=0 */;
/*!40014 SET @OLD_FOREIGN_KEY_CHECKS=@@FOREIGN_KEY_CHECKS, FOREIGN_KEY_CHECKS=0 */;
/*!40101 SET @OLD_SQL_MODE=@@SQL_MODE, SQL_MODE='NO_AUTO_VALUE_ON_ZERO' */;
/*!40111 SET @OLD_SQL_NOTES=@@SQL_NOTES, SQL_NOTES=0 */;

--
-- Table structure for table `b_book`
--

DROP TABLE IF EXISTS `b_book`;
/*!40101 SET @saved_cs_client     = @@character_set_client */;
/*!50503 SET character_set_client = utf8mb4 */;
CREATE TABLE `b_book` (
  `id` bigint unsigned NOT NULL AUTO_INCREMENT,
  `tid` bigint unsigned DEFAULT NULL,
  `category_id` bigint unsigned DEFAULT NULL,
  `first_chapter_id` bigint unsigned DEFAULT NULL,
  `type_details` int DEFAULT '1' COMMENT '            - 小说\n            - 诗歌\n            - 散文\n            - 童话\n            - 传记',
  `writer_id` bigint unsigned DEFAULT NULL,
  `name` varchar(64) COLLATE utf8mb4_general_ci DEFAULT NULL,
  `icon` longtext COLLATE utf8mb4_general_ci,
  `hidden_words` varchar(255) COLLATE utf8mb4_general_ci DEFAULT NULL,
  `summary` longtext COLLATE utf8mb4_general_ci,
  `sort` int DEFAULT NULL,
  `scope` int unsigned DEFAULT NULL,
  `status` int NOT NULL DEFAULT '1' COMMENT '1 ok 2 off 3 home show',
  `theme` varchar(255) COLLATE utf8mb4_general_ci DEFAULT NULL COMMENT '#96b97d,dark,#f6f4f0,dark\n\ntop:light\ntop:dark\nnav:light\nnav:dark',
  `click_num` bigint unsigned NOT NULL DEFAULT '0',
  `publish_time` varchar(16) COLLATE utf8mb4_general_ci DEFAULT NULL,
  `created_at` datetime DEFAULT NULL,
  `updated_at` timestamp NULL DEFAULT CURRENT_TIMESTAMP,
  `ex1` varchar(64) COLLATE utf8mb4_general_ci DEFAULT NULL,
  PRIMARY KEY (`id`),
  KEY `tid` (`tid`),
  KEY `category_id` (`category_id`),
  KEY `writer_id` (`writer_id`),
  CONSTRAINT `b_book_ibfk_1` FOREIGN KEY (`tid`) REFERENCES `t_time_history` (`id`) ON DELETE CASCADE,
  CONSTRAINT `b_book_ibfk_2` FOREIGN KEY (`category_id`) REFERENCES `b_book_category` (`id`) ON DELETE CASCADE,
  CONSTRAINT `b_book_ibfk_3` FOREIGN KEY (`writer_id`) REFERENCES `b_writer` (`id`) ON DELETE CASCADE
) ENGINE=InnoDB AUTO_INCREMENT=37 DEFAULT CHARSET=utf8mb4 COLLATE=utf8mb4_general_ci;
/*!40101 SET character_set_client = @saved_cs_client */;

--
-- Dumping data for table `b_book`
--

LOCK TABLES `b_book` WRITE;
/*!40000 ALTER TABLE `b_book` DISABLE KEYS */;
INSERT INTO `b_book` (`id`, `tid`, `category_id`, `first_chapter_id`, `type_details`, `writer_id`, `name`, `icon`, `hidden_words`, `summary`, `sort`, `scope`, `status`, `theme`, `click_num`, `publish_time`, `created_at`, `updated_at`, `ex1`) VALUES (2,3,1,1,0,7,'小王子','file/2022/01/fGg9RV.png','','法国贵族、作家、诗人及飞行员安托万·德·圣埃克絮佩里创作的一部中篇小说。',10,0,3,'#96b97d,#000,#f6f4f0,#000',0,'1943','2022-01-07 12:25:39','2022-01-17 10:38:34',''),(3,5,1,30,0,8,'格林童话','file/2022/01/AAelFN.png','','德国格林兄弟出版的一部著名童话集，首版出版于1812年。全书共收录童话200余则。',9,0,3,'#a6a6b0,#000,#e2e2e2,#000',0,'1812','2022-01-07 12:56:56','2022-01-24 11:30:02',''),(5,7,1,78,0,9,'安徒生童话','file/2022/01/WLB12M.png','','《安徒生童话》是丹麦作家安徒生的童话作品，也是世界上最有名的童话作品集之一。',9,0,3,'#7A58BF,#000,#F6F3FC,#000',0,'1837','2022-01-07 13:14:21','2022-01-17 10:56:17',''),(6,9,1,0,0,10,'草房子','file/2022/01/dcM2i3.png','','故事发生在油麻地，本书通过对主人公男孩桑桑的六年小学生活的描写，讲述了五个孩子，桑桑、秃鹤、杜小康、细马、纸月和油麻地的老师蒋一轮、白雀关系的纠缠和孩子们苦痛的成长历程。',0,0,3,'#96b97d,#000,#f6f4f0,#000',0,'2011','2022-01-07 13:19:08','2022-01-24 11:26:08',''),(7,11,1,0,0,11,'昆虫记','file/2022/01/0VybZH.png','','作品涵盖了法布尔一生对昆虫的观察与研究，也是作品主要中心；当中也穿插了许多法布尔人生的种种经历，包括童年时期、教书的时期。',0,0,3,'#96b97d,#000,#f6f4f0,#000',0,'1879','2022-01-07 13:30:29','2022-01-17 08:39:31',''),(8,13,2,0,0,12,'魔戒','file/2022/01/M97Ca1.png','','这个故事的原文名称“The Lord of the Rings”（指环王）指明了最主要的反派角色——堕落的神明索隆，他创造了一枚戒指来统领其他戒指，并以此作为对抗甚至统治中土大陆的终极武器。故事开始于平静的夏尔，一个类似英国乡村的霍比特家园，随着指环王的争夺而横跨了整个中土大陆。主角包括霍比特人佛罗多·巴金斯、山姆怀斯·甘姆齐、梅里雅达克·烈酒鹿、皮平和他们的同伴游侠阿拉贡、矮人吉姆利、精灵莱戈拉斯，还有巫师甘道夫。',0,0,3,'#96b97d,#000,#f6f4f0,#000',0,'1954','2022-01-07 13:38:36','2022-01-17 08:39:51',''),(9,15,2,0,0,13,'哈利·波特','file/2022/01/yby1gB.png','','故事讲述了哈利·波特在霍格沃茨魔法学校7年学习生活中的冒险故事',0,0,3,'#96b97d,#000,#f6f4f0,#000',0,'1997','2022-01-07 13:45:59','2022-01-17 08:40:01',''),(10,17,2,0,0,14,'西游记','file/2022/01/TQBi9R.png','','讲述唐三藏与徒弟孙悟空、猪八戒和沙悟净等师徒四人前往西天取经的故事，表现了惩恶扬善的古老主题。',0,0,3,'#96b97d,#000,#f6f4f0,#000',0,'1592*','2022-01-07 13:50:19','2022-01-17 08:40:10',''),(11,19,3,0,0,15,'傲慢与偏见','file/2022/01/YhjGUp.png','','主要讲述了乡绅之女伊丽莎白·贝内特和富有的达西先生的爱情故事，反映了19世纪英格兰摄政时代英国乡绅阶层的礼节、成长、教育、道德、婚姻的情态。',0,0,3,'#96b97d,#000,#f6f4f0,#000',0,'1913','2022-01-07 13:56:45','2022-01-17 08:40:43',''),(12,21,3,0,0,16,'飘','file/2022/01/P9C4Gx.png','希娜拉！我忘了多少风流云散的事情','小说以亚特兰大以及附近的一个种植园为故事场景，描绘了内战前后美国南方人的生活。',0,0,3,'#96b97d,#000,#f6f4f0,#000',0,'1936','2022-01-07 14:08:15','2022-01-17 08:40:33',''),(13,23,3,0,0,17,'简·爱','file/2022/01/gT0O9w.png','','简·爱是个孤女，从小被寄养在盖茨海德庄园舅妈里德太太家，笼罩在被舅母虐待的阴影下，十岁那年被送进了罗伍德（Lowood）寄宿学校，院长布洛克赫是个自私残忍的人。她经历了种种折磨，她的好友海伦死于肺病……',0,0,3,'#96b97d,#000,#f6f4f0,#000',0,'1847','2022-01-07 14:17:25','2022-01-17 08:41:00',''),(14,25,3,0,0,18,'巴黎圣母院 ','file/2022/01/QfePpe.png','','故事的场景设定在1482年的巴黎圣母院，内容环绕一名吉卜赛少女（爱丝梅拉达）和由副主教（克洛德‧弗罗洛）养大的圣母院驼背敲钟人（加西莫多）。',0,0,3,'#96b97d,#000,#f6f4f0,#000',0,'1831','2022-01-07 14:39:53','2022-01-17 08:41:17',''),(15,27,4,0,0,19,'战争与和平','file/2022/01/vgKjRb.png','','故事以1812年的俄国卫国战争为中心，通过记叙1805年至1820年的重大事件，包括奥斯特利茨战役、博罗金诺战役、莫斯科大火、拿破仑溃退等。展示了当时俄国社会的风貌。',0,0,3,'#96b97d,#000,#f6f4f0,#000',0,'1865','2022-01-07 14:44:15','2022-01-17 08:42:31',''),(16,29,4,0,0,20,'三国演义','file/2022/01/NVVUhS.png','','故事背景由公元184年东汉末年黄巾之乱开始，至公元280年西晋统一，共96年历史，以儒家政治道德观念为核心主旨，同时揉合千百年来广大民众心理，表现对昏君贼臣大乱天下的痛恨，对明君良臣清平世界的渴慕。',0,0,3,'#96b97d,#000,#f6f4f0,#000',0,'1349','2022-01-07 14:47:50','2022-01-17 08:42:39',''),(17,31,4,0,0,21,'双城记','file/2022/01/rcwCm1.png','','故事中将巴黎、伦敦两个大城市连结起来，围绕着曼奈特医生一家和以德法奇夫妇为首的圣安东尼区展开故事。小说里描写了贵族如何败坏、如何残害百姓，人民心中积压对贵族的刻骨仇恨，导致了不可避免的法国大革命，以及随后革命党人对前贵族采取的残暴行为。本书的主要思想是为了爱而自我牺牲，书名中的“双城”指的是巴黎与伦敦。',0,0,3,'#96b97d,#000,#f6f4f0,#000',0,'1859','2022-01-07 14:52:58','2022-01-17 08:42:49',''),(18,33,5,0,0,22,'富兰克林自传','file/2022/01/nwethv.png','','本杰明·富兰克林在 1771 年至 1790 年间所写的关于自己生平未完成记录的传统名称；然而，富兰克林本人似乎将这部作品称为他的回忆录。尽管它在富兰克林死后有着曲折的出版历史，但它已成为有史以来最著名和最有影响力的自传之一。',0,0,3,'#96b97d,#000,#f6f4f0,#000',0,'1791','2022-01-07 15:00:22','2022-01-17 08:43:00',''),(19,36,5,0,0,23,'童年','file/2022/01/ylbZBs.png','','该作讲述了阿廖沙（高尔基的乳名）三岁到十岁这一时期的童年生活，生动地再现了19世纪七八十年代沙俄下层人民的生活状况，写出了高尔基对苦难的认识，对社会人生的独特见解，字里行间涌动着一股生生不息的热望与坚强。',0,0,3,'#96b97d,#000,#f6f4f0,#000',0,'1913','2022-01-07 15:06:56','2022-01-17 08:44:33',''),(20,37,5,0,0,23,'母亲','file/2022/01/QL0JEw.png','','小说取材于1902年高尔基的家乡诺夫戈罗德附近的索尔莫夫镇的“五一”游行。游行的领导人扎洛莫夫等被捕，同年10月被判处终生流放。高尔基在游行前就听说过扎洛莫夫，游行以后，他和继续儿子事业的扎洛莫夫的母亲安娜有了交往。《母亲》就是以扎洛莫夫的事迹为基础写成。',0,0,3,'#96b97d,#000,#f6f4f0,#000',0,'1906','2022-01-07 15:08:56','2022-01-17 08:44:54',''),(21,38,5,0,0,23,'我的大学','file/2022/01/JqPvb2.png','','《我的大学》是前苏联作家马克西姆·高尔基创作的自传体小说《人生三部曲》中的最后一部。其余两部为《童年》、《在人间》，该书首次出版于1923年。\n\n该书中作者描写了他青年时代的生活经历。从这个被真实记述下来的过程中，可以看出青少年时代的高尔基对小市民习气的深恶痛绝，对自由的热烈追求，对美好生活的强烈向往。',0,0,3,'#96b97d,#000,#f6f4f0,#000',0,'1923','2022-01-07 15:10:26','2022-01-17 08:45:05',''),(22,39,5,0,0,23,'在人间','file/2022/01/3qsZ4Z.png','','小说描述的是主人公阿廖沙1871年到1884年的生活。这段时期他为了生活，靠与外祖母一起摘野果出去卖糊口，他当过绘图师的学徒，在一艘船上干过洗碗工，还做过圣像作坊徒工。在人生的道路上，他历尽坎坷，与社会底层形形色色的人们打交道，但他一有机会就阅读大量的书籍。生活的阅历和大量的阅读扩展了阿廖沙的视野，他决心“要做一个坚强的人，不要为环境所屈服”。他怀着这样的坚定信念，离开家乡奔赴喀山。',0,0,3,'#96b97d,#000,#f6f4f0,#000',0,'1916','2022-01-07 15:13:07','2022-01-17 08:45:16',''),(23,40,5,0,0,21,'匹克威克外传','file/2022/01/gt2ZnF.png','','全书透过天真善良、不谙世事的匹克威克（Samuel Pickwick）与三位朋友外出旅行途中的一连串遭遇，描写了当时英国的社会生活与风俗民情；本书主人翁匹克威克与骗子金格尔（Alfred Jingle）一次又一次的较量，使得本书具有高度可读性，狄更斯在《匹克威克外传》中充分表达了他的人道主义精神。',0,0,3,'#96b97d,#000,#f6f4f0,#000',0,'1836','2022-01-07 15:16:23','2022-01-17 08:45:29',''),(24,41,5,0,0,21,'远大前程','file/2022/01/ysSHcS.png','','故事背景为1812年耶诞节前夕至1840年冬天，主角孤儿皮普（Pip）以自传式手法，叙述从7岁开始的三个人生阶段。',0,0,3,'#96b97d,#000,#f6f4f0,#000',0,'1860','2022-01-07 15:18:56','2022-01-17 08:45:45',''),(25,42,5,0,0,21,'董贝父子','file/2022/01/lk9XCb.png','','这部小说描绘了19世纪英国工业社会中各个相互联系的侧面，有富可敌国的大资本家，有被资本家排挤的小商家，也有在生存线边缘苟活的乞丐。\n\n主角董贝先生是英国伦敦一个从事批发、零售和出口事业的公司的老板，他拥有巨大的财富，成了一位骄傲的人物，但他却无法跟自己的子女相处，无法了解子女们想要的是什么，造成了家庭悲剧，只有在他破产的时候，才得到了宝贵的父女之爱。',0,0,3,'#96b97d,#000,#f6f4f0,#000',0,'1848','2022-01-07 15:20:36','2022-01-17 08:45:58',''),(26,43,5,0,0,21,'雾都孤儿','file/2022/01/PGzcOa.png','','故事记叙了一位孤儿奥利佛·他斯特在济贫院的悲惨经历，以及随后在殡仪馆的遭遇。他逃到伦敦后遇到了少年犯头子小扒手道奇（Jack Dawkins）。天真无辜的奥利佛被他们带到了教唆犯费金（Fagin）的老巢。\n小说揭露了狄更斯时代伦敦大量孤儿的悲惨生活。',0,0,3,'#96b97d,#000,#f6f4f0,#000',0,'1837','2022-01-07 15:22:44','2022-01-17 08:46:27',''),(27,45,6,0,0,24,'神秘岛','file/2022/01/eE5CiB.png','','故事主要描绘了5名美国人在南太平洋荒岛上的冒险。时间设在南北战争里士满围城战，主角通过偷走气球逃亡。',0,0,3,'#96b97d,#000,#f6f4f0,#000',0,'1874','2022-01-07 15:26:00','2022-01-17 08:46:43',''),(28,46,6,0,0,24,'环游世界八十天','file/2022/01/uM0Bm6.png','','英国一位名叫菲利斯·福格（Phileas Fogg）的绅士，这位绅士非常富有，同时也是改良俱乐部的会员，但有着古怪的个性。福格在俱乐部内以两万英镑打赌80天能够环游世界，他与仆人路路通（Passepartout）便踏上环游世界之路。',0,0,3,'#96b97d,#000,#f6f4f0,#000',0,'1873','2022-01-07 15:29:26','2022-01-28 11:10:55',''),(29,47,7,0,0,24,'从地球到月球','file/2022/01/u5tZcb.png','','小说记叙了后美国内战时代，巴尔的摩大炮俱乐部的主席巴比康和其竞争对手、费城的铠甲制造商尼切尔船长以及一个法国人迈克尔乘坐一枚由巨大大炮发射的中空的炮弹飞向月球的故事。\n\n鲁迅于1903年翻译。',0,0,3,'#96b97d,#000,#f6f4f0,#000',0,'1865','2022-01-07 15:31:59','2022-01-17 08:47:10',''),(30,49,10,0,0,25,'小狗钱钱','file/2022/01/WGQlvU.png','','吉娅是一个普通的12岁女孩，一次偶然的机会，她救助了一只受伤的小狗，并给它取名叫“钱钱”。没想到，钱钱居然是一位深藏不露的理财高手，它彻底改变了吉娅一家人的财富命运……',0,0,3,'#96b97d,#000,#f6f4f0,#000',0,'2009','2022-01-07 15:35:16','2022-01-17 08:47:21',''),(31,51,3,0,0,26,'射雕英雄传','file/2022/01/wvhdgb.png','','南宋时期，惨遭灭门横祸的郭靖、杨康分别在江南七怪与全真教道士丘处机的教养下成人。18年后，郭靖奉师命南下。杨康却贪恋富贵，认贼作父。郭靖与黄蓉一见如故，彼此倾心，但因华筝之婚约在先，以及江南七怪的反对等多种因素，两人情感可谓一波三折。五位师父被害于桃花岛，郭靖愤而离开黄蓉。这一对两情相悦的青年，经历了坎坷磨难，才修成正果。恶言恶行的杨康，也难逃惨死在嘉兴铁枪庙中的命运。郭靖随黄蓉故国万里行，遍识天下武林高人，武功日见提升，终于得以报杀父深仇，消师门积怨，夺《武穆遗书》，率大军西征，承亡母之教，上华山论剑，救襄阳国难。这位原本纯朴憨厚、木讷愚钝的射雕英雄，变成一个为国为民、悲天悯人的侠之大者。',0,0,3,'#96b97d,#000,#f6f4f0,#000',0,'1957','2022-01-07 15:43:59','2022-01-17 08:41:29',''),(32,52,3,0,0,26,'神雕侠侣','file/2022/01/RY6OnT.png','','小说的主脉写的是杨康之遗孤杨过与其师小龙女之间的爱情故事。杨过14岁起师从18岁的小龙女，于古墓派之中苦练武功，师徒二人情深义重、日久生情，却无奈于江湖阴鸷险恶、蒙古铁骑来犯使得有情之人难成眷属。历经一番坎坷与磨难的考验，杨过冲破封建礼教之禁锢，最终与小龙女由师徒变为“侠侣”。同时，在这段磨难经历中，杨过也消除了对郭靖、黄蓉夫妇的误会，在家仇与国难间作出抉择，成为真正的“侠之大者”。',0,0,3,'#96b97d,#000,#f6f4f0,#000',0,'1959','2022-01-07 15:46:12','2022-01-17 08:41:42',''),(33,53,3,0,0,26,'倚天屠龙记','file/2022/01/R7gcut.png','','时代背景为元朝末年，《神雕侠侣》结尾的近百年后。故事围绕两样兵器屠龙刀和倚天剑。出场的真实历史人物包括张三丰、朱元璋、陈友谅、常遇春、徐达、汝阳王察罕帖木儿、王保保、韩林儿等等。设定中的当时社会之焦点主要是以明教为首的“邪派”和以少林、武当为首的正派之争，以及明教起义军和元朝蒙古朝廷的对抗。涉及的武林秘笈包括《九阳真经》、《九阴真经》、《七伤拳谱》等等。',0,0,3,'#96b97d,#000,#f6f4f0,#000',0,'1961','2022-01-07 15:49:20','2022-01-28 10:48:07',''),(34,54,3,0,0,26,'天龙八部','file/2022/01/T6NGUw.png','','本书故事发生于北宋哲宗元祐、绍圣年间，公元1094年前后。\n\n小说开头段誉结识钟灵时，两人的对话中表明钟灵十六岁，段誉十九岁，后段正淳回忆自己十六年前的春天遇到甘宝宝，年底甘生钟灵，因此可以确定故事开始于辛未年年底；天龙寺一战后，鸠摩智耗时一个半月把段誉从大理带到苏州，段誉与萧峯结拜时为19岁，萧峯比他大11岁为30岁，冬天，萧峯误伤阿紫；“次年初夏”，萧峯猎熊时遇耶律洪基，二人结拜，当年秋季，萧峯助辽帝平叛，冬天游坦之行刺；又次年虚竹在西夏皇宫遇公主时24岁，同年稍后与段誉结拜时比段誉大三岁，再下一年，三月清明，银川公主招亲，五月段誉回到大理继位，秋天萧峯被囚，一个半月后群雄救出萧峯，当年年底在雁门关外整个故事完结。',0,0,3,'#96b97d,#000,#f6f4f0,#000',0,'1963','2022-01-07 15:51:29','2022-01-17 08:42:03',''),(35,55,3,0,0,26,'笑傲江湖','file/2022/01/PfGVsw.png','','小说男主角令狐冲出身于五岳剑派之一的华山派，师父为“君子剑”岳不群。其时少林、武当、五岳剑派等“名门正派”与“魔教”日月神教之间的斗争正炙，门户之别极严。令狐冲行走江湖，结识田伯光、桃谷六仙、不戒和尚等人物，并且在不知情下与日月神教圣姑任盈盈相识相恋，因而遭乃师误解，破门出派……',0,0,3,'#96b97d,#000,#f6f4f0,#000',0,'1967','2022-01-07 15:56:31','2022-01-28 10:49:31',''),(36,57,1,0,0,33,'老人与海2','file/2022/01/5jiNlJ.png','','《老人与海》是海明威于1951年在古巴写的一篇中篇小说，于1952年出版。是海明威最著名的作品之一。',0,0,3,'#96b97d,#000,#f6f4f0,#000',0,'1951','2022-01-10 12:41:59','2022-01-27 07:27:11','');
/*!40000 ALTER TABLE `b_book` ENABLE KEYS */;
UNLOCK TABLES;

--
-- Table structure for table `b_book_category`
--

DROP TABLE IF EXISTS `b_book_category`;
/*!40101 SET @saved_cs_client     = @@character_set_client */;
/*!50503 SET character_set_client = utf8mb4 */;
CREATE TABLE `b_book_category` (
  `id` bigint unsigned NOT NULL AUTO_INCREMENT,
  `name` varchar(64) COLLATE utf8mb4_general_ci DEFAULT NULL,
  `icon` varchar(255) COLLATE utf8mb4_general_ci DEFAULT NULL,
  `color` varchar(64) COLLATE utf8mb4_general_ci DEFAULT NULL,
  `hidden_words` varchar(255) COLLATE utf8mb4_general_ci DEFAULT NULL,
  `type` int DEFAULT NULL COMMENT '1童话与儿童 2魔法与幻想 3战争与历史 4浪漫与爱情 5诗歌与艺术 6动作与冒险 7人物的故事 8动作与冒险 9神秘与侦探 10 科幻与宇宙 11惊悚与犯罪 12经济与理财 13时间的痕迹 14武器库 15问题与答案',
  `sort` int DEFAULT NULL,
  `status` int DEFAULT NULL,
  `created_at` datetime DEFAULT NULL,
  `updated_at` timestamp NULL DEFAULT CURRENT_TIMESTAMP,
  PRIMARY KEY (`id`)
) ENGINE=InnoDB AUTO_INCREMENT=14 DEFAULT CHARSET=utf8mb4 COLLATE=utf8mb4_general_ci;
/*!40101 SET character_set_client = @saved_cs_client */;

--
-- Dumping data for table `b_book_category`
--

LOCK TABLES `b_book_category` WRITE;
/*!40000 ALTER TABLE `b_book_category` DISABLE KEYS */;
INSERT INTO `b_book_category` (`id`, `name`, `icon`, `color`, `hidden_words`, `type`, `sort`, `status`, `created_at`, `updated_at`) VALUES (1,'童话与儿童','','','',1,1,1,'2022-01-06 19:49:08','2022-01-24 12:52:52'),(2,'魔法与幻想','','','',2,2,1,'2022-01-06 19:49:17','2022-01-12 10:57:45'),(3,'浪漫与爱情','','','',3,3,1,'2022-01-06 19:49:26','2022-01-12 10:59:33'),(4,'战争与艺术','','','',4,4,1,'2022-01-06 19:49:38','2022-01-12 10:59:37'),(5,'人物的故事','','','',5,5,1,'2022-01-06 19:49:51','2022-01-12 10:59:42'),(6,'动作与冒险','','','',6,6,1,'2022-01-06 19:50:04','2022-01-12 10:59:45'),(7,'科幻与宇宙','','','',7,7,1,'2022-01-06 19:50:13','2022-01-12 10:59:49'),(8,'神秘与侦探','','','',8,8,1,'2022-01-06 19:50:24','2022-01-12 10:59:53'),(9,'惊悚与犯罪','','','',9,9,1,'2022-01-06 19:50:42','2022-01-12 11:00:02'),(10,'经济与理财','','','',10,10,1,'2022-01-06 19:50:54','2022-01-12 11:00:10'),(11,'时间的裂痕','','','',11,0,1,'2022-01-06 19:51:35','2022-01-06 11:51:35'),(12,'问题与答案','','','',12,0,1,'2022-01-06 19:51:51','2022-01-06 11:51:51'),(13,'武器库','','','',13,0,1,'2022-01-06 19:51:58','2022-01-24 12:52:04');
/*!40000 ALTER TABLE `b_book_category` ENABLE KEYS */;
UNLOCK TABLES;

--
-- Table structure for table `b_book_chapter`
--

DROP TABLE IF EXISTS `b_book_chapter`;
/*!40101 SET @saved_cs_client     = @@character_set_client */;
/*!50503 SET character_set_client = utf8mb4 */;
CREATE TABLE `b_book_chapter` (
  `id` bigint unsigned NOT NULL AUTO_INCREMENT,
  `book_id` bigint unsigned DEFAULT NULL,
  `name` varchar(64) COLLATE utf8mb4_general_ci DEFAULT NULL,
  `hidden_words` varchar(255) COLLATE utf8mb4_general_ci DEFAULT NULL,
  `sort` int DEFAULT NULL,
  `type` int DEFAULT NULL COMMENT '1zh 2en',
  `created_at` datetime DEFAULT NULL,
  `updated_at` timestamp NULL DEFAULT CURRENT_TIMESTAMP,
  PRIMARY KEY (`id`),
  KEY `book_id` (`book_id`),
  CONSTRAINT `b_book_chapter_ibfk_1` FOREIGN KEY (`book_id`) REFERENCES `b_book` (`id`) ON DELETE CASCADE
) ENGINE=InnoDB AUTO_INCREMENT=81 DEFAULT CHARSET=utf8mb4 COLLATE=utf8mb4_general_ci;
/*!40101 SET character_set_client = @saved_cs_client */;

--
-- Dumping data for table `b_book_chapter`
--

LOCK TABLES `b_book_chapter` WRITE;
/*!40000 ALTER TABLE `b_book_chapter` DISABLE KEYS */;
INSERT INTO `b_book_chapter` (`id`, `book_id`, `name`, `hidden_words`, `sort`, `type`, `created_at`, `updated_at`) VALUES (1,2,'序言','',0,0,'2022-01-10 13:16:04','2022-01-16 08:49:06'),(2,2,'第一章','',0,0,'2022-01-10 13:17:07','2022-01-10 07:10:50'),(3,2,'第二章','',0,0,'2022-01-10 13:31:36','2022-01-10 07:11:05'),(4,2,'第三章','',0,0,'2022-01-10 13:35:16','2022-01-10 07:11:20'),(5,2,'第四章','',0,0,'2022-01-10 13:36:17','2022-01-10 07:11:32'),(6,2,'第五章','',0,0,'2022-01-10 13:36:41','2022-01-10 07:11:45'),(7,2,'第六章','',0,0,'2022-01-10 13:37:15','2022-01-10 07:11:57'),(8,2,'第七章','',0,0,'2022-01-10 13:37:36','2022-01-10 07:12:12'),(9,2,'第八章','',0,0,'2022-01-10 13:37:56','2022-01-10 07:12:32'),(10,2,'第九章','',0,0,'2022-01-10 13:38:14','2022-01-10 07:12:45'),(11,2,'第十章','',0,0,'2022-01-10 13:38:51','2022-01-10 07:13:02'),(12,2,'第十一章','',0,0,'2022-01-10 13:39:16','2022-01-10 07:13:12'),(13,2,'第十二章','',0,0,'2022-01-10 13:39:53','2022-01-10 07:13:21'),(14,2,'第十三章','',0,0,'2022-01-10 13:40:18','2022-01-10 07:13:35'),(15,2,'第十四章','',0,0,'2022-01-10 13:40:36','2022-01-10 07:13:46'),(16,2,'第十五章','',0,0,'2022-01-10 13:40:58','2022-01-10 07:13:59'),(17,2,'第十六章','',0,0,'2022-01-10 13:41:14','2022-01-10 07:14:09'),(18,2,'第十七章','',0,0,'2022-01-10 13:43:09','2022-01-10 07:15:40'),(19,2,'第十八章','',0,0,'2022-01-10 13:43:28','2022-01-10 07:15:53'),(20,2,'第十九章','',0,0,'2022-01-10 13:43:49','2022-01-10 07:16:04'),(21,2,'第二十章','',0,0,'2022-01-10 13:44:28','2022-01-10 07:16:13'),(22,2,'第二十一章','',0,0,'2022-01-10 13:44:47','2022-01-10 07:16:24'),(23,2,'第二十二章','',0,0,'2022-01-10 13:45:54','2022-01-10 07:16:39'),(24,2,'第二十三章','',0,0,'2022-01-10 13:46:19','2022-01-10 07:16:49'),(25,2,'第二十四章','',0,0,'2022-01-10 13:46:39','2022-01-10 07:16:59'),(26,2,'第二十五章','',0,0,'2022-01-10 13:47:15','2022-01-10 07:17:11'),(27,2,'第二十六章','',0,0,'2022-01-10 13:47:33','2022-01-10 07:17:22'),(28,2,'第二十七章','',0,0,'2022-01-10 13:47:53','2022-01-10 07:17:35'),(29,2,'第二十八章','',0,0,'2022-01-10 13:48:08','2022-01-10 07:17:52'),(30,3,'三件宝','',0,0,'2022-01-10 14:03:31','2022-01-10 07:07:14'),(31,3,'百灵鸟','',0,0,'2022-01-10 14:06:11','2022-01-10 07:19:12'),(32,3,'布勒门的音乐家','',0,0,'2022-01-10 14:07:03','2022-01-10 07:22:23'),(33,3,'小鹿弟弟','',0,0,'2022-01-10 14:07:26','2022-01-10 07:22:36'),(34,3,'睡美人','',0,0,'2022-01-10 14:07:49','2022-01-10 07:22:47'),(35,3,'裁缝和鞋匠','',0,0,'2022-01-10 14:08:11','2022-01-10 07:23:01'),(36,3,'榛树枝','',0,0,'2022-01-10 14:08:42','2022-01-10 07:23:12'),(37,3,'老妈妈','',0,0,'2022-01-10 14:09:03','2022-01-10 07:23:23'),(39,3,'圣母的小酒杯','',0,0,'2022-01-10 14:12:16','2022-01-10 07:23:38'),(40,3,'三根绿枝','',0,0,'2022-01-10 14:12:57','2022-01-10 07:24:03'),(41,3,'上帝的食物','',0,0,'2022-01-10 14:13:21','2022-01-10 07:24:15'),(42,3,'十二门徒','',0,0,'2022-01-10 14:13:42','2022-01-10 07:25:06'),(43,3,'森林中的圣约瑟','',0,0,'2022-01-10 14:14:14','2022-01-10 07:25:33'),(44,3,'金钥匙','',0,0,'2022-01-10 14:14:38','2022-01-10 07:25:44'),(45,3,'牛皮靴','',0,0,'2022-01-10 14:15:15','2022-01-10 07:26:04'),(46,3,'少女玛琳','',0,0,'2022-01-10 14:17:28','2022-01-10 07:26:50'),(47,3,'贫穷和谦卑指引天堂之路','',0,0,'2022-01-10 15:24:54','2022-01-10 07:24:54'),(48,3,'水晶球','',0,0,'2022-01-10 15:27:25','2022-01-10 07:27:25'),(49,3,'老汉伦克朗','',0,0,'2022-01-10 15:28:01','2022-01-10 07:28:01'),(50,3,'坟','',0,0,'2022-01-10 15:28:36','2022-01-10 07:28:36'),(51,3,'麦穗的故事','',0,0,'2022-01-10 15:28:59','2022-01-10 07:28:59'),(52,3,'鼓手','',0,0,'2022-01-10 15:29:31','2022-01-10 07:29:31'),(53,3,'智者神偷','',0,0,'2022-01-10 15:29:55','2022-01-10 07:29:55'),(54,3,'小海兔的故事','',0,0,'2022-01-10 15:30:13','2022-01-10 07:30:13'),(55,3,'农夫与魔鬼','',0,0,'2022-01-10 15:30:30','2022-01-10 07:30:30'),(56,3,'纺锤、梭子和针','',0,0,'2022-01-10 15:30:52','2022-01-10 07:30:52'),(57,3,'野兔和刺猬','',0,0,'2022-01-10 15:31:12','2022-01-10 07:31:12'),(58,3,'真新娘','',0,0,'2022-01-10 15:31:30','2022-01-10 07:31:30'),(59,3,'钉子','',0,0,'2022-01-10 15:31:56','2022-01-10 07:31:56'),(60,3,'巨人和裁缝','',0,0,'2022-01-10 15:32:13','2022-01-10 07:32:13'),(61,3,'小人儿的礼物','',0,0,'2022-01-10 15:32:29','2022-01-10 07:32:29'),(62,3,'池中水妖','',0,0,'2022-01-10 15:32:47','2022-01-10 07:32:47'),(63,3,'夏娃的孩子们','',0,0,'2022-01-10 15:33:03','2022-01-10 07:33:03'),(64,3,'井边的牧鹅女','',0,0,'2022-01-10 15:33:23','2022-01-10 07:33:23'),(65,3,'鞋匠师傅','',0,0,'2022-01-10 15:33:39','2022-01-10 07:33:39'),(66,3,'死神的使者','',0,0,'2022-01-10 15:33:54','2022-01-10 07:33:54'),(67,3,'寿命','',0,0,'2022-01-10 15:34:10','2022-01-10 07:34:10'),(68,3,'猫头鹰','',0,0,'2022-01-10 15:34:26','2022-01-10 07:34:26'),(69,3,'鸬鹚和戴胜','',0,0,'2022-01-10 15:34:46','2022-01-10 07:34:46'),(70,3,'鲽鱼','',0,0,'2022-01-10 15:35:00','2022-01-10 07:35:00'),(71,3,'篱笆国王','',0,0,'2022-01-10 15:35:17','2022-01-10 07:35:17'),(72,3,'同甘共苦','',0,0,'2022-01-10 15:35:34','2022-01-10 07:35:34'),(73,3,'林中小屋','',0,0,'2022-01-10 15:35:55','2022-01-10 07:35:55'),(74,3,'瘦莉莎','',0,0,'2022-01-10 15:36:32','2022-01-10 07:36:32'),(75,3,'天堂里的农夫','',0,0,'2022-01-10 15:36:54','2022-01-10 07:36:54'),(76,3,'壮士汉斯','',0,0,'2022-01-10 15:37:11','2022-01-10 07:37:11'),(77,3,'怪鸟格莱弗','',0,0,'2022-01-10 15:39:30','2022-01-10 07:39:30'),(78,5,'冰雪女王','',0,0,'2022-01-10 15:42:08','2022-01-10 07:42:08'),(79,5,'皇帝的新装','',0,0,'2022-01-10 15:44:15','2022-01-10 07:44:15'),(80,5,'丑小鸭','',0,0,'2022-01-10 15:44:53','2022-01-24 06:06:02');
/*!40000 ALTER TABLE `b_book_chapter` ENABLE KEYS */;
UNLOCK TABLES;

--
-- Table structure for table `b_book_content`
--

DROP TABLE IF EXISTS `b_book_content`;
/*!40101 SET @saved_cs_client     = @@character_set_client */;
/*!50503 SET character_set_client = utf8mb4 */;
CREATE TABLE `b_book_content` (
  `id` bigint unsigned NOT NULL AUTO_INCREMENT,
  `chapter_id` bigint unsigned DEFAULT NULL,
  `summary` varchar(64) COLLATE utf8mb4_general_ci DEFAULT NULL,
  `content` longtext COLLATE utf8mb4_general_ci,
  `type` int DEFAULT NULL COMMENT '1文字 2链接',
  `created_at` datetime DEFAULT NULL,
  `updated_at` timestamp NULL DEFAULT CURRENT_TIMESTAMP,
  PRIMARY KEY (`id`),
  KEY `chapter_id` (`chapter_id`),
  CONSTRAINT `b_book_content_ibfk_1` FOREIGN KEY (`chapter_id`) REFERENCES `b_book_chapter` (`id`) ON DELETE CASCADE
) ENGINE=InnoDB AUTO_INCREMENT=81 DEFAULT CHARSET=utf8mb4 COLLATE=utf8mb4_general_ci;
/*!40101 SET character_set_client = @saved_cs_client */;

--
-- Dumping data for table `b_book_content`
--

LOCK TABLES `b_book_content` WRITE;
/*!40000 ALTER TABLE `b_book_content` DISABLE KEYS */;
INSERT INTO `b_book_content` (`id`, `chapter_id`, `summary`, `content`, `type`, `created_at`, `updated_at`) VALUES (1,1,'2','<p>请孩子们原谅我把这本书献给了一个大人。我有一条正当的理由：这个大人是我在世界上最好的朋友。我另有一条理由：这个大人什么都懂；即使儿童读物也懂。我还有第三条理由；这个大人住在法国，忍冻挨饿。他很需要有人安慰。要是这些理由还不够充分，我就把这本书献给这个大人曾经做过的孩子。每人大人都是从做孩子开始的。（然而，记得这事的又有几个呢？）</p>\n<p> 因此，我把我的献词改为： 献给童年时代的莱翁·维尔特。</p>',1,'2022-01-10 13:16:04','2022-01-16 08:49:06'),(2,2,'','<p> 当我还只有六岁的时候，在一本描写原始森林的名叫《真实的故事》的书中，看到了一副精彩的插画，画的是一条蟒蛇正在吞食一只大野兽。页头上就是那副画的摹本。</p><p> 这本书中写道：“这些蟒蛇把它们的猎获物不加咀嚼地囫囵吞下，尔后就不能再动弹了；它们就在长长的六个月的睡眠中消化这些食物。”</p><p> 当时，我对丛林中的奇遇想得很多，于是，我也用彩色铅笔画出了我的第一副图画。我的第一号作品。它是这样的：</p><p> 我把我的这副杰作拿给大人看，我问他们我的画是不是叫他们害怕。</p><p> 他们回答我说：“一顶帽子有什么可怕的？”</p><p> 我画的不是帽子，是一条巨蟒在消化着一头大象。于是我又把巨蟒肚子里的情况画了出来，以便让大人们能够看懂。这些大人总是需要解释。我的第二号作品是这样的：</p><p> 大人们劝我把这些画着开着肚皮的，或闭上肚皮的蟒蛇的图画放在一边，还是把兴趣放在地理、历史、算术、语法上。就这样，在六岁的那年，我就放弃了当画家这一美好的职业。我的第一号、第二号作品的不成功，使我泄了气。这些大人们，靠他们自己什么也弄不懂，还得老是不断地给他们作解释。这真叫孩子们腻味。</p><p> 后来，我只好选择了另外一个职业，我学会了开飞机，世界各地差不多都飞到过。的确，地理学帮了我很大的忙。我一眼就能分辨出中国和亚里桑那。要是夜里迷失了航向，这是很有用的。</p><p> 这样，在我的生活中，我跟许多严肃的人有过很多的接触。我在大人们中间生活过很长时间。我仔细地观察过他们，但这并没有使我对他们的看法有多大的改变。</p><p> 当我遇到一个头脑看来稍微清楚的大人时，我就拿出一直保存着的我那第一号作品来测试测试他。我想知道他是否真的有理解能力。可是，得到的回答总是：“这是顶帽子。”我就不和他谈巨蟒呀，原始森林呀，或者星星之类的事。我只得迁就他们的水平，和他们谈些桥牌呀，高尔夫球呀，政治呀，领带呀这些。于是大人们就十分高兴能认识我这样一个通情达理的人。</p>',1,'2022-01-10 13:17:07','2022-01-10 07:10:50'),(3,3,'','<p> 我就这样孤独地生活着，没有一个能真正谈得来的人，一直到六年前在撒哈拉沙漠上发生了那次故障。我的发动机里有个东西损坏了。当时由于我既没有带机械师也没有带旅客，我就试图独自完成这个困难的维修工作。这对我来说是个生与死的问题。我随身带的水只够饮用一星期。</p><p> 第一天晚上我就睡在这远离人间烟火的大沙漠上。我比大海中伏在小木排上的遇难者还要孤独得多。而在第二天拂晓，当一个奇怪的小声音叫醒我的时候，你们可以想见我当时是多么吃惊。这小小的声音说道：</p><p> “请你给我画一只羊，好吗？”</p><p> “啊！”</p><p> “给我画一只羊……”</p><p> 我象是受到惊雷轰击一般，一下子就站立起来。我使劲地揉了揉眼睛，仔细地看了看。我看见一个十分奇怪的小家伙严肃地朝我凝眸望着。这是后来我给他画出来的最好的一副画像。可是，我的画当然要比他本人的模样逊色得多。这不是我的过错。六岁时，大人们使我对我的画家生涯失去了勇气，除了画过开着肚皮和闭着肚皮的蟒蛇，后来再没有学过画。</p><p> 我惊奇地睁大着眼睛看着这突然出现的小家伙。你们不要忘记，我当时处在远离人烟千里之外的地方。而这个小家伙给我的印象是，他既不象迷了路的样子，也没有半点疲乏、饥渴、惧怕的神情。他丝毫不象是一个迷失在旷无人烟的大沙漠中的孩子。当我在惊讶之中终于又能说出话来的时候，对他说道：</p><p> “唉，你在这儿干什么？”</p><p> 可是他却不慌不忙地好象有一件重要的事一般，对我重复地说道：</p><p> “请……给我画一只羊……”</p><p> 当一种神秘的东西把你镇住的时候，你是不敢不听从它的支配的，在这旷无人烟的沙漠上，面临死亡的危险的情况下，尽管这样的举动使我感到十分荒诞，我还是掏出了一张纸和一支钢笔。这时我却又记起，我只学过地理、历史、算术和语法，就有点不大高兴地对小家伙说我不会画画。他回答我说：</p><p> “没有关系，给我画一只羊吧！”</p><p> 因为我从来没有画过羊，我就给他重画我所仅仅会画的两副画中的那副闭着肚皮的巨蟒。</p><p> “不，不！我不要蟒蛇，它肚子里还有一头象。”</p><p> 我听了他的话，简直目瞪口呆。他接着说：“巨蟒这东西太危险，大象又太占地方。我住的地方非常小，我需要一只羊。给我画一只羊吧。”</p><p> 我就给他画了。</p><p> 他专心地看着，随后又说：</p><p> “我不要，这只羊已经病得很重了。给我重新画一只。”</p><p> 我又画了起来。</p><p> 我的这位朋友天真可爱地笑了，并且客气地拒绝道：“你看，你画的不是小羊，是头公羊，还有犄角呢。”</p><p> 于是我又重新画了一张。</p><p> 这副画同前几副一样又被拒绝了。</p><p> “这一只太老了。我想要一只能活得长的羊。”</p><p> 我不耐烦了。因为我急于要检修发动机，于是就草草画了这张画，并且匆匆地对他说道：</p><p> “这是一只箱子，你要的羊就在里面。”</p><p> 这时我十分惊奇地看到我的这位小评判员喜笑颜开。他说：</p><p> “这正是我想要的，……你说这只羊需要很多草吗？”</p><p> “为什么问这个呢？”</p><p> “因为我那里地方非常小……”</p><p> “我给你画的是一只很小的小羊，地方小也够喂养它的。”</p><p> 他把脑袋靠近这张画。</p><p> “并不象你说的那么小……瞧！它睡着了……”</p><p> 就这样，我认识了小王子。</p>',1,'2022-01-10 13:31:36','2022-01-10 07:11:05'),(4,4,'','<p> 我费了好长时间才弄清楚他是从哪里来的。小王子向我提出了很多问题，可是，对我提出的问题，他好象压根没有听见似的。他无意中吐露的一些话逐渐使我搞清了他的来历。例如，当他第一次瞅见我的飞机时（我就不画出我的飞机了，因为这种图画对我来说太复杂），他问我道：</p><p> “这是个啥玩艺？”</p><p> “这不是‘玩艺儿’。它能飞。这是飞机。是我的飞机。”</p><p> 我当时很骄傲地告诉他我能飞。于是他惊奇地说道：</p><p> “怎么？你是从天上掉下来的？”</p><p> “是的”。我谦逊地答道。</p><p> “啊？这真滑稽。”</p><p> 此时小王子发出一阵清脆的笑声。这使我很不高兴。我要求别人严肃地对待我的不幸。然后，他又说道：</p><p> “那么，你也是从天上来的了！你是哪个星球上的？”</p><p> 即刻，对于他是从哪里来的这个秘密我隐约发现到了一点线索；于是，我就突然问道：</p><p> “你是从另一个星球上来的吗？”</p><p> 可是他不回答我的问题。他一面看着我的飞机，一面微微地点点头，接着说道：</p><p> “可不是么，乘坐这玩艺儿，你不可能是从很远的地方来的……”</p><p> 说到这里，他就长时间地陷入沉思之中。然后，从口袋里掏出了我画的小羊，看着他的宝贝入了神。</p><p> 你们可以想见这种关于“别的星球”的若明若暗的话语使我心里多么好奇。因此我竭力地想知道其中更多的奥秘。</p><p> “你是从哪里来的，我的小家伙？你的家在什么地方？你要把我的小羊带到哪里去？”</p><p> 他沉思了一会，然后回答我说：</p><p> “好在有你给我的那只箱子，夜晚可以给小羊当房子用。”</p><p> “那当然。如果你听话的话，我再给你画一根绳子，白天可以栓住它。再加上一根扦杆。”</p><p> 我的建议看来有点使小王子反感。</p><p> “栓住它，多么奇怪的主意。”</p><p> “如果你不栓住它，它就到处跑，那么它会跑丢的。”</p><p> 我的这位朋友又笑出了声：“你想要它跑到哪里去呀？”</p><p> “不管什么地方。它一直往前跑……”</p><p> 这时，小王子郑重其事地说：</p><p> “这没有什么关系，我那里很小很小。”</p><p> 接着，他略带伤感地又补充了一句：</p><p> “一直朝前走，也不会走出多远……”</p>',1,'2022-01-10 13:35:16','2022-01-10 07:11:20'),(5,5,'','<p> 我还了解到另一件重要的事，就是他老家所在的那个星球比一座房子大不了多少。</p><p> 这倒并没有使我感到太奇怪。我知道除地球、木星、火星、金星这几个有名称的大行星以外，还有成百个别的星球，它们有的小得很，就是用望远镜也很难看见。当一个天文学者发现了其中一个星星，他就给它编上一个号码，例如把它称作“325小行星”。</p><p> 我有重要的根据认为小王子所来自的那个星球是小行星B612。这颗小行星仅仅在1909年被一个土耳其天文学家用望远镜看见过一次。</p><p> 当时他曾经在一次国际天文学家代表大会上对他的发现作了重要的论证。但由于他所穿衣服的缘故，那时没有人相信他。那些大人们就是这样。</p><p> 幸好，土耳其的一个独裁者，为了小行星B612的声誉，迫使他的人民都要穿欧式服装，否则就处以死刑。1920年，这位天文学家穿了一身非常漂亮的服装，重新作了一次论证。这一次所有的人都同意他的看法。</p><p> 我给你们讲关于小行星B612的这些细节，并且告诉你们它的编号，这是由于这些大人的缘故。这些大人们就爱数目字。当你对大人们讲起你的一个新朋友时，他们从来不向你提出实质性的问题。他们从来不讲：“他说话声音如何啊？他喜爱什么样的游戏啊？他是否收集蝴蝶标本呀？”他们却问你：“他多大年纪呀？弟兄几个呀？体重多少呀？他父亲挣多少钱呀？”他们以为这样才算了解朋友。如果你对大人们说：“我看到一幢用玫瑰色的砖盖成的漂亮的房子，它的窗户上有天竺葵，屋顶上还有鸽子……”他们怎么也想象不出这种房子有多么好。必须对他们说：“我看见了一幢价值十万法郎的房子。”那么他们就惊叫道：“多么漂亮的房子啊！”</p><p> 要是你对他们说：“小王子存在的证据就是他非常漂亮，他笑着，想要一只羊。他想要一只小羊，这就证明他的存在。”他们一定会耸耸肩膀，把你当作孩子看待！但是，如果你对他们说：“小王子来自的星球就是小行星B612”，那么他们就十分信服，他们就不会提出一大堆问题来和你纠缠。他们就是这样的。小孩子们对大人们应该宽厚些，不要埋怨他们。</p><p> 当然，对我们懂得生活的人来说，我们才不在乎那些编号呢！我真愿意象讲神话那样来开始这个故事，我真想这样说：</p><p> “从前呀，有一个小王子，他住在一个和他身体差不多大的星球上，他希望有一个朋友……”对懂得生活的人来说，这样说就显得真实。</p><p> 我可不喜欢人们轻率地读我的书。我在讲述这些往事时心情是很难过的。我的朋友带着他的小羊已经离去六年了。我之所以在这里尽力把他描写出来，就是为了不要忘记他。忘记一个朋友，这太叫人悲伤了。并不是所有的人都有过一个朋友。再说，我也可能变成那些大人那样，只对数字感兴趣。也正是为了这个缘故，我买了一盒颜料和一些铅笔。象我这样年纪的人，而且除了六岁时画过闭着肚皮的和开着肚皮的巨蟒外，别的什么也没有尝试过，现在，重新再来画画，真费劲啊！当然，我一定要把这些画尽量地画得逼真，但我自己也没有把握。一张画得还可以，另一张就不象了。还有身材大小，我画得有点不准确。在这个地方小王子画得太大了些，另一个地方又画得太小了些。对他衣服的颜色我也拿不准。于是我就摸索着这么试试那么改改，画个大概齐。我很可能在某些重要的细节上画错了。这就得请大家原谅我了。因为我的这个朋友，从来也不加说明解释。他认为我同他一样。可是，很遗憾，我却不能透过盒子看见小羊。我大概有点和大人们差不多。我一定是变老了。</p>',1,'2022-01-10 13:36:17','2022-01-10 07:11:32'),(6,6,'','<p> 每天我都了解到一些关于小王子的星球，他的出走和旅行等事情。这些都是偶然从各种反应中慢慢得到的。就这样，第三天我就了解到关于猴面包树的悲剧。</p><p> 这一次又是因为羊的事情，突然小王子好象是非常担心地问我道：</p><p> “羊吃小灌木，这是真的吗？”</p><p> “是的，是真的。”</p><p> “啊，我真高兴。”</p><p> 我不明白羊吃小灌木这件事为什么如此重要。可小王子又说道：</p><p> “因此，它们也吃猴面包树罗？”我对小王子说，猴面包树可不是小灌木，而是象教堂那么大的大树；即便是带回一群大象，也啃不了一棵猴面包树。</p><p> 一群大象这种想法使小王子发笑：</p><p> “那可得把这些大象一只叠一只地垒起来。”</p><p> 他很有见识地说：</p><p> “猴面包树在长大之前，开始也是小小的。”</p><p> “不错。可是为什么你想叫你的羊去吃小猴面包树呢？”</p><p> 他回答我道：“唉！这还用说！”似乎这是不言而喻的。可是我自己要费很大的心劲才能弄懂这个问题。</p><p> 原来，在小王子的星球上就象其他所有星球上一样，有好草和坏草；因此，也就有益草的草籽和毒草的草籽，可是草籽是看不见的。它们沉睡在泥土里，直到其中的一粒忽然想要苏醒过来……于是它就伸展开身子，开始腼腆地朝着太阳长出一棵秀丽可爱的小嫩苗。如果是小萝卜或是玫瑰的嫩苗，就让它去自由地生长。如果是一棵坏苗，一旦被辨认出来，就应该马上把它拔掉。因为在小王子的星球上，有些非常</p><p> 可怕的种子……这就是猴面包树的种子。在那里的泥土里，这种种子多得成灾。而一棵猴面包树苗，假如你拔得太迟，就再也无法把它清除掉。它就会盘踞整个星球。它的树根能把星球钻透，如果星球很小，而猴面包树很多，它就把整个星球搞得支离破碎。</p><p> “这是个纪律问题。”小王子后来向我解释道。“当你早上梳洗完毕以后，必须仔细地给星球梳洗，必须规定自己按时去拔掉猴面包树苗。这种树苗小的时候与玫瑰苗差不多，一旦可以把它们区别开的时候，就要把它拔掉。这是一件非常乏味的工作，但很容易。”</p><p> 有一天，他劝我用心地画一副漂亮的图画，好叫我家乡的孩子们对这件事有一个深刻的印象。他还对我说：“如果将来有一天他们出外旅行，这对他们是很有用的。有时候，人们把自己的工作推到以后去做，并没有什么妨害，但要遇到拔猴面包树苗这种事，那就非造成大灾难不可。我遇到过一个星球，上面住着一个懒家伙，他放过了三棵小树苗……”</p><p> 于是，根据小王子的说明，我把这个星球画了下来。我从来不大愿意以道学家的口吻来说话，可是猴面包树的危险，大家都不大了解，对迷失在小行星上的人来说，危险性非常之大，因此这一回，我贸然打破了我的这种不喜欢教训人的惯例。我说：“孩子们，要当心那些猴面包树呀！”为了叫我的朋友们警惕这种危险——他们同我一样长期以来和这种危险接触，却没有意识到它的危险性——我花了很大的功夫画了这副画。我提出的这个教训意义是很重大的，花点功夫是很值得的。你们也许要问，为什么这本书中别的画都没有这副画那么壮观呢？回答很简单：别的画我也曾经试图画得好些，却没成功。而当我画猴面包树时，有一种急切的心情在激励着我。</p>',1,'2022-01-10 13:36:41','2022-01-10 07:11:45'),(7,7,'','<p> 啊！小王子，就这样，我逐渐懂得了你那忧郁的生活。过去相当长的时间里你唯一的乐趣就是观赏那夕阳西下的温柔晚景。这个新的细节，是我在第四天早晨知道的。你当时对我说道：</p><p> “我喜欢看日落。我们去看一回日落吧！”</p><p> “可是得等着……”</p><p> “等什么？”</p><p> “等太阳落山。”</p><p> 开始，你显得很惊奇的样子，随后你笑自己的糊涂。你对我说：</p><p> “我总以为是在我的家乡呢！”</p><p> 确实，大家都知道，在美国是正午时分，在法国，正夕阳西下，只要在一分钟内赶到法国就可看到日落。可惜法国是那么的遥远。而在你那样的小行星上，你只要把你的椅子挪动几步就行了。这样，你便可随时看到你想看的夕阳余辉……</p><p> “一天，我看见过四十三次日落。”</p><p> 过一会儿，你又说：</p><p> “你知道，当人们感到非常苦闷时，总是喜欢日落的。”</p><p> “一天四十三次，你怎么会这么苦闷？”</p><p> 小王子没有回答。</p>',1,'2022-01-10 13:37:15','2022-01-10 07:11:57'),(8,8,'','<p> 第五天，还是羊的事，把小王子的生活秘密向我揭开了。好象默默地思索了很长时间以后，得出了什么结果一样，他突然没头没脑地问我：</p><p> “羊，要是吃小灌木，它也要吃花罗？”</p><p> “它碰到什么吃什么。”“连有刺的花也吃吗？”</p><p> “有刺的也吃！”</p><p> “那么刺有什么用呢？”</p><p> 我不知道该怎么回答。那会儿我正忙着要从发动机上卸下一颗拧得太紧的螺丝。我发现机器故障似乎很严重，饮水也快完了，担心可能发生最坏的情况，心里很着急。</p><p> “那么刺有什么用呢？”</p><p> 小王子一旦提出了问题，从来不会放过。这个该死的螺丝使我很恼火，我于是就随便回答了他一句：</p><p> “刺么，什么用都没有，这纯粹是花的恶劣表现。”</p><p> “噢！”</p><p> 可是他沉默了一会儿之后，怀着不满的心情冲我说：</p><p> “我不信！花是弱小的、淳朴的，它们总是设法保护自己，以为有了刺就可以显出自己的厉害……”</p><p> 我默不作声。我当时想的，如果这个螺丝再和我作对，我就一锤子敲掉它。小王子又来打搅我的思绪了：</p><p> “你却认为花……”</p><p> “算了吧，算了吧！我什么也不认为！我是随便回答你的。我可有正经事要做。”他惊讶地看着我。</p><p> “正经事？”</p><p> 他瞅着我手拿锤子，手指沾满了油污，伏在一个在他看来丑不可言的机件上。</p><p> “你说话就和那些大人一样！”</p><p> 这话使我有点难堪。可是他又尖刻无情地说道：</p><p> “你什么都分不清……你把什么都混在一起！”</p><p> 他着实非常恼火。摇动着脑袋，金黄色的头发随风颤动着。</p><p> “我到过一个星球，上面住着一个红脸先生。他从来没闻过一朵花。他从来没有看过一颗星星。他什么人也没有喜欢过。除了算帐以外，他什么也没有做过。他整天同你一样老是说：‘我有正经事，我是个严肃的人’。这使他傲气十足。他简直不象是个人，他是个蘑菇。”</p><p> “是个什么？”</p><p> “是个蘑菇！”</p><p> 小王子当时气得脸色发白。</p><p> “几百万年以来花儿都在制造着刺，几百万年以来羊仍然在吃花。要搞清楚为什么花儿费那么大劲给自己制造没有什么用的刺，这难道不是正经事？难道羊和花之间的战争不重要？这难道不比那个大胖子红脸先生的帐目更重要？如果我认识一朵人世间唯一的花，只有我的星球上有它，别的地方都不存在，而一只小羊胡里胡涂就这样把它一下子毁掉了，这难道不重要？”</p><p> 他的脸气得发红，然后又接着说道：“如果有人爱上了在这亿万颗星星中独一无二的一株花，当他看着这些星星的时候，这就足以使他感到幸福。他可以自言自语地说：‘我的那朵花就在其中的一颗星星上……’，但是如果羊吃掉了这朵花，对他来说，好象所有的星星一下子全都熄灭了一样！这难道也不重要吗？！”</p><p> 他无法再说下去了，突然泣不成声。夜幕已经降临。我放下手中的工具。我把锤子、螺钉、饥渴、死亡，全都抛在脑后。在一颗星球上，在一颗行星上，在我的行星上，在地球上有一个小王子需要安慰！我把他抱在怀里。我摇着他，对他说：“你爱的那朵花没有危险……我给你的小羊画一个罩子……我给你的花画一副盔甲……我……”我也不太知道该说些什么。我觉得自己太笨拙。我不知道怎样才能达到他的境界，怎样才能再进入他的境界……唉，泪水的世界是多么神秘啊！</p>',1,'2022-01-10 13:37:36','2022-01-10 07:12:12'),(9,9,'','<p> 很快我就进一步了解了这朵花儿。在小王子的星球上，过去一直都生长着一些只有一层花瓣的很简单的花。这些花非常小，一点也不占地方，从来也不会去打搅任何人。她们早晨在草丛中开放，晚上就凋谢了。不知从哪里来了一颗种子，忽然一天这种子发了芽。小王子特别仔细地监视着这棵与众不同的小苗：这玩艺说不定是一种新的猴面包树。但是，这小苗不久就不再长了，而且开始孕育着一个花朵。看到在这棵苗上长出了一个很大很大的花蕾，小王子感觉到从这个花苞中一定会出现一个奇迹。然而这朵花藏在它那绿茵茵的房间中用了很长的时间来打扮自己。她精心选择着她将来的颜色，慢慢腾腾地妆饰着，一片片地搭配着她的花瓣，她不愿象虞美人那样一出世就满脸皱纹。她要让自己带着光艳夺目的丽姿来到世间。是的，她是非常爱俏的。她用好些好些日子天仙般地梳妆打扮。然后，在一天的早晨，恰好在太阳升起的时候，她开放了。</p><p> 她已经精细地做了那么长的准备工作，却打着哈欠说道：“我刚刚睡醒，真对不起，瞧我的头发还是乱蓬蓬的……”</p><p> 小王子这时再也控制不住自己的爱慕心情：“你是多么美丽啊！”</p><p> 花儿悠然自得地说：“是吧，我是与太阳同时出生的……”</p><p> 小王子看出了这花儿不太谦虚，可是她确实丽姿动人。</p><p> 她随后又说道：“现在该是吃早点的时候了吧，请你也想着给我准备一点……”</p><p> 小王子很有些不好意思，于是就拿着喷壶，打来了一壶清清的凉水，浇灌着花儿。</p><p> 于是，就这样，这朵花儿就以她那有点敏感多疑的虚荣心折磨着小王子。例如，有一天，她向小王子讲起她身上长的四根刺：“老虎，让它张着爪子来吧！”</p><p> 小王子顶了她一句：“在我这个星球上没有老虎，而且，老虎是不会吃草的”。</p><p> 花儿轻声说道：“我并不是草。”</p><p> “真对不起。”</p><p> “我并不怕什么老虎，可我讨厌穿堂风。你没有屏风？”</p><p> 小王子思忖着：“讨厌穿堂风……这对一株植物来说，真不走运，这朵花儿真不大好伺候……”</p><p> “晚上您得把我保护好。你这地方太冷。在这里住得不好，我原来住的那个地方……”</p><p> 但她没有说下去。她来的时候是粒种子。她哪里见过什么别的世界。她叫人发现她是在凑一个如此不太高明的谎话，她有点羞怒，咳嗽了两三声。她的这一招是要小王子处于有过失的地位，她说道：“屏风呢？”</p><p> “我这就去拿。可你刚才说的是……”</p><p> 于是花儿放开嗓门咳嗽了几声，依然要使小王子后悔自己的过失。</p><p> 尽管小王子本来诚心诚意地喜欢这朵花，可是，这一来，却使他马上对她产生了怀疑。小王子对一些无关紧要的话看得太认真，结果使自己很苦恼。</p><p> 有一天他告诉我说：“我不该听信她的话，绝不该听信那些花儿的话，看看花，闻闻它就得了。我的那朵花使我的星球芳香四溢，可我不会享受它。关于老虎爪子的事，本应该使我产生同情，却反而使我恼火……”</p><p> 他还告诉我说：“我那时什么也不懂！我应该根据她的行为，而不是根据她的话来判断她。她使我的生活芬芳多彩，我真不该离开她跑出来。我本应该猜出在她那令人爱怜的花招后面所隐藏的温情。花是多么自相矛盾！我当时太年青，还不懂得爱她。”</p>',1,'2022-01-10 13:37:56','2022-01-10 07:12:32'),(10,10,'','<p> 我想小王子大概是利用一群候鸟迁徙的机会跑出来的。在他出发的那天早上，他把他的星球收拾得整整齐齐，把它上头的活火山打扫得干干净净。——他有两个活火山，早上热早点很方便。他还有一座死火山，他也把它打扫干净。他想，说不定它还会活动呢！打扫干净了，它们就可以慢慢地有规律地燃烧，而不会突然爆发。火山爆发就象烟囱里的火焰一样。当然，在我们地球上我们人太小，不能打扫火山，所以火山给我们带来很多很多麻烦。<p> 小王子还把剩下的最后几颗猴面包树苗全拔了。他有点忧伤。他以为他再也不会回来了。这天，这些家常活使他感到特别亲切。当他最后一次浇花时，准备把她好好珍藏起来。他发觉自己要哭出来。<p> “再见了。”他对花儿说道。<p> 可是花儿没有回答他。<p> “再见了。”他又说了一遍。<p> 花儿咳嗽了一阵。但并不是由于感冒。<p> 她终于对他说道：“我方才真蠢。请你原谅我。希望你能幸福。”花儿对他毫不抱怨，他感到很惊讶。他举着罩子，不知所措地伫立在那里。他不明白她为什么会这样温柔恬静。<p> “的确，我爱你。”花儿对他说道：“但由于我的过错，你一点也没有理会。这丝毫不重要。不过，你也和我一样的蠢。希望你今后能幸福。把罩子放在一边吧，我用不着它了。”<p> “要是风来了怎么办？”<p> “我的感冒并不那么重……夜晚的凉风对我倒有好处。我是一朵花。”<p> “要是有虫子野兽呢？……”<p> “我要是想认识蝴蝶，经不起两三只尺蠖是不行的。据说这是很美的。不然还有谁来看我呢？你就要到远处去了。至于说大动物，我并不怕，我有爪子。”<p> 于是，她天真地显露出她那四根刺，随后又说道：“别这么磨蹭了。真烦人！你既然决定离开这儿，那么，快走吧！”<p> 她是怕小王子看见她在哭。她是一朵非常骄傲的花……</p>',1,'2022-01-10 13:38:14','2022-01-10 07:12:45'),(11,11,'','<p> 在附近的宇宙中，还有325、326、327、328、329、330等几颗小行星。他就开始访问这几颗星球，想在那里找点事干，并且学习学习。</p><p> 第一颗星球上住着一个国王。国王穿着用紫红色和白底黑花的毛皮做成的大礼服，坐在一个很简单却又十分威严的宝座上。</p><p> 当他看见小王子时，喊了起来：“啊，来了一个臣民。”</p><p> 小王子思量着：“他从来也没有见过我，怎么会认识我呢？”</p><p> 他哪里知道，在那些国王的眼里，世界是非常简单的：所有的人都是臣民。</p><p> 国王十分骄傲，因为他终于成了某个人的国王，他对小王子说道：“靠近些，好让我好好看看你。”</p><p> 小王子看看四周，想找个地方坐下来，可是整个星球被国王华丽的白底黑花皮袍占满了。他只好站在那里，但是因为疲倦了，他打起哈欠来。</p><p> 君王对他说：“在一个国王面前打哈欠是违反礼节的。我禁止你打哈欠。”</p><p> 小王子羞愧地说道：“我实在忍不住，我长途跋涉来到这里，还没有睡觉呢。”</p><p> 国王说：“那好吧，我命令你打哈欠。好些年来我没有看见过任何人打哈欠。对我来说，打哈欠倒是新奇的事。来吧，再打个哈欠！这是命令。”</p><p> “这倒叫我有点紧张……我打不出哈欠来了……”小王子红着脸说。</p><p> “嗯！嗯！”国王回答道：“那么我……命令你忽而打哈欠，忽而……”</p><p> 他嘟嘟囔囔，显出有点恼怒。</p><p> 因为国王所要求的主要是保持他的威严受到尊敬。他不能容忍不听他的命令。他是一位绝对的君主。可是，他却很善良，他下的命令都是有理智的。</p><p> 他常常说：“如果我叫一位将军变成一只海鸟，而这位将军不服从我的命令，那么这就不是将军的过错，而是我的过错。”</p><p> 小王子腼腆地试探道：“我可以坐下吗？”</p><p> “我命令你坐下。”国王一边回答，一边庄重地把他那白底黑花皮袍大襟挪动了一下。</p><p> 可是小王子感到很奇怪。这么小的行星，国王他对什么进行统治呢？</p><p> 他对国王说：“陛下……请原谅，我想问您……”</p><p> 国王急忙抢着说道：“我命令你问我。”</p><p> “陛下……你统治什么呢？”</p><p> 国王非常简单明了地说：“我统治一切。”</p><p> “一切？”</p><p> 国王轻轻地用手指着他的行星和其他的行星，以及所有的星星。</p><p> 小王子说：“统治这一切？”</p><p> “统治这一切。”</p><p> 原来他不仅是一个绝对的君主，而且是整个宇宙的君主。</p><p> “那么，星星都服从您吗？”</p><p> “那当然！”国王对他说，“它们立即就得服从。我是不允许无纪律的。”</p><p> 这样的权力使小王子惊叹不已。如果掌握了这样的权力，那么，他一天就不只是看到四十三次日落，而可以看到七十二次，甚至一百次，或是二百次日落，也不必要去挪动椅子了！由于他想起了他那被遗弃的小星球，心里有点难过，他大胆地向国王提出了一个请求：“我想看日落，请求您……命令太阳落山吧……”</p><p> 国王说道：“如果我命令一个将军象一只蝴蝶那样从这朵花飞到那朵花，或者命令他写作一个悲剧剧本或者变一只海鸟，而如果这位将军接到命令不执行的话，那么，是他不对还是我不对呢？”</p><p> “那当然是您的不对。”小王子肯定地回答。</p><p> “一点也不错，”国王接着说，“向每个人提出的要求应该是他们所能做到的。权威首先应该建立在理性的基础上。如果命令你的老百姓去投海，他们非起来革命不可。我的命令是合理的，所以我有权要别人服从。”</p><p> “那么我提出的日落呢？”小王子一旦提出一个问题，他是不会忘记这个问题的。</p><p> “日落么，你会看到的。我一定要太阳落山，不过按照我的统治科学，我得等到条件成熟的时候。”</p><p> 小王子问道：“这要等到什么时候呢？”</p><p> 国王在回答之前，首先翻阅了一本厚厚的日历，嘴里慢慢说道：“嗯！嗯！日落大约……大约……在今晚七时四十分的时候！你将看到我的命令一定会被服从的。”</p><p> 小王子又打起哈欠来了。他遗憾没有看到日落。他有点厌烦了，他对国王说：“我没有必要再呆在这儿了。我要走了。”</p><p> 这位因为刚刚有了一个臣民而十分骄傲自得的国王说道：“别走，别走。我任命你当大臣。”</p><p> “什么大臣”</p><p> “嗯……司法大臣！”</p><p> “可是，这儿没有一个要审判的人。”</p><p> “很难说呀，”国王说道。“我很老了，我这地方又小，没有放銮驾的地方，另外，一走路我就累。因此我还没有巡视过我的王国呢！”</p><p> “噢！可是我已经看过了。”小王子说道，并探身朝星球的那一侧看了看。那边也没有一个人……</p><p> “那么你就审判你自己呀！”国王回答他说。“这可是最难的了。审判自己比审判别人要难得多啊！你要是能审判好自己，你就是一个真正有才智的人。”</p><p> “我吗，随便在什么地方我都可以审度自己。我没有必要留在这里。”</p><p> 国王又说：“嗯……嗯……我想，在我的星球上有一只老耗子。夜里，我听见它的声音。你可以审判它，不时地判处它死刑。因此它的生命取决于你的判决。可是，你要有节制地使用这只耗子，每次判刑后都要赦免它，因为只有这一只耗子。”</p><p> “可是我不愿判死刑，我想我还是应该走。”小王子回答道。</p><p> “不行。”国王说。</p><p> 但是小王子，准备完毕之后，不想使老君主难过，说道：</p><p> “如果国王陛下想要不折不扣地得到服从，你可以给我下一个合理的命令。比如说，你可以命令我，一分钟之内必须离开。我认为这个条件是成熟的……”</p><p> 国王什么也没有回答。起初，小王子有些犹疑不决，随后叹了口气，就离开了……</p><p> “我派你当我的大使。”国王匆忙地喊道。</p><p> 国王显出非常有权威的样子。</p><p> 小王子在旅途中自言自语地说：“这些大人真奇怪。”</p>',1,'2022-01-10 13:38:51','2022-01-10 07:13:02'),(12,12,'','<p> 第二个行星上住着一个爱虚荣的人。</p><p> “喔唷！一个崇拜我的人来拜访了！”这个爱虚荣的人一见到小王子，老远就叫喊起来。</p><p> 在那些爱虚荣的人眼里，别人都成了他们的崇拜者。</p><p> “你好！”小王子说道。“你的帽子很奇怪。”</p><p> “这是为了向人致意用的。”爱虚荣的人回答道，“当人们向我欢呼的时候，我就用帽子向他们致意。可惜，没有一个人经过这里。”</p><p> 小王子不解其意。说道：“啊？是吗？”</p><p> 爱虚荣的人向小王子建议道：“你用一只手去拍另一只手。”</p><p> 小王子就拍起巴掌来。这位爱虚荣者就谦逊地举起帽子向小王子致意。</p><p> 小王子心想：“这比访问那位国王有趣。”于是他又拍起巴掌来。爱虚荣者又举起帽子来向他致意。</p><p> 小王子这样做了五分钟，之后对这种单调的把戏有点厌倦了，说道：“要想叫你的帽子掉下来，该怎么做呢？”</p><p> 可这回爱虚荣者听不进他的话，因为凡是爱虚荣的人只听得进赞美的话。</p><p> 他问小王子道：“你真的钦佩我吗？”</p><p> “钦佩是什么意思？”</p><p> “钦佩么，就是承认我是星球上最美的人，服饰最好的人，最富有的人，最聪明的人。”</p><p> “可您是您的星球上唯一的人呀！”</p><p> “让我高兴吧，请你还是来钦佩我吧！”</p><p> 小王子轻轻地耸了耸肩膀，说道：“我钦佩你，可是，这有什么能使你这样感兴趣的？”</p><p> 于是小王子就走开了。</p><p> 小王子在路上自言自语地说了一句：“这些大人，肯定是十分古怪的。”</p>',1,'2022-01-10 13:39:16','2022-01-10 07:13:12'),(13,13,'','<p> 小王子所访问的下一个星球上住着一个酒鬼。访问时间非常短，可是它却使小王子非常忧伤。</p><p> “你在干什么？”小王子问酒鬼，这个酒鬼默默地坐在那里，面前有一堆酒瓶子，有的装着酒，有的是空的。</p><p> “我喝酒。”他阴沉忧郁地回答道。</p><p> “你为什么喝酒？”小王子问道。</p><p> “为了忘却。”酒鬼回答。</p><p> 小王子已经有些可怜酒鬼。他问道：“忘却什么呢？”</p><p> 酒鬼垂下脑袋坦白道：“为了忘却我的羞愧。”</p><p> “你羞愧什么呢？”小王子很想救助他。</p><p> “我羞愧我喝酒。”酒鬼说完以后就再也不开口了。</p><p> 小王子迷惑不解地离开了。</p><p> 在旅途中，他自言自语地说道：“这些大人确实真叫怪。”</p>',1,'2022-01-10 13:39:53','2022-01-10 07:13:21'),(14,14,'','<p> 第四个行星是一个实业家的星球。这个人忙得不可开交，小王子到来的时候，他甚至连头都没有抬一下。</p><p> 小王子对他说：“您好。您的烟卷灭了。”</p><p> “三加二等于五。五加七等于十二。十二加三等于十五。你好。十五加七，二十二。二十二加六，二十八。没有时间去再点着它。二十六加五，三十一。哎哟！一共是五亿一百六十二万二千七百三十一。”</p><p> “五亿什么呀？”</p><p> “嗯？你还待在这儿那？五亿一百万……我也不知道是什么了。我的工作很多……我是很严肃的，我可是从来也没有功夫去闲聊！二加五得七……”</p><p> “五亿一百万什么呀？”小王子重复问道。一旦他提出了一个问题，是从来也不会放弃的。</p><p> 这位实业家抬起头，说：“我住在这个星球上五十四年以来，只被打搅过三次。第一次是二十二年前，不知从哪里跑来了一只金龟子来打搅我。它发出一种可怕的噪音，使我在一笔帐目中出了四个差错。第二次，在十一年前，是风湿病发作，因为我缺乏锻炼所致。我没有功夫闲逛。我可是个严肃的人。现在……这是第三次！我计算的结果是五亿一百万……”“几百万什么？”</p><p> 这位实业家知道要想安宁是无望的了，就说道：“几百万个小东西，这些小东西有时出现在天空中。”</p><p> “苍蝇吗？”</p><p> “不是，是些闪闪发亮的小东西。”</p><p> “是蜜蜂吗？”</p><p> “不是，是金黄色的小东西，这些小东西叫那些懒汉们胡思乱想。我是个严肃的人。我没有时间胡思乱想。”</p><p> “啊，是星星吗？”</p><p> “对了，就是星星。”</p><p> “你要拿这五亿星星做什么？”</p><p> “五亿一百六十二万七百三十一颗星星。我是严肃的人，我是非常精确的。”</p><p> “你拿这些星星做什么？”</p><p> “我要它做什么？”</p><p> “是呀。”</p><p> “什么也不做。它们都是属于我的。”</p><p> “星星是属于你的？”</p><p> “是的。”</p><p> “可是我已经见到过一个国王，他……”</p><p> “国王并不占有，他们只是进行‘统治’。这不是一码事。”</p><p> “你拥有这许多星星有什么用？”</p><p> “富了就可以去买别的星星，如果有人发现了别的星星的话。”</p><p> 小王子自言自语地说：“这个人想问题有点象那个酒鬼一样。”</p><p> 可是他又提了一些问题：“你怎么能占有星星呢？”</p><p> “那么你说星星是谁的呀？”实业家不高兴地顶了小王子一句。</p><p> “我不知道，不属于任何人。”</p><p> “那么，它们就是我的，因为是我第一个想到了这件事情的。”</p><p> “这就行了吗？”</p><p> “那当然。如果你发现了一颗没有主人的钻石，那么这颗钻石就是属于你的。当你发现一个岛是没有主的，那么这个岛就是你的。当你首先想出了一个办法，你就去领一个专利证，这个办法就是属于你的。既然在我之前不曾有任何人想到要占有这些星星，那我就占有这些星星。”</p><p> “这倒也是。可是你用它们来干什么？”小王子说。</p><p> “我经营管理这些星星。我一遍又一遍地计算它们的数目。这是一件困难的事。但我是一个严肃认真的人！”</p><p> 小王子仍然还不满足，他说：“对我来说，如果我有一条围巾，我可以用它来围着我的脖子，并且能带走它。我有一朵花的话，我就可以摘下我的花，并且把它带走。可你却不能摘下这些星星呀！”</p><p> “我不能摘，但我可以把它们存在银行里。”</p><p> “这是什么意思呢？”</p><p> “这就是说，我把星星的数目写在一片小纸头上，然后把这片纸头锁在一个抽屉里。”</p><p> “这就算完事了吗？”</p><p> “这样就行了。”</p><p> 小王子想道：“真好玩。这倒蛮有诗意，可是，并不算是了不起的正经事。”</p><p> 关于什么是正经事，小王子的看法与大人们的看法非常不同。他接着又说：“我有一朵花，我每天都给她浇水。我还有三座火山，我每星期把它们全都打扫一遍。连死火山也打扫。谁知道它会不会再复活。我拥有火山和花，这对我的火山有益处，对我的花也有益处。但是你对星星并没有用处……”</p><p> 实业家张口结舌无言以对。于是小王子就走了。</p><p> 在旅途中，小王子只是自言自语地说了一句：“这些大人们真是奇怪极了。”</p>',1,'2022-01-10 13:40:18','2022-01-10 07:13:35'),(15,15,'','<p> 第五颗行星非常奇怪，是这些星星中最小的一颗。行星上刚好能容得下一盏路灯和一个点路灯的人。小王子怎么也解释不通：这个坐落在天空某一角落，既没有房屋又没有居民的行星上，要一盏路灯和一个点灯的人做什么用。</p><p> 但他自己猜想：“可能这个人思想不正常。但他比起国王，比起那个爱虚荣的人，那个实业家和酒鬼，却要好些。至少他的工作还有点意义。当他点着了他的路灯时，就象他增添了一颗星星，或是一朵花。当他熄灭了路灯时，就象让星星或花朵睡着了似的。这差事真美妙，就是真正有用的了。”</p><p> 小王子一到了这个行星上，就很尊敬地向点路灯的人打招呼：“早上好。——你刚才为什么把路灯灭了呢？”</p><p> “早上好。——这是命令。”点灯的回答道。</p><p> “命令是什么？”</p><p> “就是熄掉我的路灯。——晚上好。”</p><p> 于是他又点燃了路灯。</p><p> “那么为什么你又把它点着了呢？”</p><p> “这是命令。”点灯的人回答道。</p><p> “我不明白。”小王子说。</p><p> “没什么要明白的。命令就是命令。”点灯的回答说。“早上好。”</p><p> 于是他又熄灭了路灯。</p><p> 然后他拿一块有红方格子的手绢擦着额头。</p><p> “我干的是一种可怕的职业。以前还说得过去，早上熄灯，晚上点灯，剩下时间，白天我就休息，夜晚我就睡觉……”</p><p> “那么，后来命令改变了，是吗？”</p><p> 点灯的人说：“命令没有改，惨就惨在这里了！这颗行星一年比一年转得更快，而命令却没有改。”</p><p> “结果呢？”小王子问。</p><p> “结果现在每分钟转一圈，我连一秒钟的休息时间都没有了。每分钟我就要点一次灯，熄一次灯！”</p><p> “真有趣，你这里每天只有一分钟长？”</p><p> “一点趣味也没有，”点灯的说，“我们俩在一块说话就已经有一个月的时间了。”</p><p> “一个月？”</p><p> “对。三十分钟。三十天！——晚上好。”</p><p> 于是他又点着了了他的路灯。</p><p> 小王子瞅着他，他喜欢这个点灯人如此忠守命令。这时，他想起了他自己从前挪动椅子寻找日落的事。他很想帮助他的这位朋友。“告诉你，我知道一种能使你休息的办法，你要什么时候休息都可以。”</p><p> “我老是想休息。”点灯人说。</p><p> 因为，一个人可以同时是忠实的，又是懒惰的。</p><p> 小王子接着说：“你的这颗行星这样小，你三步就可以绕它一圈。你只要慢慢地走，就可以一直在太阳的照耀下，你想休息的时候，你就这样走……那么，你要白天又多长它就有多长。”</p><p> “这办法帮不了我多打忙，生活中我喜欢的就是睡觉。”点灯人说。</p><p> “真不走运。”小王子说。</p><p> “真不走运。”点灯人说。“早上好。”</p><p> 于是他又熄灭了路灯。小王子在他继续往前旅行的途中，自言自语地说道：</p><p> “这个人一定会被其他那些人，国王呀，爱虚荣的呀，酒鬼呀，实业家呀，所瞧不起。可是唯有他不使我感到荒唐可笑。这可能是因为他所关心的是别的事，而不是他自己。”</p><p> 他惋惜地叹了口气，并且又对自己说道：“本来这是我唯一可以和他交成朋友的人。可是他的星球确实太小了，住不下两个人……”</p><p> 小王子没有勇气承认的是：他留恋这颗令人赞美的星星，特别是因为在那里每二十四小时就有一千四百四十次日落！</p>',1,'2022-01-10 13:40:36','2022-01-10 07:13:46'),(16,16,'','<p> 第六颗行星则要大十倍。上面住着一位老先生，他在写作大部头的书。</p><p> “瞧！来了一位探险家。”老先生看到小王子时，叫了起来。</p><p> 小王子在桌旁坐下，有点气喘吁吁。他跑了多少路啊！</p><p> “你从哪里来的呀？”老先生问小王子。</p><p> “这一大本是什么书？你在这里干什么？”小王子问道。</p><p> “我是地理学家。”老先生答道。</p><p> “什么是地理学家？”</p><p> “地理学家，就是一种学者，他知道哪里有海洋，哪里有江河、城市、山脉、沙漠。”</p><p> “这倒挺有意思。”小王子说。“这才是一种真正的行当。”他朝四周围看了看这位地理学家的星球。他还从来没有见过一颗如此壮观的行星。</p><p> “您的星球真美呀。上面有海洋吗？”</p><p> “这我没法知道。”地理学家说。</p><p> “啊！”小王子大失所望。“那么，山脉呢？”</p><p> “这，我没法知道。”地理学家说。</p><p> “那么，有城市、河流、沙漠吗？”“这，我也没法知道。”地理学家说。</p><p> “可您还是地理学家呢！”</p><p> “一点不错，”地理学家说，“但是我不是探察家。我手下一个探察家都没有。地理学家是不去计算城市、河流、山脉、海洋、沙漠的。地理学家很重要，不能到处跑。他不能离开他的办公室。但他可以在办公室里接见探察家。他询问探察家，把他们的回忆记录下来。如果他认为其中有个探察家的回忆是有意思的，那么地理学家就对这个探察家的品德做一番调查。”</p><p> “这是为什么呢？”</p><p> “因为一个说假话的探察家会给地理书带来灾难性的后果。同样，一个太爱喝酒的探察家也是如此。”</p><p> “这又是为什么？”小王子说。</p><p> “因为喝醉了酒的人把一个看成两个，那么，地理学家就会把只有一座山的地方写成两座山。”</p><p> “我认识一个人，他要是搞探察的话，就很可能是个不好的探察员。”小王子说。</p><p> “这是可能的。因此，如果探察家的品德不错，就对他的发现进行调查。”</p><p> “去看一看吗？”</p><p> “不。那太复杂了。但是要求探察家提出证据来。例如，假使他发现了一座大山，就要求他带来一些大石头。”</p><p> 地理学家忽然忙乱起来。</p><p> “正好，你是从老远来的么！你是个探察家！你来给我介绍一下你的星球吧！”</p><p> 于是，已经打开登记簿的地理学家，削起他的铅笔来。他首先是用铅笔记下探察家的叙述，等到探察家提出了证据以后再用墨水笔记下来。</p><p> “怎么样？”地理学家询问道。</p><p> “啊！我那里，”小王子说道，“没有多大意思，那儿很小。我有三座火山，两座是活的，一座是熄灭了的。但是也很难说。”</p><p> “很难说。”地理学家说道。</p><p> “我还有一朵花。”</p><p> “我们是不记载花卉的。”地理学家说。</p><p> “这是为什么？花是最美丽的东西。”</p><p> “因为花卉是短暂的。”</p><p> “什么叫短暂？”</p><p> “地理学书籍是所有书中最严肃的书。”地理学家说道，“这类书是从不会过时的。很少会发生一座山变换了位置，很少会出现一个海洋干涸的现象。我们要写永恒的东西。”</p><p> “但是熄灭的火山也可能会再复苏的。”小王子打断了地理学家。“什么叫短暂？”</p><p> “火山是熄灭了的也好，苏醒的也好，这对我们这些人来讲都是一回事。”地理学家说，“对我们来说，重要的是山。山是不会变换位置的。”</p><p> “但是，‘短暂’是什么意思？”小王子再三地问道。他一旦提出一个问题是从不放过的。</p><p> “意思就是：有很快就会消失的危险。”</p><p> “我的花是很快就会消失的吗？”</p><p> “那当然。”</p><p> 小王子自言自语地说：“我的花是短暂的，而且她只有四根刺来防御外侮！可我还把她独自留在家里！”</p><p> 这是他第一次产生了后悔，但他又重新振作起来：</p><p> “您是否能建议我去看些什么？”小王子问道。</p><p> “地球这颗行星，”地理学家回答他说，“它的名望很高……”</p><p> 于是小王子就走了，他一边走一边想着他的花。</p>',1,'2022-01-10 13:40:58','2022-01-10 07:13:59'),(17,17,'','<p> 第七个行星，于是就是地球了。</p><p> 地球可不是一颗普通的行星！它上面有一百一十一个国王（当然，没有漏掉黑人国王），七千个地理学家，九十万个实业家，七百五十万个酒鬼，三亿一千一百万个爱虚荣的人，也就是说，大约有二十亿的大人。</p><p> 为了使你们对地球的大小有一个概念，我想要告诉你们：在发明电之前，在六的大洲上，为了点路灯，需要维持一支为数四十六万二千五百一十一人的真正大军。</p><p> 从稍远的地方看过去，它给人以一种壮丽辉煌的印象。这支军队的行动就象歌剧院的芭蕾舞动作一样，那么有条不紊。首先出现的是新西兰和澳大利亚的点灯人。点着了灯，随后他们就去睡觉了。于是就轮到中国和西伯利亚的点灯人走上舞台。随后，他们也藏到幕布后面去了。于是就又轮到俄罗斯和印度的点灯人了。然后就是非洲和欧洲的。接着是南美的，再就是北美的。他们从来也不会搞错他们上场的次序。真了不起。</p><p> 北极仅有一盏路灯，南极也只有一盏；唯独北极的点灯人和他南极的同行，过着闲逸、懒散的生活：他们每年只工作两次。</p>',1,'2022-01-10 13:41:14','2022-01-10 07:14:09'),(18,18,'','<p>	当人们想要说得俏皮些的时候，说话就可能会不大实在。在给你们讲点灯人 的时候，我就不那么忠实，很可能给不了解我们这个星球的人们造成一个错误的 概念。在地球上，人们所占的位置非常小。如果住在地球上的二十亿居民全站着， 并且象开大会一样靠得紧些，那么就可以从容地站在一个二十海里见方的广场上。 也就是说可以把整个人类集中在太平洋中一个最小的岛屿上。</p><p>	当然，大人们是不会相信你们的。他们自以为要占很大地方，他们把自己看 得象猴面包树那样大得了不起。你们可以建议他们计算一下。这样会使他们很高 兴，因为他们非常喜欢数目字。可是你们无须浪费时间去做这种乏味的连篇累牍 的演算。这没有必要。你们可以完全相信我。</p><p><br></p><p>	<span style=\"color: rgb(0, 0, 0);\">小王子到了地球上感到非常奇怪，他一个人也没有看到，他正担心自己跑错 了星球。这时，在沙地上有一个月光色的圆环在蠕动。</span></p><p><br></p><p><span class=\"ql-cursor\">﻿</span>	小王子毫无把握地随便说了声：“晚安。”</p><p>	“晚安。”蛇说道。</p><p>	“我落在什么行星上？”小王子问道。</p><p>	“在地球上，在非洲。”蛇回答道。</p><p>	“啊！……怎么，难道说地球上没有人吗？”</p><p>“这里是沙漠，沙漠中没有人。地球是很大的。”蛇说。</p><p>	小王子坐在一块石头上，抬眼望着天空，说道：</p><p>	“我捉摸这些<a href=\"http://www.ppzuowen.com/s/ziran/xingxing/\" rel=\"noopener noreferrer\" target=\"_blank\" style=\"color: rgb(51, 51, 51);\">星星</a>闪闪发亮是否为了让每个人将来有一天都能重新找到自己 的星球。看，我那颗行星。它恰好在我们头顶上……可是，它离我们好远哟！”</p><p>	“它很美。”蛇说，“你到这里来干什么呢？”</p><p>	“我和一朵花闹了别扭。”小王子说。</p><p>	“啊！”蛇说道。</p><p>	于是他们都沉默下来。</p><p>	“人在什么地方？”小王子终于又开了腔。“在沙漠上，真有点孤独……”</p><p>	“到了有人的地方，也一样孤独。”蛇说。</p><p>	小王子长时间地看着蛇。</p><p>	“你是个奇怪的<a href=\"http://www.ppzuowen.com/s/dongwu/\" rel=\"noopener noreferrer\" target=\"_blank\" style=\"color: rgb(51, 51, 51);\">动物</a>，细得象个手指头……。”小王子终于说道。</p><p>	“但我比一个国王的手指更有威力。”蛇说道。</p><p>	小王子微笑着说：</p><p>	“你并不那么有威力……你连脚都没有……你甚至都不能旅行……”</p><p>	“我可以把你带到很远的地方去，比一只船能去的地方还要远。”蛇说道。</p><p>	蛇就盘结在小王子的脚腕子上，象一只金镯子。</p><p>	“被我碰触的人，我就把他送回老家去。”蛇还说，“可是你是纯洁的，而 且是从另一个星球上来的……”</p><p>	小王子什么也没有回答。</p><p>	“在这个花岗石的地球上，你这么弱小，我很可怜你。如果你非常怀念你的 星球，那时我可以帮助你。我可以……”</p><p>	“啊！我很明白你的意思。”小王子说，“但是你为什么说话总是象让人猜 谜语似的？”</p><p>	“这些谜语我都能解开的。”蛇说。</p><p>	于是他们又都沉默起来。</p>',1,'2022-01-10 13:43:09','2022-01-10 07:15:40'),(19,19,'','<p>当人们想要说得俏皮些的时候，说话就可能会不大实在。在给你们讲点灯人的时候，我就不那么忠实，很可能给不了解我们这个星球的人们造成一个错误的概念。在地球上，人们所占的位置非常小。如果住在地球上的二十亿居民全站着，并且象开大会一样靠得紧些，那么就可以从容地站在一个二十海里见方的广场上。也就是说可以把整个人类集中在太平洋中一个最小的岛屿上。</p><p>当然，大人们是不会相信你们的。他们自以为要占很大地方，他们把自己看得象猴面包树那样大得了不起。你们可以建议他们计算一下。这样会使他们很高兴，因为他们非常喜欢数目字。可是你们无须浪费时间去做这种乏味的连篇累牍的演算。这没有必要。你们可以完全相信我。</p><p>小王子到了地球上感到非常奇怪，他一个人也没有看到，他正担心自己跑错了星球。这时，在沙地上有一个月光色的圆环在蠕动。</p><p>小王子毫无把握地随便说了声：“晚安。”</p><p>“晚安。”蛇说道。</p><p>“我落在什么行星上？”小王子问道。</p><p>“在地球上，在非洲。”蛇回答道。</p><p>“啊！……怎么，难道说地球上没有人吗？”“这里是沙漠，沙漠中没有人。地球是很大的。”蛇说。</p><p>小王子坐在一块石头上，抬眼望着天空，说道：</p><p>“我捉摸这些星星闪闪发亮是否为了让每个人将来有一天都能重新找到自己的星球。看，我那颗行星。它恰好在我们头顶上……可是，它离我们好远哟！”</p><p>“它很美。”蛇说，“你到这里来干什么呢？”</p><p>“我和一朵花闹了别扭。”小王子说。</p><p>“啊！”蛇说道。</p><p>于是他们都沉默下来。</p><p>“人在什么地方？”小王子终于又开了腔。“在沙漠上，真有点孤独……”</p><p>“到了有人的地方，也一样孤独。”蛇说。</p><p>小王子长时间地看着蛇。</p><p>“你是个奇怪的动物，细得象个手指头……。”小王子终于说道。</p><p>“但我比一个国王的手指更有威力。”蛇说道。</p><p>小王子微笑着说：“你并不那么有威力……你连脚都没有……你甚至都不能旅行……”</p><p>“我可以把你带到很远的地方去，比一只船能去的地方还要远。”蛇说道。</p><p>蛇就盘结在小王子的脚腕子上，象一只金镯子。</p><p>“被我碰触的人，我就把他送回老家去。”蛇还说，“可是你是纯洁的，而且是从另一个星球上来的……”</p><p>小王子什么也没有回答。</p><p>“在这个花岗石的地球上，你这么弱小，我很可怜你。如果你非常怀念你的星球，那时我可以帮助你。我可以……”</p><p>“啊！我很明白你的意思。”小王子说，“但是你为什么说话总是象让人猜谜语似的？”</p><p>“这些谜语我都能解开的。”蛇说。</p><p>于是他们又都沉默起来。</p>',1,'2022-01-10 13:43:28','2022-01-10 07:15:53'),(20,20,'','<p>　小王子穿过沙漠。他只见过一朵花，一个有着三枚花瓣的花朵，一朵很不起眼的小花……</p><p> “你好。”小王子说。</p><p> “你好。”花说。</p><p> “人在什么地方？”小王子有礼貌地问道。</p><p> 有一天，花曾看见一支骆驼商队走过：“人吗？我想大约有六七个人，几年前，我瞅见过他们。可是，从来不知道到什么地方去找他们。风吹着他们到处跑。他们没有根，这对他们来说是很不方便的。”</p><p> “再见了。”小王子说。</p><p> “再见。”花说。</p>',1,'2022-01-10 13:43:49','2022-01-10 07:16:04'),(21,21,'','<p> 小王子爬上一座高山。过去他所见过的山就是那三座只有他膝盖那么高的火山，并且他把那座熄灭了的火山就当作凳子。小王子自言自语地说道：“从这么高的山上，我一眼可以看到整个星球，以及所有的人。”可是，他所看到的只是一些非常锋利的悬崖峭壁。</p><p> “你好。”小王子试探地问道。</p><p> “你好……你好……你好……”回音在回答道。</p><p> “你们是什么人？”小王子问。</p><p> “你们是什么人……你们是什么人……你们是什么人……”回音又回答道。“请你们做我的朋友吧，我很孤独。”他说。</p><p> “我很孤独……我很孤独……我很孤独……”回音又回答着。</p><p> 小王子想道：“这颗行星真奇怪！它上面全是干巴巴的，而且又尖利又咸涩，人们一点想象力都没有。他们只是重复别人对他们说的话……在我的家乡，我有一朵花。她总是自己先说话……”</p>',1,'2022-01-10 13:44:28','2022-01-10 07:16:13'),(22,22,'','<p> 在沙漠、岩石、雪地上行走了很长的时间以后，小王子终于发现了一条大路。所有的大路都是通往人住的地方的。“你们好。”小王子说。</p><p> 这是一个玫瑰盛开的花园。</p><p> “你好。”玫瑰花说道。</p><p> 小王子瞅着这些花，它们全都和他的那朵花一样。</p><p> “你们是什么花？”小王子惊奇地问。</p><p> “我们是玫瑰花。”花儿们说道。</p><p> “啊！”小王子说……。</p><p> 他感到自己非常不幸。他的那朵花曾对他说她是整个宇宙中独一无二的一种花。可是，仅在这一座花园里就有五千朵完全一样的这种花朵！</p><p> 小王子自言自语地说：“如果她看到这些，她是一定会很恼火……她会咳嗽得更厉害，并且为避免让人耻笑，她会佯装死去。那么，我还得装着去护理她，因为如果不这样的话，她为了使我难堪，她可能会真的死去……”</p><p> 接着他又说道：“我还以为我有一朵独一无二的花呢，我有的仅是一朵普通的花。这朵花，再加上三座只有我膝盖那么高的火山，而且其中一座还可能是永远熄灭了的，这一切不会使我成为一个了不起的王子……”于是，他躺在草丛中哭泣起来。</p>',1,'2022-01-10 13:44:47','2022-01-10 07:16:24'),(23,23,'','<p> 就在这当儿，跑来了一只狐狸。</p><p> “你好。”狐狸说。</p><p> “你好。”小王子很有礼貌地回答道。他转过身来，但什么也没有看到。</p><p> “我在这儿，在苹果树下。”那声音说。</p><p> “你是谁？”小王子说，“你很漂亮。”</p><p> “我是一只狐狸。”狐狸说。</p><p> “来和我一起玩吧，”小王子建议道，“我很苦恼……”</p><p> “我不能和你一起玩，”狐狸说，“我还没有被驯服呢。”</p><p> “啊！真对不起。”小王子说。</p><p> 思索了一会儿，他又说道：“什么叫‘驯服’呀？”</p><p> “你不是此地人。”狐狸说，“你来寻找什么？”</p><p> “我来找人。”小王子说，“什么叫‘驯服’呢？”</p><p> “人，”狐狸说，“他们有枪，他们还打猎，这真碍事！他们唯一的可取之处就是他们也养鸡，你是来寻找鸡的吗？”</p><p> “不，”小王子说，“我是来找朋友的。什么叫‘驯服’呢？”</p><p> “这是已经早就被人遗忘了的事情，”狐狸说，“它的意思就是‘建立联系’。”</p><p> “建立联系？”</p><p> “一点不错，”狐狸说。“对我来说，你还只是一个小男孩，就像其他千万个小男孩一样。我不需要你。你也同样用不着我。对你来说，我也不过是一只狐狸，和其他千万只狐狸一样。但是，如果你驯服了我，我们就互相不可缺少了。对我来说，你就是世界上唯一的了；我对你来说，也是世界上唯一的了。”</p><p> “我有点明白了。”小王子说，“有一朵花……，我想，她把我驯服了……”</p><p> “这是可能的。”狐狸说，“世界上什么样的事都可能看到……”</p><p> “啊，这不是在地球上的事。”小王子说。</p><p> 狐狸感到十分蹊跷。</p><p> “在另一个星球上？”</p><p> “是的。”</p><p> “在那个星球上，有猎人吗？”</p><p> “没有。”</p><p> “这很有意思。那么，有鸡吗？”</p><p> “没有。”</p><p> “没有十全十美的。”狐狸叹息地说道。</p><p> 可是，狐狸又把话题拉回来：“我的生活很单调。我捕捉鸡，而人又捕捉我。所有的鸡全都一样，所有的人也全都一样。因此，我感到有些厌烦了。但是，如果你要是驯服了我，我的生活就一定会是欢快的。我会辨认出一种与众不同的脚步声。其他的脚步声会使我躲到地下去，而你的脚步声就会象音乐一样让我从洞里走出来。再说，你看！你看到那边的麦田没有？我不吃面包，麦子对我来说，一点用也没有。我对麦田无动于衷。而这，真使人扫兴。但是，你有着金黄色的头发。那么，一旦你驯服了我，这就会十分美妙。麦子，是金黄色的，它就会使我想起你。而且，我甚至会喜欢那风吹麦浪的声音……”</p><p> 狐狸沉默不语，久久地看着小王子。</p><p> “请你驯服我吧！”他说。</p><p> “我是很愿意的。”小王子回答道，“可我的时间不多了。我还要去寻找朋友，还有许多事物要了解。”</p><p> “只有被驯服了的事物，才会被了解。”狐狸说，“人不会再有时间去了解任何东西的。他们总是到商人那里去购买现成的东西。因为世界上还没有购买朋友的商店，所以人也就没有朋友。如果你想要一个朋友，那就驯服我吧！”</p><p> “那么应当做些什么呢？”小王子说。</p><p> “应当非常耐心。”狐狸回答道，“开始你就这样坐在草丛中，坐得离我稍微远些。我用眼角瞅着你，你什么也不要说。话语是误会的根源。但是，每天，你坐得靠我更近些……”</p><p> 第二天，小王子又来了。</p><p> “最好还是在原来的那个时间来。”狐狸说道，“比如说，你下午四点钟来，那么从三点钟起，我就开始感到幸福。时间越临近，我就越感到幸福。到了四点钟的时候，我就会坐立不安；我就会发现幸福的代价。但是，如果你随便什么时候来，我就不知道在什么时候该准备好我的心情……应当有一定的仪式。”</p><p> “仪式是什么？”小王子问道。</p><p> “这也是一种早已被人忘却了的事。”狐狸说，“它就是使某一天与其他日子不同，使某一时刻与其他时刻不同。比如说，我的那些猎人就有一种仪式。他们每星期四都和村子里的姑娘们跳舞。于是，星期四就是一个美好的日子！我可以一直散步到葡萄园去。如果猎人们什么时候都跳舞，天天又全都一样，那么我也就没有假日了。”</p><p> 就这样，小王子驯服了狐狸。当出发的时刻就快要来到时：“啊！”狐狸说，“我一定会哭的。”</p><p> “这是你的过错，”小王子说，“我本来并不想给你任何痛苦，可你却要我驯服你……”</p><p> “是这样的。”狐狸说。</p><p> “你可就要哭了！”小王子说。</p><p> “当然罗。”狐狸说。</p><p> “那么你什么好处也没得到。”</p><p> “由于麦子颜色的缘故，我还是得到了好处。”狐狸说。</p><p> 然后，他又接着说：“再去看看那些玫瑰花吧。你一定会明白，你的那朵是世界上独一无二的玫瑰。你回来和我告别时，我再赠送给你一个秘密。”</p><p> 于是小王子又去看那些玫瑰。</p><p> “你们一点也不象我的那朵玫瑰，你们还什么都不是呢！”小王子对她们说。“没有人驯服过你们，你们也没有驯服过任何人。你们就象我的狐狸过去那样，它那时只是和千万只别的狐狸一样的一只狐狸。但是，我现在已经把它当成了我的朋友，于是它现在就是世界上独一无二的了。”</p><p> 这时，那些玫瑰花显得十分难堪。</p><p> “你们很美，但你们是空虚的。”小王子仍然在对她们说，“没有人能为你们去死。当然罗，我的那朵玫瑰花，一个普通的过路人以为她和你们一样。可是，她单独一朵就比你们全体更重要，因为她是我浇灌的。因为她是我放在花罩中的。因为她是我用屏风保护起来的。因为她身上的毛虫（除了留下两三只为了变蝴蝶而外）是我除灭的。因为我倾听过她的怨艾和自诩，甚至有时我聆听着她的沉默。因为她是我的玫瑰。”</p><p> 他又回到了狐狸身边。</p><p> “再见了。”小王子说道。</p><p> “再见。”狐狸说。“喏，这就是我的秘密。很简单：只有用心才能看得清。实质性的东西，用眼睛是看不见的。”</p><p> “实质性的东西，用眼睛是看不见的。”小王子重复着这句话，以便能把它记在心间。</p><p> “正因为你为你的玫瑰花费了时间，这才使你的玫瑰变得如此重要。”</p><p> “正因为你为你的玫瑰花费了时间……”小王子又重复着，要使自己记住这些。</p><p> “人们已经忘记了这个道理，”狐狸说，“可是，你不应该忘记它。你现在要对你驯服过的一切负责到底。你要对你的玫瑰负责……”</p><p> “我要对我的玫瑰负责……”小王子又重复着……</p>',1,'2022-01-10 13:45:54','2022-01-10 07:16:39'),(24,24,'','<p> “你好。”小王子说道。</p><p> “你好。”扳道工说道。</p><p> “你在这里做什么？”小王子问。</p><p> “我一包包地分选旅客，按每千人一包。”扳道工说，“我打发这些运载旅客的列车，一会儿发往右方，一会儿发往左方。”</p><p> 这时，一列灯火明亮的快车，雷鸣般地响着，把扳道房震得颤颤悠悠。</p><p> “他们真匆忙呀，”小王子说，“他们要寻找什么？”</p><p> “开机车的人自己也不知道。”扳道工说道。</p><p> 于是，第二列灯火通明的快车又朝着相反的方向轰隆轰隆地开过去。</p><p> “他们怎么又回来了呢？”小王子问道。</p><p> “他们不是原来那些人了。”扳道工说，“这是一次对开列车。”</p><p> “他们不满意他们原来所住的地方吗？”</p><p> “人们是从来也不会满意自己所在的地方的。”扳道工说。</p><p> 此时，第三趟灯火明亮的快车又隆隆而过。</p><p> “他们是在追随第一批旅客吗？”小王子问道。</p><p> “他们什么也不追随。”扳道工说，“他们在里面睡觉，或是在打哈欠。只有孩子们把鼻子贴在玻璃窗上往外看。”</p><p> “只有孩子知道他们自己在寻找什么。”小王子说，“他们为一个布娃娃花费不少时间，这个布娃娃就成了很重要的东西，如果有人夺走的他们的布娃娃，他们就哭泣……”</p><p> “他们真幸运。”扳道工说。</p>',1,'2022-01-10 13:46:19','2022-01-10 07:16:49'),(25,25,'','<p> “你好。”小王子说。</p><p> “你好。”商人说道。</p><p> 这是一位贩卖能够止渴的精制药丸的商人。每周吞服一丸就不会感觉口渴。</p><p> “你为什么卖这玩艺儿？”小王子说。“这就大大地节约了时间。”商人说，“专家们计算过，这样，每周可以节约五十三分钟。”</p><p> “那么，用这五十三分钟做什么用？”</p><p> “随便怎么用都行。……”</p><p> 小王子自言自语地说：“我如果有五十三分钟可支配，我就悠哉游哉地向水泉走去……”</p>',1,'2022-01-10 13:46:39','2022-01-10 07:16:59'),(26,26,'','<p> 这是我在沙漠上出了事故的第八天。我听着有关这个商人的故事，喝完了我所备用的最后一滴水。</p><p> “啊！”我对小王子说，“你回忆的这些故事真美。可是，我还没有修好我的飞机。我没有喝的了，假如我能悠哉游哉地走到水泉边去，我一定也会很高兴的！”</p><p> 小王子对我说：“我的朋友狐狸……”</p><p> “我的小家伙，现在还说什么狐狸！”</p><p> “为什么？”</p><p> “因为这就要渴死人了。”</p><p> 他不理解我的思路，他回答我道：</p><p> “即使快要死了，有过一个朋友也好么！我就为我有过一个狐狸朋友而感到很高兴……”</p><p> “他不顾危险。”我自己思量着，“他从来不知道饥渴。只要有点阳光，他就满足了……”</p><p> 他看着我，答复着我的思想：“我也渴了……我们去找一口井吧……”</p><p> 我显出厌烦的样子：在茫茫的大沙漠上盲目地去找水井，真荒唐。然而我们还是开始去寻找了。</p><p> 当我们默默地走了好几个小时以后，天黑了下来，星星开始发出光亮。由于渴我有点发烧，我看着这些星星，象是在做梦一样。小王子的话在我的脑海中跳来跳去。</p><p> “你也渴吗？”我问他。他却不回答我的问题，只是对我说：“水对心也是有益处的……”</p><p> 我不懂他的话是什么意思，可我也不做声……我知道不应该去问他。</p><p> 他累了，他坐下来。我在他身旁坐下。沉默了一会，他又说道：“星星是很美的，因为有一朵人们看不到的花……”</p><p> 我回答道：“当然。”而我默默地看着月光下沙漠的褶皱。</p><p> “沙漠是美的。”他又说道。</p><p> 确实如此。我一直很喜欢沙漠。坐在一个沙丘上，什么也看不见、听不见。但是，却有一种说不出的东西在默默地放着光芒……</p><p> “使沙漠更加美丽的，就是在某个角落里，藏着一口井……”</p><p> 我很惊讶，突然明白了为什么沙漠放着光芒。当我还是一个小孩子的时候，我住在一座古老的房子里，而且传说，这个房子里埋藏着一个宝贝。当然，从来没有任何人能发现这个宝贝，可能，甚至也没有人去寻找过。但是，这个宝贝使整个房子着了魔似的。我家的房子在它的心灵深处隐藏着一个秘密……</p><p> 我对小王子说道：“是的，无论是房子，星星，或是沙漠，使它们美丽的东西是看不见的！”“我真高兴，你和我的狐狸的看法一样。”小王子说。</p><p> 小王子睡觉了，我就把他抱在怀里，又重新上路了。我很激动。就好象抱着一个脆弱的宝贝。就好象在地球上没有比这更脆弱的了。我借着月光看着这惨白的面额，这双紧闭的眼睛，这随风飘动的绺绺头发，这时我对自己说道：“我所看到的仅仅是外表。最重要的是看不见的……”</p><p> 由于看到他稍稍张开的嘴唇露出一丝微笑，我又自言自语地说：“在这个熟睡了的小王子身上，使我非常感动的，是他对他那朵花的忠诚，是在他心中闪烁的那朵玫瑰花的形象。这朵玫瑰花，即使在小王子睡着了的时候，也象一盏灯的火焰一样在他身上闪耀着光辉……”这时，我就感觉到他更加脆弱。应该保护灯焰：一阵风就可能把它吹灭……</p><p> 于是，就这样走着，我在黎明时发现了水井。</p>',1,'2022-01-10 13:47:15','2022-01-10 07:17:11'),(27,27,'','<p>“那些人们，他们往快车里拥挤，但是他们却不知道要寻找什么。于是，他们就忙忙碌碌，来回转圈子……”小王子说道。</p><p>他接着又说：“这没有必要……”</p><p>我们终于找到的这口井，不同于撒哈拉的那些井。撒哈拉的井只是沙漠中挖的洞。这口井则很象村子中的井。可是，那里又没有任何村庄，我还以为是在做梦呢。</p><p>“真怪，”我对小王子说：“一切都是现成的：辘轳、水桶、绳子……”</p><p>他笑了，拿着绳子，转动着辘轳。辘轳就象是一个长期没有风来吹动的旧风标一样，吱吱作响。</p><p>“你听，”小王子说：“我们唤醒了这口井，它现在唱起歌来了……”我不愿让他费劲。我对他说：“让我来干吧。这活对你太重了。”</p><p>我慢慢地把水桶提到井栏上。我把它稳稳地放在那里。我的耳朵里还响着辘轳的歌声。依然还在晃荡的水面上，我看见太阳的影子在跳动。</p><p>“我正需要喝这种水。”小王子说：“给我喝点……”</p><p>这时我才明白了他所要寻找的是什么！</p><p>我把水桶提到他的嘴边。他闭着眼睛喝水。就象节日一般舒适愉快。这水远不只是一种饮料，它是披星戴月走了许多路才找到的，是在辘轳的歌声中，经过我双臂的努力得来的。它象是一件礼品慰藉着心田。在我小的时候，圣诞树的灯光，午夜的弥撒的音乐，甜蜜的微笑，这一切都使圣诞节时我收到的礼品辉映着幸福的光彩。</p><p>“你这里的人在同一个花园中种植着五千朵玫瑰。”小王子说：“可是，他们却不能从中找到自己所要寻找的东西……”</p><p>“他们是找不到的。”我回答道。</p><p>“然而，他们所寻找的东西却是可以从一朵玫瑰花或一点儿水中找到的……”</p><p>“一点不错。”我回答道。</p><p>小王子又加了一句：“眼睛是什么也看不见的。应该用心去寻找。”</p><p>我喝了水。我痛快地呼吸着空气。沙漠在晨曦中泛出蜂蜜的光泽。这蜂蜜般的光泽也使我感到幸福。为什么我要难过……</p><p>小王子又重新在我的身边坐下。他温柔地对我说：“你应该实践你的诺言。”</p><p>“什么诺言？”</p><p>“你知道……给我的小羊一个嘴套子……我要对我的花负责的呀！”</p><p>我从口袋中拿出我的画稿。小王子瞅见了，笑着说：“你画的猴面包树，有点象白菜……”</p><p>“啊！”</p><p>我还为我画的猴面包树感到骄傲呢！</p><p>“你画的狐狸……它那双耳朵……有点象犄角……而且又太长了！”</p><p>这时，他又笑了。</p><p>“小家伙，你太不公正了。我过去只会画开着肚皮和闭着肚皮的巨蟒。”</p><p>“啊！这就行了。”他说：“孩子们认得出来。”</p><p>我就用铅笔勾画了一个嘴套。当我把它递给小王子时，我心里很难受：“你的打算，我一点也不知道……”</p><p>但是，他不回答我，他对我说：“你知道，我落在地球上……到明天就一周年了……”</p><p>接着，沉默了一会儿，他又说道：“我就落在这附近……”</p><p>此时，他的面颊绯红。</p><p>我不知为什么，又感到一阵莫名其妙的心酸。这时，我产生了一个问题：“一星期以前，我认识你的那天早上，你单独一个人在这旷无人烟的地方走着；这么说，这并不是偶然的了？你是要回到你降落的地方去是吗！”</p><p>小王子的脸又红了。</p><p>我犹豫不定地又说了一句：“可能是因为周年纪念吧？……”</p><p>小王子脸又红了。他从来也不回答这些问题，但是，脸红，就等于说“是的”，是吧？</p><p>“啊！”我对他说：“我有点怕……”</p><p>但他却回答我说：“你现在该工作了。你应该回到你的机器那里去。我在这里等你。你明天晚上再来……”</p><p>但是，我放心不下。我想起了狐狸的话。如果被人驯服了，就可能会要哭的……</p>',1,'2022-01-10 13:47:33','2022-01-10 07:17:22'),(28,28,'','<p> 在井旁边有一堵残缺的石墙。第二天晚上我工作回来的时候，我远远地看见了小王子耷拉着双腿坐在墙上。我听见他在说话：“你怎么不记得了呢？”他说，“绝不是在这儿。”</p><p> 大概还有另一个声音在回答他，因为他答着腔说道：“没错，没错，日子是对的；但地点不是这里……”</p><p> 我继续朝墙走去。我还是看不到，也听不见任何别人。可是小王子又回答道：“……那当然。你会在沙上看到我的脚印是从什么地方开始的。你在那里等着我就行了。今天夜里我去那里。”</p><p> 我离墙约有二十米远，可我依然什么也没有看见。</p><p> 小王子沉默了一会又说：“你的毒液管用吗？你保证不会使我长时间地痛苦吗？”</p><p> 我焦虑地赶上前去，但我仍然不明白是怎么回事。</p><p> “现在你去吧，我要下来了！……”小王子说。</p><p> 于是，我也朝墙脚下看去，我吓了一跳。就在那里，一条黄蛇直起身子冲着小王子。这种黄蛇半分钟就能结果你的性命。我一面赶紧掏口袋，拔出手枪，一面跑过去。可是一听到我的脚步声，蛇却象一股干涸了的水柱一样，慢慢钻进沙里去。它不慌不忙地在石头的缝隙中钻动着，发出轻轻的金属般的响声。</p><p> 我到达墙边的时候，正好把我的这位小王子接在我的怀抱中。他的脸色雪一样惨白。</p><p> “这是搞的什么名堂！你怎么竟然和蛇也谈起心来了！”我解开了他一直带着的金黄色的围脖。我用水渍湿了他的太阳穴，让他喝了点水。这时，我什么也不敢再问他。他严肃地看着我，用双臂搂着我的脖子。我感到他的心就象一只被枪弹击中而濒于死亡的鸟的心脏一样在跳动着。他对我说：“我很高兴，你找到了你的机器所缺少的东西。你不久就可以回家去了……”</p><p> “你怎么知道的？”</p><p> 我正是来告诉他，在没有任何希望的情况下，我成功地完成了修理工作。</p><p> 他不回答我的问题，却接着说道：“我也一样，今天，要回家去了……”</p><p> 然后，他忧伤地说：“我回家要远得多……要难得多……”</p><p> 我清楚地感到发生了某种不寻常的事。我把他当作小孩一样紧紧抱在怀里，可是我感觉到他径直地向着一个无底深渊沉陷下去，我想法拉住他，却怎么也办不到……</p><p> 他的眼神很严肃，望着遥远的地方。</p><p> “我有你画的羊，羊的箱子和羊的嘴套子……”</p><p> 他带着忧伤的神情微笑了。</p><p> 我等了很长时间，才觉得他身子渐渐暖和起来。</p><p> “小家伙，你受惊了……”</p><p> 他害怕了，这是无疑的！他却温柔地笑着说：“今天晚上，我会怕得更厉害……”</p><p> 我再度意识到要发生一件不可弥补的事。我觉得我的心一下子就凉了。这时我才明白：一想到再也不能听到这笑声，我就不能忍受。这笑声对我来说，就好象是沙漠中的甘泉一样。</p><p> “小家伙，我还想听你笑……”</p><p> 但他对我说：“到今天夜里，正好是一年了。我的星球将正好处于我去年降落的那个地方的上空……”</p><p> “小家伙，这蛇的事，约会的事，还有星星，这全是一场噩梦吧？”</p><p> 但他并不回答我的问题。他对我说：“重要的事，是看不见的……”</p><p> “当然……”</p><p> “这就象花一样。如果你爱上了一朵生长在一颗星星上的花，那么夜间，你看着天空就感到甜蜜愉快。所有的星星上都好象开着花。”</p><p> “当然……”</p><p> “这也就象水一样，由于那辘轳和绳子的缘故，你给我喝的井水好象音乐一样……你记得吗？……这水非常好喝……”</p><p> “当然……”</p><p> “夜晚，你抬头望着星星，我的那颗太小了，我无法给你指出我的那颗星星是在哪里。这样倒更好。你可以认为我的那颗星星就在这些星星之中。那么，所有的星星，你都会喜欢看的……这些星星都将成为你的朋友。而且，我还要给你一件礼物……”</p><p> 他又笑了。</p><p> “啊！小家伙，小家伙，我喜欢听你这笑声！”</p><p> “这正好是我给你的礼物，……这就好象水那样。”</p><p> “你说的是什么？”</p><p> “人们眼里的星星并不都一样。对旅行的人来说，星星是向导。对别的人来说，星星只是些小亮光。对另外一些学者来说，星星就是他们探讨的学问。对我所遇见的那个实业家来说，星星是金钱。但是，所有这些星星都不会说话。你呢，你的那些星星将是任何人都不曾有过的……”</p><p> “你说的是什么？”</p><p> “夜晚，当你望着天空的时候，既然我就住在其中一颗星星上，既然我在其中一颗星星上笑着，那么对你来说，就好象所有的星星都在笑，那么你将看到的星星就是会笑的星星！”</p><p> 这时，他又笑了。</p><p> “那么，在你得到了安慰之后（人们总是会自我安慰的）你就会因为认识了我而感到高兴。你将永远是我的朋友。你就会想要同我一起笑。有时，你会为了快乐而不知不觉地打开窗户。你的朋友们会奇怪地看着你笑着仰望天空。那时，你就可以对他们说：‘是的，星星总是引我欢笑！’他们会以为你发疯了。我的恶作剧将使你难堪……”</p><p> 这时，他又笑了。</p><p> “这就好象我并没有给你星星，而是给你一大堆会笑出声来的小铃铛……”</p><p> 他仍然笑着。随后他变得严肃起来：</p><p> “今天夜里……你知道……不要来了。”</p><p> “我不离开你。”</p><p> “我将会象是很痛苦的样子……我有点象要死去似的。就是这么回事，你就别来看这些了，没有必要。”</p><p> “我不离开你。”</p><p> 可是他担心起来。</p><p> “我对你说这些……这也是因为蛇的缘故。别让它咬了你……蛇是很坏的，它随意咬人……”</p><p> “我不离开你。”</p><p> 这时，他似乎有点放心了：“对了，它咬第二口的时候就没有毒液了……”</p><p> 这天夜里，我没有看到他起程。他不声不响地跑了。当我终于赶上他的时候，他坚定地快步走着。他只是对我说道：“啊，你在这儿……”</p><p> 于是他拉着我的手。但是他仍然很担心：“你不该这样。你会难受的。我会象是死去的样子，但这不会是真的……”</p><p> 我默默无言。</p><p> “你明白，路很远。我不能带着这付身躯走。它太重了。”</p><p> 我依然沉默不语。</p><p> “但是，这就好象剥落的旧树皮一样。旧树皮，并没有什么可悲的。”</p><p> 我还是沉默不语。</p><p> 他有些泄气了。但是他又振作起来：“这将是蛮好的，你知道。我也一定会看星星的。所有的星星都将是带有生了锈的辘轳的井。所有的星星都会倒水给我喝……”</p><p> 我还是沉默不语。</p><p> “这将是多么好玩啊！你将有五亿个铃铛，我将有五亿口水井……”</p><p> 这时，他也沉默了，因为他在哭。</p><p> “就是这儿。让我自个儿走一步吧。”</p><p> 他这时坐下来，因为他害怕了。他却仍然说道：“你知道……我的花……我是要对她负责的！而她又是那么弱小！她又是那么天真。她只有四根微不足道的刺，保护自己，抵抗外敌……”</p><p> 我也坐了下来，因为我再也站立不住了。他说道：“就是这些……全都说啦……”</p><p> 他犹豫了一下，然后站起来。他迈出了一步。而我却动弹不得。</p><p> 在他的脚踝子骨附近，一道黄光闪了一下。刹那间他一动也不动了。他没有叫喊。他轻轻地象一棵树一样倒在地上，大概由于沙地的缘故，连一点响声都没有。</p>',1,'2022-01-10 13:47:53','2022-01-10 07:17:35'),(29,29,'','<p> 到现在，一点不错，已经有六年了……我还从未讲过这个故事。同伴们重新见到了我，都为能看见我活着回来而高兴。我却很悲伤。我告诉他们：“这是因为疲劳的缘故……”</p><p> 现在，我稍微得到了些安慰。就是说……还没有完全平静下来。可我知道他已经回到了他的星球上。因为那天黎明，我没有再见到他的身躯。他的身躯并不那么重……从此，我就喜欢在夜间倾听着星星，好象是倾听着五亿个铃铛……</p><p> 可是，现在却又发生了不寻常的事。我给小王子画的羊嘴套上，忘了画皮带！他再也不可能把它套在羊嘴上。于是，我思忖着：“他的星球上发生了什么事呢？大概小羊把花吃掉了吧……”</p><p> 有时我又对自己说，“绝对不会的！小王子每天夜里都用玻璃罩子罩住他的花，而且他会把羊看管好的……”想到这里，我就非常高兴。这时，所有的星星都在柔情地轻声笑着。</p><p> 忽而我又对自己说：“人们有时总免不了会疏忽的，那就够戗！某一天晚上他忘了玻璃罩子，或者小羊夜里不声不响地跑出来……”想到这里，小铃铛都变成泪珠了！</p><p> 这真是一个很大的奥秘。对你们这些喜欢小王子的人来说，就象对于我来说一样，无论什么地方，凡是某处，如果一只羊（尽管我们并不认识它），吃了一朵玫瑰花，或是没有吃掉一朵玫瑰花，那么宇宙的面貌就全然不同。</p><p> 你们望着天空。你们想一想：羊究竟是吃了还是没有吃掉花？那么你们就会看到一切都变了样……</p><p> 任何一个大人将永远不会明白这个问题竟如此重要！</p><p>End</p>',1,'2022-01-10 13:48:08','2022-01-10 07:17:52'),(30,30,'','<p> 从前，有一个国王娶了一位美丽善良的王后。王后的两个坏姐姐非常嫉妒王后，就商量着怎么陷害王后。</p><p> 王后生下了两个小王子和一个小公主，王后的两个坏姐姐就把他们放进木桶里扔进了小河。两个坏姐姐就跑到国王面前诬告王后，说她害死了三个孩子。国王听后非常生气，便把王后关进了监狱。</p><p> 三个孩子的木桶顺着小河，漂到了看园人和他的妻子的小房子前，被他们捡到了。看园人夫妇给王子和公主盖了一座漂亮的房子和花园，王子和公主就快乐地生活着。有一天，一个老人出现在他们面前，对他们说：“如果你们能找到三件宝贝，你们的房子就会变得更加完美。”“哪三件宝贝呢？”“会说话的鸟、黄金水和奏乐树。”</p><p> 老人说完，就不见了。两个王子便出发去找宝贝。一年以后，两个王子都没回来。于是，公主决定去找他们。</p><p> 路上，她碰到一位老人。老人告诉她她的哥哥都变成了石头。然后，老人给了她一个小球，并对她说：“你只要跟着小球跑，就能找到你哥哥和宝贝。不过在路上会有可怕的声音，你不能回头。否则，你也会变成石头。”在路上，她果然听到了可怕的声音，但是她没有回头看，就这样她找到了哥哥。然后他们开始去找宝贝，没过多久，宝贝都找到了，他们就带着宝贝回到王宫。</p><p> 会说话的鸟对国王说：“您受骗了，国王！王后的两个姐姐坏透了，她们狠心地抛弃了这三个孩子，还诬告王后害死他们。看吧，现在三个孩子都在你们面前了。”</p><p> 国王听到这些话，马上找来两个坏姐姐。她们发现罪行已经给揭穿了，只好说出了实情。国王发现了自己的错误，立刻下令放出王后，并处死了两个姐姐。从此，他们一家人快乐地生活在一起。</p>',1,'2022-01-10 14:03:31','2022-01-10 07:07:14'),(31,31,'','<p> 从前，有一个人要作长途旅行。临行时，他问自己的三个女儿，她们要他给带什么。</p><p> 大女儿回答要珍珠，二女儿回答要金刚钻，三女儿却说：“亲爱的爸爸，我想要一只会唱会跳的百灵鸟。”“好的，”父亲回答，“只要我捉得到，我一定带给你。”说着吻了三个女儿，出发了。</p><p> 过了一些时候，他又踏上了归途，井已经为大的两个女儿买到珍珠和钻石，可到处寻找小女儿要的会唱会跳的百灵鸟却没找着，心里感到挺遗憾，因为他最疼爱他的小女儿嘛。</p><p> 一天，他穿过一片森林，林中有一座漂亮的宫殿，宫殿旁边长着一棵树，就在这棵树的树梢顶上，他看见有一只百灵鸟在那儿又是唱，又是跳。“哎，你来得正好!”他高兴地说，急忙叫他的仆人爬上树去抓那只鸟儿。可谁知道，仆人一走近树，树下立刻跳出来一头大狮子，抖动着鬃毛大声咆哮，震得周围树上的叶子都颤栗起来。“谁想偷走我会唱会跳的小百灵，我就把谁吃掉。”狮子吼道。那位父亲回答：“我不知道这只鸟儿是你的，可我愿意改正自己的错误，并且多多地给你一些金子，只求你留下我的性命。”狮子却说：“你想活命只有一个办法，就是在这儿起誓：回家后第一个碰见什么，就把什么送给我。你要愿意这样做，我不但饶你的命，还把树顶上那只小鸟送给你女儿。”</p><p> 那位父亲呢，不肯这样做，他说：“我很可能失去我的小女儿啊，因为她最爱我，我每次回家去，都是她第一个跑来迎接!”可他的仆人很害怕，因此劝他说：“难道一定会是您的女儿吗?也可能是一只猫或者一条狗哩。”那个父亲被说动了，接过了狮子会唱会跳的百灵鸟，答应把回家后碰见的第一件东西送给狮子。</p><p> 回到家，他一踏进门，第一个碰见的不是别的，正是他最小的女儿!她飞快朝父亲跑来，又是拥抱又是亲吻，一见他带回来了那会唱会跳的百灵鸟儿，更加喜不自胜。</p><p> 父亲却欢喜不起来，反倒开始痛哭流涕，说：“亲爱的孩子，这只小鸟儿可花了我大代价啦!为得到它，我被迫答应把你送给狮子，这野兽一得到你，会把你咬死吃掉的!”于是对她讲了全部情况，求她别去狮子那儿，不管发生什么事情。女儿却安慰父亲说：“亲爱的爸爸，您许下的诺言还是得兑现。我愿意去狮子那儿，一定设法驯服它，自己安然无恙地回来。”</p><p> 第二天早上，她问清楚路怎么走，就告别家人，到森林里去了。哪知狮子本是一位王子，只因中了魔法，白天才变成雄狮的模样，他身边的所有人也变了狮子，但一到夜里又全部恢复人形。</p><p> 小姑娘到达时受到很亲切的接待，被领进了王宫中。夜幕降临，他变成一位英俊的青年，和姑娘举行盛大的婚礼。他们俩一起过着幸福的生活，白天睡觉，夜里醒着。</p><p> 一天，丈夫对妻子说：“明儿个你父亲家里有一个热闹的聚会，因为你大姐结婚。要是你乐意，可以带上我的狮子去参加。”妻子回答乐意，她很想去看看自己的父亲，于是就由狮子陪伴着乘车去了。</p><p> 她一到家，大伙儿真高兴极了，因为都相信她被狮子咬死吃掉而早已不在人世。她告诉他们自己嫁了一个多么英俊的丈夫，日子过得多美满。在婚礼进行期间，她一直住在家里，然后才又回到森林里去。</p><p> 过了一些时候二姐结婚，她又被请去参加婚礼。她对丈夫说：“这次我不想一个人去，你得陪我。”雄狮丈夫却回答说，不行，这对他太危险，因为那里的灯光只要一照着他，他就会变成一只鸽子，跟随鸽群在一起飞七年。“唉，”妻子说，“只管跟我去吧，我会保护好你，使你照不到任何灯光。”</p><p> 于是，他俩一块儿去了，而且带着他们的小孩子。她让人在家里建一间厅堂，墙壁砌得厚厚实实，一点灯光都透不进去，当婚礼的蜡烛亮起来时，王子就坐在厅堂里面。</p><p> 这时候，盛大的婚礼开始了，当人们从教堂回来，打着许多火把举着许多蜡烛从厅堂前经过，一丝亮光落到了王子身上，就在这一瞬间，他已变了。当妻子回来找时，已不见丈夫，在丈夫坐的地方却蹲着只白色的鸽子。</p><p> 鸽子对她说：“我得去世界上飞整整七年呵。可是每飞七步，我都要洒一滴红红的鲜血，丢一片洁白的羽毛，为你指路;你只要跟踪找来，就可以搭救我!”</p><p> 说完，鸽子飞出门去了，妻子紧跟在后面。每走七步，天上就掉下一滴红红的鲜血和一片洁白的羽毛，为她指路。</p><p> 就这样，她走啊走啊，走到了天涯海角，也没有回一回头，也不曾停下歇一歇。终于，七年快满了，她非常高兴，以为丈夫和她马上就要得救，其实她离目的地还远着哩。</p><p> 一天，她正走着，天上既不一再飘下羽毛也没有鲜血往下滴啦，她抬头一看，鸽子已不知去向。</p><p> 她想：人们会帮助我的，于是向高处的太阳爬去，对太阳说：“你照射进一切缝隙，一切高峰全在你的照耀下，你曾见到一只白色的鸽子吗?”“没有，”太阳回答，“我没见过一只白色的鸽子。不过我送你这个小盒子，你要是遇着危难，就打开它吧。”她向太阳道了谢，继续往前走，直走到天黑了月亮出来。她于是又问月亮：“你整夜光明，照彻了一切的田野和森林，难道没见到一只白色的鸽子吗?”“没有，”月亮回答，“我没见到一只白色的鸽子。不过我送你这只蛋，你要是遇着危难，就敲破它吧。”她向月亮道了谢，继续往前走，直走到起了夜风，吹拂着她。她又对夜风说：“你呀吹过所有树梢，吹进所有叶簇，难道没看见一只白色的鸽子么?”“没有，”夜风回答，“我没见过一只白色的鸽子。不过我可以问问另外三种风，它们也许见过。”东风和西风被叫来了，它们说什么也没见过;南风却回答：“我见过一只白鸽，它向红海飞去了。在那儿它又变成一头雄狮，因为七年已经满了。狮子眼下正跟—条巨蟒搏斗，巨蟒却是一位中了魔法的公主。”于是，夜风告诉她：“我愿意给你出个主意：你去红海，在红海的右岸上长着高大的芦苇，你要数到第十一根，然后把它割下来，拿去抽打巨蟒。这样，狮子便可战胜它，他俩随后也会恢复人形了。你呢马上四处张望，将会看见住在红海边的巨雕格莱弗，你和你爱人得赶快跳到它背上，它会驮着你们飞越海洋，返回家园。你还会得到一枚核桃。当你们飞临海的中央，你得把它扔下去，它马上会绽开，从海水中长出一株高大的核桃树来，让巨雕落在上边休息。它要不歇一歇，就没足够的力气把你们驮过大海;你要是忘记扔核桃，它就把你抛进海里。”</p>',1,'2022-01-10 14:06:11','2022-01-10 07:19:12'),(32,32,'','<p> 从前，一个农夫养了一头驴。这头驴为他辛勤劳作已经有许多年了，但无情的岁月加上多年的劳作，使他现在衰老了，干活一天不如一天，越来越难以胜任以前的工作了。因此，他的主人不想再留着他，准备将他杀掉。可是，驴子却看出了主人的心意，于是悄悄地跑了出去，一路向城里行进。</p><p> 他想：“到了那里，我也许能当一名音乐家了。”</p><p> 走了一段路，他发现路边躺着一条狗，像是极度疲劳一样，不停地喘着气。驴子上前问道：“朋友，你怎么气喘成这个样子啊？”这条狗答道：“哎！因为我老了，气力也不足了，再也不能随我的主人一同出去打猎，所以主人准备把我打死。我就跑了出来，可现在我靠什么来谋生呢？”驴说道：“这样吧，我准备到城里去当音乐家，要是你愿意和我一起去的话，我们倒是志同道合，你愿意吗？”狗马上说他愿意一起去，这样，他们成了同路人。</p><p> 走不多远，他们看见一只猫蹲在路中央，一副愁眉苦脸的样子。驴上前说道：“这位女士，请告诉我们，你这是怎么了？你怎么这样一付没精打采的样子。”“我嘛！”猫叹了口气说，“谁的生命有了危险，他的精神还能好得起来吗？就因为我老了，只想躺在火炉边休息，不想去抓房里的老鼠，我的女主人就抓住我，要把我淹死。尽管我幸运地从她那儿逃了出来，可我不知道这以后靠什么维持生计。”“好吧！你就和我们一道进城去，晚上你是一个很好的歌手，当一个音乐家会带给你好运的。”猫听了这一建议，愉快地加入了他们的行列。</p><p> 走不多久，他们经过一个农庄，看见一只公鸡栖息在一扇门上放开嗓门啼叫着。“妙啊！”驴子说，“你的声音挺不错的，能说说这是唱的什么吗？”“唉！”公鸡回答道，“我现在是说今天是个好天气，正好是洗衣日，我的女主人和厨师不仅不感谢我这番苦心，还准备明天把我杀了，给星期天来的客人煨鸡汤喝。”“但愿不会发生这样的事！”驴子说道，“雄鸡，与我们一起到城里去吧！不管怎样，总比待在这儿等着杀头要好得多！再说也没人知道。要是我们轮着来唱歌，我们就能组织一场音乐会了。加入我们的行列吧！”公鸡说道：“好吧！我一定会尽心尽意的。”他们四个一起高兴地踏上了进城的路。</p><p> 然而，城里不是一天能走到的，所以当天黑下来时，他们只好走进一片树林去安歇。驴子和狗睡在了一棵大树下，猫爬上树睡在树杈上，而公鸡则认为待的地方越高越安全，因此他飞到了树顶上，他还有一个习惯，就是在睡觉前要看看周围的每个东西是不是有什么不对劲。他挺直脖子一看，发现远处有光线射过来，马上对他的同伴们叫喊道：“不远的地方一定有一所房子，因为我看到了灯光。”驴子说：“如果真有房子，那我们最好还是换个地方睡吧。现在睡的地方太糟糕了。”狗又接着说：“而且，说不定还能在那儿找到几根骨头或是一些肉哩！”于是，他们一起向公鸡看见的方向走去。随着他们走近，灯光变得越来越明亮了。最后，他们来到一座强盗住的房子前。</p><p> 他们当中驴子的个头最大，他走到窗户跟前偷偷朝房子里看去。公鸡问道：“驴儿，你看见什么了？”“我看见什么了？”驴子重复说道，“我看见一张桌子上摆满了各种好吃的东西，强盗们正高兴地坐在桌子周围。”公鸡说道：“但愿这是为我们准备的”。驴子也说道：“是啊！只要我们能进去就成。”接着，他们一起商量怎样才能把强盗赶走。最后，他们想出一个办法：驴子后腿站立、前腿搭到窗台上，狗站在驴的背上，猫又爬在狗的背上，而公鸡则飞起来坐在猫的头上。他们站好后，约定了一个信号，然后一齐鸣叫起来。驴子哇呜哇呜地吼叫，狗汪汪狂地吠，猫呜呜呜地叫喊，公鸡尖声啼鸣。他们又同时打破窗户，翻进了房间里。玻璃的碎裂声，可怕的喧闹声，把强盗们完全吓坏了，惊慌失措中，以为是可怕的妖怪找上了他们，拼命地逃了出去。</p><p> 一切归于平静后，这几个闯荡江湖的不速之客坐了下来，匆匆吃起了强盗们留下的食物，那狼吞虎咽的样子就像他们已经一个月没吃东西似的。他们吃饱之后，把灯灭了，各自依自己的习惯找到了休息的地方，驴子躺在院子里的一堆草上，狗趴在门后面的一个垫子上，猫蜷曲在仍有炉灰余热的壁炉前，公鸡栖息在房顶的屋梁上。他们走了这许多路，已相当困倦，不久就睡着了。</p><p> 到了半夜，强盗们从远处看见房子没了灯光，一切都显得很安静，想到自己在惊慌中是否逃得太匆忙了。其中一个胆子大一些的强盗准备去看看。当他走进厨房时，没有发现异案情况，便摸索着找到了一盒火柴想把蜡烛点燃。偶然看见了猫那双闪烁着火焰般的亮光的眼睛，他误认为是没有熄灭的炉中炭火，便将火柴凑上前去想点燃它。但猫却不懂得开玩笑，起身猛地向强盗的脸上扑去，又是啐又是抓。那强盗吓了一大跳，急忙撤腿就往门外跑。可到门口却被那条狗扑上来在腿上咬了一口，穿过院子时驴子又踢了他一脚。公鸡此时被吵闹声惊醒了，拼命地叫了起来，那强盗被唬得连滚带爬地跑回了树林中同伴的藏身处，心有余悸地对强盗头子说：“多恐怖啊，一个可怕的巫婆待在屋子里，她向我的脸上吐唾沫，又用那长长的，瘦骨伶伶的爪子抓我的脸；门后面藏着一个人，手里拿着一把刀，一下子刺在了我的腿上；院子里站着一个黑色的怪物，他拿着一根大棒向我乱打；房屋的顶梁上还坐了一个恶魔，他大喊道：‘把那个恶棍扔到这儿来！’”从此，强盗们再也不敢回那屋子了，而那些音乐家们也就高兴地在里面住了下来。我敢说他们现在仍住在那里面呢。</p>',1,'2022-01-10 14:07:03','2022-01-10 07:22:23'),(33,33,'','<p> 小弟弟拉着小姐姐的手说：“自从妈妈死了之后，我们没有过过幸福的日子。继母天天打我们，而且只要我们走到她的跟前，她就用脚把我们踢开。我们每天吃的都是硬梆梆的剩面包皮，连桌子下面的小狗吃的都比我们好，因为她常常丢一些好吃的东西给它。愿上帝可怜我们，让我们的妈妈知道就好了！走，我们一起逃出去吧。”</p><p> 他们在草地、田野和石岩中整整走了一天。突然天下起了雨，小姐姐便说：“看哪，天在和我们的心一起哭泣呢。”傍晚，他们来到了一片大森林，由于伤心和饥饿，再加上走了这么长的路，他们累坏了，便钻进一棵空心大树，躺在里面睡着了。</p><p> 当他们第二天醒来时，太阳早已高高地挂在了天上，温暖地照进了这棵空心大树。小弟弟说：“姐姐，我口渴。要是知道哪里有条小溪，我就去喝点水。我好像听到小溪的流水声了。”弟弟站起来，拉着小姐姐的手，走过去找那条小溪。可是他们那坏心肠的继母是个女巫，知道两个孩子逃跑了，便和所有的女巫一样，偷偷地跟在他们的后面，把森林里所有的小溪都使了妖术。</p><p> 看到有条清亮的小溪正在岩石间流淌，小弟弟便想过去喝水，可是小姐姐听到小溪的流水在说话：“谁喝我就会变成老虎！谁喝我就会变成老虎！”小姐姐赶紧叫道：“好弟弟，我求你千万不要喝这水，要不你会变成一只野兽，把我撕碎的。”小弟弟便忍着口渴，不去喝那水，但是他说：“我忍着等找到第二条小溪的时候再喝。”</p><p> 当他们来到第二条小溪前时，小姐姐又听到这条小溪在说：“谁要是喝了我，就会变成一头狼！谁要是喝了我，就会变成一头狼！”小姐姐于是便叫道：“好弟弟，我求你千万不要喝这水，不然你会变成一头狼，把我吃掉的。”小弟弟没有喝，说：“我忍着等找到下一条小溪。到时候不管你说什么，我都是要喝的，因为我实在是渴坏了。”</p><p> 当他们来到第三条小溪前时，小姐姐听到小溪在说：“谁要喝我就会变成一头鹿！谁要喝我就会变成一头鹿！”姐姐便说：“好弟弟，我求求你，千万不要喝这水，不然你会变成一头鹿，从我的身边跑走的。”可是弟弟一见小溪就跪了下去，弯下腰去喝水了。嘴唇刚碰到几滴水，趴在那里的他就变成了一头小鹿。</p><p> 看到可怜的弟弟中了魔法，小姐姐哭了起来，小鹿也坐在她的身边伤心地哭着。终于，小姑娘说道：“亲爱的小鹿，别哭了，我永远不会离开你的。”</p><p> 她解下一根金袜带，系在小鹿的脖子上，然后又拔了一些灯芯草，编了一根软绳。她给小鹿拴上这根绳子，牵着它向森林的深处走去。</p><p> 他们走呀走，终于来到了一座小屋前。小姑娘朝里面望了望，看到里面是空的，便想：“我们可以留下来，住在这里。”于是，她找来许多树叶和青苔，给小鹿铺了一张柔软的床。她每天早晨出去，为自己采集草根、浆果和坚果，还给小鹿带回来一些嫩草。小鹿吃着她手里的草，总是高兴地围着她跳来跳去。到了晚上，累了一天的小姐姐做完祈祷后，便把头靠在小鹿的背上，像靠着枕头一样安静地睡觉。要是她的弟弟还保持着人的形状，这种生活倒也挺美！</p><p> 他们就这样孤单寂寞地在野外生活了一段时间。一天，这个国家的国王来到这片森林里打猎。森林里到处都是号角声、狗吠声和猎手们的欢笑声。小鹿听到了这些，非常想去看一看。“哦，”它对姐姐说：“让我去那里吧。我实在忍不住了！”它左请求右请求，姐姐终于答应了。她对它说：“可是你晚上要回到我的身边来。我很怕那些粗野的猎人，所以会把门关上，你回来时只要敲门说：‘我的小姐姐，让我进去吧！’，我就知道是你回来了。要是你不说这句话，我就不开门。”小鹿蹦蹦跳跳地离开了家，来到屋外的世界，它感到真是又舒服又开心。</p><p> 国王和猎手们看到这头美丽的小鹿，便追了过来，可他们怎么也抓不住它。每当他们以为一定能抓到它时，它总是跃进树丛不见了。天黑后，它跑到小屋那里，敲了敲门，说：“我的小姐姐，让我进去吧！”门立刻便开了，它跳进去，在柔软的床上好好睡了一晚。</p><p> 第二天，围猎又开始了。当小鹿再次听到号角声以及猎手们发出的“嗬嗬嗬”的喊叫声时，它再也安静不下来了。它说：“姐姐，让我出去吧！我一定要出去！”它的姐姐给它开了门，对它说：“但是你晚上一定要回来，而且还要讲那句暗语！”</p><p> 当国王和猎手们再次看到这头带着金项圈的小鹿时，他们又一起朝它追去，只是它对他们来说太快、太机灵了。他们追了一整天，终于在黄昏时把它围住了。一个猎手还把它的脚射伤了一点，它只好一瘸一拐地慢慢向前跑。一个猎手悄悄跟着它来到了小屋前，听到它说：“我的小姐姐，让我进去吧！”猎手看到小屋的门开了一下，小鹿进去后便立刻又关上了。猎手把这一切看在眼里，回去后把自己的所见所闻告诉了国王。国王说：“我们明天再去打猎。”</p><p> 小姐姐看到小鹿受伤后害怕极了，她给它洗去了身上的血迹，在它的伤口敷上药草，说：“亲爱的小鹿，快去床上躺下，好好养伤。”但是那伤口很轻，小鹿第二天早上就没有任何感觉了。当它又听到外面打猎的叫喊声时，它说：“我再也忍不住了。我一定要去那里。我不会让他们轻而易举地抓住我的。”姐姐哭着说：“他们这次肯定会杀死你的，然后就剩下我一个人孤孤单单、无依无靠地在这森林里，我不能让你出去。”“那我在屋里会憋死的，”小鹿说，“当我听到号角的声音时，我仿佛感到自己的心脏都要跳出来了。”做姐姐的再也没有别的办法，只好带着沉重的心情为它打开门。小鹿快乐地朝森林跑去。</p><p> 国王看到小鹿时，对报信的那个猎手说：“你过来。带我到那座小屋去。”到了小屋前，他敲门叫道：“我的小姐姐，让我进去吧！”门一打开，国王便走了进去，看到屋里有一位他所见过的最美丽的姑娘。看到进来的不是小鹿，而是一个头上带着金王冠的男人，姑娘很害怕，可是国王和善地望着她，向她伸出手去说：“你愿意跟我回去，做我亲爱的妻子吗？”“愿意，”姑娘说，“可是小鹿得跟我一起去。我离不开它。”国王说：“它可以永远呆在你的身边，而且什么也不会缺少的。”就在这时，小鹿跑了进来，姐姐给它拴上灯芯草绳，牵着它，跟着国王一起离开了林中的小屋。</p><p> 国王把这可爱的姑娘放到马背上，把她带回了王宫，并且在那里举行了盛大的婚礼。她现在成了王后，和国王一起幸福地生活了许多年。小鹿受到了细心的照料，在王宫的花园里跑来跑去。</p><p> 可是那个邪恶的继母，自从两个孩子因为她而离家出走之后，以为小姐姐肯定在森林中被野兽撕成了碎片，小弟弟也肯定被猎人们当做小鹿射死了，可现在听到他们生活得很幸福、很美满，嫉妒和怨恨像两把烈火在她的心中燃烧，使她片刻也不得安宁。她成天盘算着怎么再次给姐弟俩带来不幸。她自己的女儿丑得像黑夜一样，而且只有一只眼睛，这时也责怪她说：“她当王后！这种好事应该属于我！”“别闹，”</p><p> 老婆子安慰她说，“等时候一到，我会让你如愿的。”</p><p> 不久，王后生下了一个漂亮的男孩，而国王碰巧外出打猎去了。老巫婆便打扮成一个使女，走进王后的卧室，对她说：“来吧，洗澡水已经烧好了。洗一洗对你有好处，能使你恢复精力。快点，不然水就要凉了。”</p><p> 她的亲生女儿也在旁边，于是母女俩把虚弱的王后抬进洗澡间，把她放进澡盆，然后锁上门跑了。她们在洗澡间里生了一堆熊熊燃烧的旺火，不一会儿就使年轻漂亮的王后窒息而死。</p><p> 然后，老婆子拉着她的女儿，给她戴上一顶睡帽，让她躺到王后的床上。她还让她的女儿有了王后一样的身材和长相，只是她无法给女儿一只眼睛。为了不让国王看出破绽，她只好侧着身子，向着没有眼睛的那一边睡。</p><p> 傍晚，国王回到家中，得知王后给他生了个儿子，心中非常高兴，马上要去床边看看他亲爱的妻子。可是老婆子立刻叫道：“千万不要拉开窗帘！王后还不能见光，需要好好休息！”国王走了出去，没有发觉床上躺着的是个假王后。</p><p> 可是到了半夜，当所有的人都睡着了时，坐在婴儿室摇篮旁独自守夜的保姆看到门开了，真的王后走了进来。王后从摇篮里抱起婴儿，搂在怀里给他喂奶。然后她抖一抖孩子的小枕头，把孩子重新放进摇篮，给他盖上小被子。她也没有忘记小鹿，而是走到它躺的角落，抚摸着它的背，然后才悄悄地走出房门。第二天早晨，保姆问卫兵晚上有没有人进过宫，可卫兵们都说：“没有，我们谁也没有看见。”就这样，一连很多天，王后总是在夜里来到这里，但她从来不说一句话。保姆每次都看见她，可又不敢把这告诉任何人。</p><p> 这样过了一些时候，王后有天夜里开口说道：</p><p> “我的孩子怎么办？我的小鹿怎么办？</p><p> 我还能再来两次。以后就再也不能来了。”</p><p> 保姆没有答腔，可等王后一走，她立刻跑到国王那里，把一切都告诉了他。国王说：“啊，上帝呀！这是怎么回事呀？明天晚上我要亲自守在婴儿身旁。”晚上，他进了婴儿室。到了半夜，王后真的又来了，而且说道：</p><p> “我的孩子怎么办？我的小鹿怎么办？</p><p> 我还能再来一次。以后就再也不能来了。”</p><p> 她像往常一样给孩子喂了奶，然后就走了。国王不敢和她说话，可第二天晚上仍然去守夜。只听王后在说：</p><p> “我的孩子怎么办？我的小鹿怎么办？</p><p> 这是我最后一次来这里，以后再也不能来了。”</p><p> 国王听到这里，再也无法克制自己。他朝她跑去，说：“你肯定是我亲爱的妻子！”她回答：“是的，我是你亲爱的妻子。”话刚出口，她就立刻恢复了生命，而且，靠着上帝的恩典，她变得非常健康，脸色非常红润。</p><p> 她把那邪恶的巫婆和巫婆的女儿对她犯下的罪行告诉了国王。国王立刻命令审判她俩，对她们作出了判决。女儿被带到了森林里，被野兽撕成了碎片；老巫婆被投进火里可悲地烧成了灰烬。就在老巫婆被烧成灰烬的一刹那，小鹿也变了，重新恢复了人的形状。从此，姐姐和弟弟一直幸福地生活在一起，直至白发千古。</p>',1,'2022-01-10 14:07:26','2022-01-10 07:22:36'),(34,34,'','<p> 从前，有一对恩爱的国王和王后，他们很希望可以有个孩子，可是一直没能如愿。</p><p> 有一天，王后坐在浴池旁，一只翠绿的青蛙跳到她身边，对她说：“恭喜你，王后，你的愿望很快就要实现了，一年以后，你会有一个漂亮的公主。”王后听了十分开心。</p><p> 过了一年，王后果然生下了一个漂亮的公主。国王和王后都十分高兴，特别举办了一个盛大的宴会，不仅邀请了所有的朋友和熟人，还专门派人邀请了全国的预言家，希望预言家能够给公主带来美好的祝福。国家里的预言家有十三个，但是，由于用来吃饭的金碟只有十二个，所以，他们当中的一个没有接到邀请。</p><p> 到了举办宴会那天，十二个预言家都应邀而来，在宴会结束时，他们各自向公主送上美好的祝福：有的送“美貌”，有的送“智慧”，有的送“富有”……每一种祝福都是人们最想要的，国王和王后乐得合不拢嘴。当第十二个预言家正要送上祝福时，那个没有受到邀请的第十三个预言家忽然怒气冲冲地闯了进来，大声对公主说：“在公主十五岁那年，她会因为纺锤扎破手指而死去。”说完，第十三个预言家留下目瞪口呆的人们径自离去。幸好，第十二个预言家还没有送上她的祝福。但是她无法打破上一个预言家的预言，她只能让这个恶毒(malicious)的预言减弱。于是，她沉吟了一下说：“公主并没有死去，她只是沉睡一百年。”</p><p> 宴会结束后，国王为了保护这个来之不易的女儿，下令烧掉全国的纺锤。在国王和王后的小心呵护下，公主渐渐长大，预言家们送给她的所有祝福都实现了：她美丽、聪明、温柔，得到了所有人的喜爱。然而，不幸还是发生了。在公主十五岁那年，国王和王后恰好不在家，只有公主一个人在王宫里玩耍。她在王宫里走来走去，看遍了所有的房间。最后，她发现了一座古塔，那是她从来没有去过的。她拨开楼梯上的蜘蛛网，顺着狭窄的楼梯爬上了古塔。古塔上有一个小屋，木门上的把手发出金色的光芒。她好奇地推开门，看到一个老太太正拿着纺锤在纺麻。“这是什么东西？”公主一边说一边把手伸向老太太手中的纺锤。纺锤一到了公主手里，马上就刺了她一下。预言应验了！公主迷迷糊糊地睡着了。整个王宫也随着公主一起沉睡：刚刚回来的国王和王后，马厩里的马，院子里的狗，屋顶上的鸽子，墙上的苍蝇，甚至灶膛里的火苗，都睡着了。</p><p> 一天过去了，又一天过去了，也不知道过了多少天，王宫的周围开始长出青藤和有刺(thorn)的玫瑰。一年过去了，又一年过去了，又不知道过了多少年，青藤和玫瑰渐渐把王宫整个包围起来了，甚至连屋顶和烟囱都看不见。但是，一个关于睡美人的故事开始在各地流传。许多国家的王子都想穿过玫瑰花丛，走到王宫，看看这个漂亮的玫瑰公主。可是，没有一个王子能够做到。不论是谁，只要一靠近玫瑰花丛，青藤和玫瑰就仿佛长了手一样，把这个人紧紧抓住，直到这个人死去。就这样，又过了很多年。又一个王子来到这里。一个老人向他讲述了关于睡美人的故事。老人说，听他爷爷的爷爷说，这里躺着一个美丽的玫瑰公主，她和她的王宫在这里沉睡了一百年。许多王子都试图穿过玫瑰花丛去解救公主，但是都没有成功。年轻的王子听说后，也想去试一试。老人再三劝阻(dissuade)他，仍然不能改变他的心意。</p><p> 这时，恰巧是第一百年，是玫瑰公主应该醒来的日子。所以，当王子来到玫瑰花丛时，青藤和玫瑰不仅不去抓他，反而自动让开一条路，放王子进去。王子发现，王宫很大，但安静极了，似乎可以听到自己心跳的声音。院子里，马和狗都在睡觉；屋顶上，鸽子把头藏在自己的翅膀下；餐厅里，苍蝇趴在墙上一动不动；厨房里，厨师正举着手，似乎要打他旁边的助手；储藏室旁，女仆坐在黑母鸡前，好像正要给鸡拔毛；大厅里，国王和王后坐在王座上睡得很香甜。</p><p> 最后，王子爬上古塔，在一个房间里发现了沉睡一百年的玫瑰公主。公主实在太漂亮了，她的皮肤像陶瓷一样光滑，脸颊像苹果一样红润。王子忍不住亲了公主一下。他的唇刚刚碰到公主的脸颊，公主就醒过来了。她睁开双眼，看着王子，露出迷人的微笑。</p><p> 王子和公主一起走下古塔，发现整个王宫都随着公主苏醒了。国王和王后正在交谈，马和狗都站起来了，鸽子从翅膀下拿出自己的头，苍蝇飞走了，厨房的厨师打了他的助手一巴掌，女仆面前的鸡已经被拔光了毛。整个王宫弥漫着香浓的烤肉味。不久，王子和公主举办了盛大的婚礼，开开心心白头到老。</p>',1,'2022-01-10 14:07:49','2022-01-10 07:22:47'),(35,35,'','<p> 有一次，一个鞋匠和一个裁缝在旅行途中碰到一块了。裁缝是一个漂亮的小伙子，总是高高兴兴，快快乐乐的。他看见鞋匠从对面走过来，一看他的背包就知道他是干哪一门手艺的，于是就朝他唱了一首歌，取笑他：“给我缝缝鞋，给我拉捻线，两边涂沥青，给我敲鞋钉。”</p><p> 鞋匠经不起别人开玩笑，皱着眉头就跟喝了醋一样，要去抓小裁缝的领子。小伙子笑了起来，把他的酒瓶递给鞋匠，说：“我可没恶意，喝口酒气就消啦，”鞋匠喝了一大口酒，脸上的怒气也开始消失了。他把酒瓶还给裁缝，说：“我狠狠地喝了一口，人们只说某某喝得多，可就不问他有多么渴。我们要不要一块儿旅行？”裁缝说：“如果你有兴趣到活儿多的大城市去话的，我就同意。”鞋匠说：“我也正想去那样的地方呢，在小地方赚不着钱，乡下人宁愿打赤脚。”于是他们便结伴继续旅行，就像黄鼠狼在雪地里一样，一步一步地慢慢朝前走。他们俩有的是时间，可吃的东西却没那么多。</p><p> 他们每到一座城市，就各自去拜访他们的手工业行会。因为小裁缝看上去很精神，人又活跃，还有一张漂亮的红脸蛋儿，所以大家都愿意给他活儿干。如果运气好的话，临走的时候师傅的女儿还会亲他一下。每当他和鞋匠又到一块儿的时候，他包里的东西总比鞋匠多。脾气暴躁(irritable)的鞋匠阴沉着脸说：“越是坏蛋，运气越好。”而小裁缝却总笑着、唱着，把他得到的东西分给他的同伴。他兜里一有钱就叫人端饭又端菜，高兴得直敲桌子，敲得杯子都跳了起来。“钱来得容易，去得也容易。”</p><p> 他正是这样。他们旅行了一段时间以后，来到了一座大森林旁，到京城去就要穿过这座森林。可是有两条路，一条要走七天，另一条只要两天；但是他们俩谁也不知道哪条路近。这两个旅行的人坐在一棵橡树底下商量如何准备，要带多少天的面包。</p><p> 鞋匠说：“人们得做最坏的打算，我想带七天的面包。”裁缝说：“什么？背上背着七天吃的面包，像头牲口似的，压得头也转不过来？我求上帝保祐，什么也用不着放在心上。我口袋里的钱冬天夏天全一样，可是面包热天要干掉，还会长霉，连我的衣裳也会坏得快点。我们为什么不去找那条近路呢？只带两天的面包就行了。”</p><p> 于是他们各自买了各自的面包，然后朝森林里走去，碰碰运气吧。森林里一片寂静，就像教堂里一样。没有风声，没有水流声，也没有鸟啼声，树上长着繁密的叶子，透不过一丝阳光。</p><p> 鞋匠一句话也不说，沉甸甸的面包压在背上，汗珠顺着他那闷闷不乐(sulky)的脸颊直往下淌。小裁缝却很快活，蹦蹦跳跳，摘片树叶吹哨子，或者唱只小曲儿。他想：“我这样快乐，上帝一定很高兴。”两天就这样过去了；到了第三天，森林还没走到头，小裁缝的面包吃完了，他的心情也沉重起来了。这时候他还没失去勇气，他相信上帝和自己的运气。第三天晚上他饿着肚子躺在了一棵树底下，早上又饿着肚子站了起来。第四天也是这样度过的。</p><p> 当鞋匠坐在一棵倒下的树干上吃饭的时候，裁缝只好瞪眼看着。裁缝请鞋匠给他块面包吃，鞋匠就嘲笑他说：“以前你一直很快活，现在你也可以尝尝不快活是什么滋味了。早晨叫得太早的鸟，晚上准得撞上苍鹰。”总而言之，他是个没有怜悯心的人。</p><p> 第五天早晨，可怜的小裁缝站不起来了，虚弱得几乎说不出话来，脸色苍白，眼发红。于是鞋匠对他说：“今天我给你一小块面包，条件是我要挖掉你的右眼。”可怜的裁缝没有别的办法，他多么想保住他的性命啊。他再一次用两只眼睛哭了一回，然后把眼睛凑到鞋匠跟前，那个狠心的鞋匠就用一把快刀子挖出了他的右眼。裁缝想起从前每当他偷吃了食品柜里的东西时，母亲对他说的话：“东西想吃多少就吃多少，没办法的事只好忍受。”吃完那高价买来的面包以后，他又动身了，很快就忘记了他的不幸，并且还自我安慰道，用一只眼睛看东西，也能看得很清楚。</p><p> 可是到了第六天，饥饿又重新来到，饿得他快把自己的心都吃光了。晚上他倒在一棵树旁，第七天早上他软弱无力得站都站不起来了，死神已经来到了他身边。</p><p> 这时鞋匠说：“我想发发慈悲，再给你一块面包，可是你不能白吃，条件是我要挖掉你的另一只眼。”这时裁缝认识到自己对待生命是多么的轻率，他请求亲爱的上帝饶恕他，他说：“你要怎么办，就怎么办吧。没办法的事我只好忍受，不过，你要想一想，我们的上帝不是每时每刻都在进行审判的。我没有对不住你的地方，而你竟对我做了这种恶行，将来有一天你要受到报应的。我日子好过的时候，我有了东西都分给你。我的手艺是一针一针地缝东西，如果我没有了眼睛，不能再缝东西了，那我只得去讨饭。如果我瞎了，你别让我一个人躺在这儿，否则我就要饿死了。”</p><p> 这个没心肝的鞋匠还是拿起刀子又把他的左眼挖掉了，然后给了他一块面包吃，又递给他一根棍子，拉着他往前走。太阳落山的时候，他们走出了森林，森林前边的田野上立着一个绞架。鞋匠领着瞎裁缝朝绞架走去，然后让他躺下，自己就走了。由于劳累、疼痛和饥饿，这个不幸的人睡着了，睡了整整一夜。</p><p> 天亮的时候，他醒来了，可是不知道自己是在什么地方。绞架上吊着两个可怜的犯人，每个人的头上都落着一只乌鸦。这时其中一个吊死鬼开始说话了：“兄弟，你醒了吗？”第二个答道：“醒了。”第一个又说：“我想告诉你点儿事：今天夜里谁拿绞架顶上头落下来的露水洗脸谁就可以重新得到他失去的眼睛。但愿瞎子们都知道这件事情！有的瞎子不相信重见光明是可能的。”</p><p> 裁缝听见了这对话，拿起他的毛巾摊在草上，当毛巾被露水打湿以后，他就用湿毛巾洗他的眼窝。马上那个吊死鬼说的话就应验了，眼窝里长出了一对明亮的新眼睛。又过了一会儿，裁缝看见了太阳从山后边升起。京城就在他前面的平地上，它有宏伟的城门，还有成百的塔楼，塔尖上的金球和十字架放射着光芒。现在他又能分辨出树上的每一片叶子，看得清从身旁飞去的鸟儿以及在空中飞舞的蚊子。他从口袋里拿出一根针，他又能穿针引线了，而且比从前穿得还快，这时他高兴得心里怦怦直跳。他跪在地上，感谢上帝的恩惠，并做了晨祷，他也没忘记替那两个可怜的犯人祈祷，他们吊在那上边，就像座钟里的钟摆，被风吹得相互撞来撞去。然后他背上行李，立刻就忘记了他不幸的遭遇，他唱着歌、吹着口哨继续前进了。</p><p> 他首先遇到的是一匹正在田野里跑跳的棕色小马。他抓住它颈上的鬃毛，想骑上它进城。可是小马请求他放开，它说：“我还太小，即使像你这么轻的一个裁缝也会压断我的脊梁骨的，放我走吧，等我强壮以后再骑。或许将来会有我报答你的那天。”裁缝说：“走吧，我看你也是这样一个快活的小孩子。”他还用树枝在它背上打了一下，小马高兴得一蹬后腿，越过篱笆和濠沟，朝田野里奔去。小裁缝从昨天起就没吃过东西。他说：“虽然我眼睛里充满了阳光，可嘴巴里没有面包。我遇到的能凑合吃的第一样东西一定得弄到手。”</p><p> 这时正有一只鹳十分神气地在草地上行走。“站住！站住！”裁缝喊道并抓住了鹳的腿，“我不知道你是不是能吃，可是我饿得不能再选择了。我只好割下你的头，把你烤了吃。”鹳说：“别这么做，我是一只圣鸟，没有人伤害我，我会给人们带来极大的好处。你放了我的性命，将来我会报答你的。”裁缝说：“走吧，长腿老兄。”鹳起飞了，垂着两条长长的腿慢慢地飞走了。“这该怎么办呢？”裁缝自言自语地说，“我是越来越饿，肚子越来越空。现在路上遇见的东西也没了。”</p><p> 这时他看见池塘上边游过来几只小鸭子。“你们来得正是时候，”他说着抓起一只小鸭子，正想折断它的脖子，这时藏在芦苇里的一只老鸭子大声叫了起来，张着嘴游了过来，恳切地请求他饶了它亲爱的孩子。它说：“你不想想，如果有人把你抓走了，要把你弄死，你母亲会有多么痛苦。”好心肠的裁缝说：“别说了，给你留下孩子。”于是他把已经捉住的小鸭子又放到了水里。</p><p> 他转过身，站在一棵已经半空了的老树跟前，他看见野蜂正在那里飞出飞进。裁缝说：“我行了好事，所以在这儿马上得到了报酬，蜂蜜可以补养我的身体。”可是蜂王出来了，威胁道：“你要是碰我的蜂群，毁我的窠，那我们的刺就会像万根炽热的针刺进你的皮肤。你要是不来扰乱我们，离开这儿我们以后会为你效劳的。”小裁缝看到在这里也是什么吃的也弄不到。于是他说：“三只碗是空的，碗里也是什么也没有，这顿饭可不怎么样。”</p><p> 他饿着肚子向城里走去。这时候，钟正好敲十二点，小旅店里已经给他做好了饭，他马上坐到桌边大嚼起来，吃饱饭以后，他说：“现在我要开始工作了。”他在城里转来转去，想找个师傅。不久他就找到了一份很好的工作。因为他的手艺精湛，所以没过多久他就出了名。每个人都想让这个小裁缝给他们做新衣裳。他的名气一天比一天大。最后，他说：“我的手艺不会再提高了，不过还是一天比一天好。”</p><p> 后来国王聘请他去做宫廷裁缝。然而世界上的事偏偏就这么凑巧。就在同一天，他以前的伙伴，那个鞋匠也成了宫廷鞋匠。当鞋匠看见裁缝又有了一双明亮的眼睛时，他心里很不是滋味。他想：“我要在他向我报复之前，就先给他挖好一个坑。”可是给别人挖坑的人，自己也会掉进去的。</p><p> 晚上鞋匠下工回来，天色已黑，他悄悄地来到国王跟前，说：“国王，这个裁缝真狂妄(arrogant)，他竟敢说他要把古代丢失的那顶金王冠再找回来。”国王说：“这我很高兴。”第二天他就叫人把裁缝找来，命令他把金王冠找回来，否则他就得永远离开京城。裁缝想：“噢，再也没有比他更坏的人了。这个暴君让我干这种任何人也办不到的事，今天我就得马上出城，不能等明天了。”</p><p> 他捆好了行李。可是当他离开城门的时候，心里又觉得很遗憾，因为他得放弃他的幸福，离开这座曾使他生活得很舒适的城市。</p><p> 他来到了曾与鸭子相识的池塘边，那只老鸭子正坐在岸边，用嘴梳理它的羽毛。裁缝曾经饶了它的小鸭子的命，它马上就认出了他，并问他为什么如此垂头丧气。裁缝说：“你要是听到了我的遭遇，你也就不会奇怪了。”他对老鸭子讲了他的命运。鸭子说：“如果再没有别的事情，那我们可以想出办法来的。金王冠是掉进水里了，就在这个池塘里，我们马上就去把它取上来，你只要在岸边摊开你的手绢等着就行了。”老鸭子领着它的十二个孩子钻进水里，五分钟以后老鸭子又浮了上来，它坐在王冠的中心，双翅托着王冠，十二只小鸭子在周围游着，用嘴从下面托着，帮助抬王冠。它们游到岸上，把王冠放到手绢上。你想不到那顶王冠有多么漂亮。阳光照在王冠上，它就如同十万颗红宝石一般，光彩夺目。裁缝系好手绢的四个角，把王冠送到国王面前，国王非常高兴，把一根金项链套在了裁缝的脖子上。</p><p> 鞋匠看见这个诡计没成功，又想出了第二个。他来到国王面前，说：“国王，那个裁缝又那么狂妄起来了，他竟敢说，他能给整个王宫包括里边所有的东西，能动的和不能动的，里边的和外边的，用蜡做一个模型。”国王命人找来裁缝，命令他用蜡造出一个王宫的模型，包括王宫里的一切东西，能动的不能动的，里边的外边的。他若做不成，或者哪怕墙上少一颗钉子，他就要终身坐地牢。裁缝想：“越来越让人恼火了，这谁也忍受不了。”</p><p> 他把行李往背上一扛就走了。当他来到那棵空心树旁时，便坐了下来，垂着头。野蜂飞了出来，蜂王问他为什么他的头垂得这么低，是不是脖子疼得没法动。裁缝回答：“唉，不是的，我有别的为难的事！”裁缝告诉蜂王那个国王对他提出的要求。野蜂们开始相互间嗡嗡地说起话来。蜂王说：“你只管回家去吧，明天这个时候再来，带上一大块布，一切都会顺利的。”于是他转身回家了。野蜂们飞到王宫，从敞开的窗户里飞进去，爬到每个角落里，仔仔细细地观察了每一件东西，然后它们又飞回来，用蜜蜡造了一个王宫的模型，速度之快真可以说是眼看着长起来的。到了晚上，一切都完成了。第二天早上裁缝来的时候，一座完整的富丽堂皇的建筑已经立在那儿了，墙上没少一颗钉子，房顶上没少一片瓦，又细致，又洁白，还散发着蜂蜜的甜香味儿。裁缝小心地将它包在布里，提着它来到国王面前。国王一见惊讶不已，把它摆在最大的大厅里，为此送给了裁缝一座大石头房子。</p><p> 但是鞋匠还是不死心，他又第三次来到国王面前，说：“国王，裁缝听说王宫的院子里喷不出水来，于是他又夸下海口，说院子中间会喷出水来的，和人一样高，和水晶一样透亮。”国王又叫来裁缝说：“如果明天我的院子里喷不出象你说的那样的水，那么，刽子手就要在这个院子里砍掉你的头。”可怜的裁缝考虑了一下就赶紧出了城，因为这一回与他的性命攸关，眼泪顺着脸颊刷刷地往下流。</p><p> 他悲伤地走着，从前被他放了的那匹小马朝他跑过来，现在它已经长成一匹漂亮的棕色的高头大马了。它说：“现在报答你的时候到了，我已经知道了你缺少什么东西，我这就帮助你。你赶快骑到我的背上，我现在可以驮两个像你这样的人。”裁缝又振作起来，一跃上了马，马飞快地朝京城奔去，径直进了王宫。马在宫里闪电般地转了三圈，转第三圈的时候它摔倒在地上，就在这一瞬间，发出轰的一声巨响，院子中央的一块地像球一样冲到了天上，又从王宫上空飞了出去，地上立形喷出了一股清泉，有骑在马身上的人那么高，泉水洁净得如水晶一般。阳光开始在上面闪烁。国王看见这情景惊讶得站起身来，当着众人的面拥抱了小裁缝。</p><p> 可是幸运并不长久。国王有许多女儿，一个比一个漂亮，就是没有儿子。那个狠毒的鞋匠第四次来到国王面前，说：“国王，那个裁缝还是狂妄得很，现在他又夸下海口说，如果他高兴的话，他可以从天上给国王背个儿子来。”国王让人叫来小裁缝，说：“如果你能在九天之内给我背个儿子来，你就可以娶我的大女儿为妻。”裁缝想：“虽然报酬很高，可人还得有这本事啊。这个樱桃对我来说挂得太高了，如果我爬到上面去摘的话，下边的树枝一断，我也就会摔下来的。”他回到家，盘着腿坐在工作台上，考虑着应该怎么办。最后他大声喊出来，“不行，我要离开这里，这里我已不能安安稳稳地过日子了。”</p><p> 他捆上行李，快步出了城。他来到草地上，看见了他的老朋友，那只鹳，它正像个哲学家似的在那儿走来走去，有时停下步来，仔细观察一只青蛙，最后把它吞了下去。鹳朝他走来并向他问好。它说，“我看见了，你背上背着行李，你为什么要离开京城呢？”裁缝告诉了它国王给他提出的要求，而他又办不到，所以对自己的不幸很是悲伤。鹳说：“你用不着为这件事愁白了头，我来帮助你摆脱这困境。我往城里送婴儿已经很久了，现在我也可以从井里取来一个小王子。回去吧，不用着急。九天以后你到王宫去，那天我也去。”小裁缝回家了，九天以后他按时来到了王宫。过不一会，鹳飞来了，它敲敲窗户，裁缝给它打开窗户，长腿老兄小心地走了进来，它步态庄重地走在光滑的大理石地面上。它嘴里衔着一个小孩，这个孩子和天使一样美丽，两只小手向王后伸去。鹳把小孩放在王后的怀里，她亲热地抱着他，吻着他，喜欢得不知如何是好。鹳从肩上拿下旅行袋，递给了王后，然后它就飞走了。</p><p> 旅行袋里有很多装着各种颜色甜豌豆的小口袋，王后把豌豆分给各位小公主。最大的公主没有得到豌豆，却得到了一个快活的裁缝做丈夫。“我真好像得了头彩一样。我母亲说得对，她常常说：谁相信上帝，谁就幸福，这样的人是什么也不会缺少的。”</p><p> 鞋匠只好给小裁缝做婚礼上跳舞穿的鞋，这之后国王就命令他永远离开京城。他沿着通往森林的路走去，来到绞架前。他心中气愤恼怒，天气又炎热，使得他疲惫不堪，他躺倒在地上。当他想闭上眼睛睡觉的时候，吊死鬼头上的两只乌鸦大叫着冲了下来，啄走了他的两只眼睛。他慌乱得朝森林里奔去，后来大概是饿死在里边了，因为从此再也没有人看到他或者听到有关他的什么消息。</p>',1,'2022-01-10 14:08:11','2022-01-10 07:23:01'),(36,36,'','<p>一天下午，耶稣基督躺在摇蓝里睡着了，他妈妈来到他身边，满怀喜悦地望着他，说：“我的儿，你睡着了吗？好好睡吧，待会儿我去给你摘一把草莓来，我知道你醒来后，看见草莓准喜欢。”在外边的森林中，圣母玛利亚找到了一块地方，上面长满了令人兴奋的草莓。等她弯腰去摘时，猛地从草丛中窜出来一条蝰蛇，把她给吓坏了，她丢下草莓，扭头就跑。那条蝰蛇在后面紧追不舍，圣母玛利亚急中生智，迅速地躲进了一丛榛树下，静静地站在那里，最后蝰蛇离去了。后来她又摘到了草霉，临回家前她说：“榛树这次保护了我，将来也会保护其他人的。”因此，从很久远的时候起，一根绿色的榛树枝就成了对付蝰蛇、其它蛇类以及所有在地上爬行的东西的最佳保护物。</p>',1,'2022-01-10 14:08:42','2022-01-10 07:23:12'),(37,37,'','<p>从前，在一座大城里有个老妈妈，夜深了她仍独自坐在自己的房间里。她想着自己先是如何失去了丈夫，继而又失去了两个儿子，渐渐地又失去了所有的亲戚，最后连她最后的朋友也离开了人世。现在只留下她孤零零的一个人，她心里非常难过，然而最使她痛心的还是那两个儿子的去世。她在痛苦之际向上帝倾诉，就这样静静地坐在那儿沉思，突然听到了早祷的钟声，她觉得非常奇怪，原来自己竟在悲哀中熬过了一整夜。于是她点亮了灯去了教堂。她到达时，教堂里已是一片明亮，但不是平常的蜡烛，而是弥满着黎明的光辉。里面已挤满了人，所有的位子都给占了。老妈妈走向她平常坐的位子，可那儿也被人占着，整个凳子都被坐满了。她看了看这些人，尽是她死去的亲戚。他们都穿着老式的旧衣服坐在那儿，一个个脸色苍白。他们既不说话也不唱歌，可教堂里却响着轻柔的嗡嗡呢喃声。这时她一个死去的姨妈站了起来，走上前，对这可怜的老妈妈说：“向祭坛那边瞧，你就会见到你的儿子们。”老妈妈朝祭坛望去，果然见到了她的两个儿子，一个吊在绞架上，一个绑在车轮上。只听见那位姨妈说：“你看，如果他们还活着，上帝不会把他们当作清白无邪的孩子给招回去的，那他们的下场就会是这样子了。”老人战战兢兢地回到家中，跪在地上感谢上帝，感谢他待自己好得超出了自己的理解。两天后，她躺在床上死了。</p>',1,'2022-01-10 14:09:03','2022-01-10 07:23:23'),(39,39,'','<p>从前，一辆装满酒的车陷在路上了，车夫使尽了全身力气，车子仍是纹丝不动地陷着。这时圣母恰巧打这儿经过，她看到这可怜的人给难住了，便对他说：“又累又渴，给我一杯酒，我会把你的车子弄出来的。”“我很乐意，”车夫回答道，“可我手头没有杯子来给你斟酒呀！”于是圣母摘下了一朵带红条的小白花，给了马车夫，这花叫野旋花，很像一只玻璃杯。车夫斟上满满一杯酒，圣母喝完后，车子就出来了，车夫可以继续赶路了。从此这种小花便一直被人称作“圣母的小酒杯。”</p>',1,'2022-01-10 14:12:16','2022-01-10 07:23:38'),(40,40,'','<p>从前有个隐士，居住在山脚下的一片森林里，成天在祈祷和行善中度时光。为了敬奉上帝，每天晚上他都要扛两担水上山。山上风紧，非常缺水，即使是那些怕人的野鸟也会在空中盘旋，用它们那锐利的眼睛来寻找饮料，众动物和植物由此而得到了滋补和浇灌。由于这隐士是那样的虔诚，上帝的一个天使现身了，每天跟这隐士上山去，数着他的步子，等他完工后，天使便给他东西吃，好像那旧时的预言家按上帝的旨意由乌鸦来供食一样。这隐士始终是那样的虔诚，最后他年老了。一次他远远地瞧见了一个可怜的罪犯被带上绞架，只听他喃喃自语道：“那人是罪有应得！”就在那天晚上，当他担水上山时，经常伴随他的天使不见了，后来也没给他送来食物。他害怕了，连忙反省自己，心想自己准是犯了罪，触奴了上帝，但左思右想都不知道那儿犯了罪。于是他不吃不喝，躺在地上，日夜祈祷。一天，他又在森林里悲痛地哭泣，他听到了一只小鸟在尽情的歌唱，声音是那样的甜美，他的心情顿时更加忧伤了，说：“瞧你唱得多高兴，上帝没有生你的气，唉！你要是能告诉我我怎么得罪了他，我也好赎罪，那样我的心才会快活起来。”只听鸟儿发话了，“你做了不义之事，你诅咒了一个被带上绞架的罪犯，因此上帝动怒了，只有他才有裁判权啊！不过只要你悔罪改过，上帝会饶恕你的。”这时天使又出现在他身边，手拿一根干树枝，说：“你应该带着这根树枝，直到上面发出三颗绿色的新芽来；不过晚上睡觉时，你得把它放在枕头下。你还得挨家挨户地去讨你的面包，不能在同一所屋子里留宿超过一夜。这就是上帝对你的惩罚。”</span></p><p class=\"ql-align-justify\">',1,'2022-01-10 14:12:16','2022-01-10 07:23:38'),(41,41,'','<p>从前有姊妹俩，一个膝下无子却很富裕；一个有五个儿女却是个寡妇，她穷得叮噹响连一家子都养不活。为生计所迫，没办法，她只得到姐姐那儿去要，说：“我的孩子和我正饿得慌，你很有钱，给我们一口面包吧！”那个有钱的姐姐可是个铁石心肠，她居然说：“我连自己也没有什么吃的呢！”后来又恶言恶语地把可怜的妹妹打发走了。过了一会儿，富姐姐的丈夫回来了，想切块面包吃。等他切第一刀时，面包里竟流出了殷红的血液。女人见了很害怕，便把妹妹要面包的事告诉了丈夫，丈夫急匆匆地赶到那寡妇家，准备给她点周济。等他踏进寡妇的屋内时，只见她正在祈祷，怀里正抱着两个小孩，三个大的已躺在床上死去了。他给了她些食物，但她却回答说：“我已不需人间的食物了，上帝已满足了我三个孩子的食欲，我们的祈求他一定会听见的。”说着两个孩子就断了气，于是她的心也碎了，倒下死了。</p>',1,'2022-01-10 14:13:21','2022-01-10 07:24:15'),(42,42,'','<p>	在基督诞生前的三百年时，一位母亲生了十二个儿子。可她是那样的贫困潦倒，不知如何来养活这些儿子。她天天向上帝祈祷，请他施恩，让她所有的儿子能和那预言要降临人间的救世主在一起。当她生活越来越窘困时，她就把儿子一个个从身边打发出去找活路。老大叫彼得，他已出门走了一整天，走了很远的路，最后进入了一片大森林。他想找一条出去的路，却再也找不着，反而越迷越深。加之他非常饥饿，几乎都站不起来了，他实在太虚弱了，只得躺下来，并深信死神就在咫尺了。突然从他身边冒出了个小男孩，浑身上下闪着光，像天使一样和善。孩子拍了拍手，彼得只得抬起头望着他。只听小孩问道：“你为什么这般绝望地坐在这里？”“唉！”彼得答道，“我正四处流浪，想找条活路，希望能见到那即将降临人间的救世主，那也是我最大的心愿。”孩子说：“那就跟我来吧！你的愿望会满足的。”他拉着可怜的彼得的手，领着他穿过悬崖，来到一个山洞前。他们走进了山洞，里面全是金银水晶，一切都在闪闪发光。在洞的正中央有十二个摇蓝挨个儿排放着。小天使说：“躺到第一个摇篮里睡一会儿，我会摇你入睡的。”彼得照做了，天使边唱歌边轻轻晃动他着，最后摇他进入了梦乡。当他睡熟时，老二也被他的保护天使领来了，他也像哥哥一样被摇着进了梦乡；接着其他兄弟一个接着一个都来了，直到最后十二个兄弟都躺在金色的摇篮里睡着了。他们睡啊，睡啊，一直到三百年后的最后一个晚上，救世主降临了，那时他们醒了，最终和救世主在一起，成了人们所说的耶稣的十二门徒。</p>',1,'2022-01-10 14:13:42','2022-01-10 07:25:06'),(43,43,'','<p>从前，有位母亲生了三个女儿。大女儿没有礼貌，心眼也坏；二女儿虽有缺点，但比大女儿好得多；只有小女儿又孝顺又乖巧。但这母亲却很古怪，偏偏最喜欢大女儿，却不喜欢小女儿，并整天想着除掉她。于是她经常让这可怜的小姑娘到外面的一座大森林去，好让她迷路再也回不了家，这样就可以把她撵走。但是每个好孩子都有自己的保护天使，天使没有遗弃她，每次都给她指引了回家的正确道路。有一次保护神似乎不在她跟前，小女孩找不着出森林的路了，她不停地走啊走啊，一直走到夜幕降临。这时她看到前方有一盏微弱的灯光，立刻跑上前去，来到了一座小木屋前。她敲了敲门，门开了；她走到第二道门前，又敲了敲，一位留着白胡须、样子令人肃然可敬的老人给她开了门。这不是别人，正是圣约瑟本人。老人和善地对女孩说：“进来吧！我亲爱的孩子，坐到火旁我的小椅子上来暖暖身子吧！你渴了吧！我给你弄点水来喝，在森林里也没有别的给你吃，只有几根胡萝卜，你还得先刮干净再煮。”</span></p><p class=\"ql-align-justify\"><br></p><p class=\"ql-align-justify\">	圣约瑟把萝卜递给了她，小女孩仔细地把它们刮净了，然后拿出母亲要她带的薄饼和面包块。她把所有的东西都放在锅里，熬了一锅粥。粥做好后，圣约瑟就开口道：“我很饿，给我点粥喝吧！”小女孩非常乐意地给老人倒了一大半。可是有上帝的祝福，她仍旧吃饱了。吃完饭，圣约瑟说：“现在该睡觉了，可我只有一张床，你到床上去睡吧，我就在地上的草上睡好了。”“噢，不，”小女孩说，“还是您到床上睡吧！草铺对我来说已是够软和的了。”但约瑟抱起了小女孩，把她放在了床上。女孩做完祈祷后，就进入了梦乡。第二天早上她醒了，本想对老人道声“早安”却发现他已不在了。她赶忙起床去找，但哪儿都没有他的影子，最后她发现门后留下了一袋钱，刚好够她提得动。上面写着：给昨晚上在这儿睡觉的女孩。看到这些字后，小女孩才背起钱袋回家了。她又平安地回到了母亲身旁，把所有的钱都交给了母亲，母亲也没办法，只得对她表示满意。</p><p><br></p><p class=\"ql-align-justify\">	第二天，二女儿也兴致勃勃地想进森林去。母亲给了块大得多的煎饼和面包。她所遇到的情况和妹妹的一样，晚上，她也来到了圣约瑟的小木屋前，老人把萝卜递给她，让她做粥。等粥做好后，老人也同样对她说：“我饿极了，把你的一份给我一点喝吧！”小女孩说：“一块儿喝得啦！”饭后圣约瑟把他的床让给她，自己要睡在草上，女孩说：“不，还是躺到床上来吧，这床够咱们俩人睡的。”圣约瑟把她抱了起来放在床上，自己却躺在草地上睡了。</p><p><br></p><p class=\"ql-align-justify\">第二天早上，女孩醒来找圣约瑟，他已不见了。但在门的后面女孩发现了一个巴掌大的钱袋，上面写着：给昨晚在这睡觉的孩子。女孩拿起钱袋小跑着回了家，把钱袋交给了妈妈，却私自留了两块。</p><p><br></p><p class=\"ql-align-justify\">	大女儿早就起好奇心了，第二天也坚持要进大森林。她要多少煎饼母亲就给她多少，另外还加了些面包和奶酪。晚上像两个妹妹一样，她也发现圣约瑟的小木屋。粥做好了，圣约瑟说：“我饿极了，把你的饭给我一点吧！”得到的回答是：“急什么！急什么！等我吃饱了，你再吃也不迟！”可她吃得几乎一点不剩，老人只能刮盘子底了。饭后，老人让她睡在自己的床上，自己准备睡在草地上。女孩毫不推辞，自顾自地躺到床上睡了，把硬梆梆的草铺留给了老人。第二天早上她醒来了，也发现老人已经不见了。她也没费心去找，就径走直到门后去找钱袋。她仿佛发现地上有件东西，但因为分辨不出到底是什么，就弯下腰去，一不小心鼻尖触到了那东西。她站起了身，看到另一个鼻子与自己的连成了一块，她一时惊恐万状，开始号啕大叫起来。但那根本没有用，那鼻子伸得老长老长的，不想看它也得看着。她不停地尖叫着从屋里跑了出来，又遇到了圣约瑟。她跪在老人的脚下不断地求情，最后出于同情，老人给她取下了鼻子，并给了她两个硬币，她这才返身回家。母亲正站在门前，一见她就问：“你得到了什么？”她赶快撒了个谎，说：“一袋金子，我得到了一袋金子，不过我在路上又把它给丢了。”于是母亲就拉着她的手要她一起去找回金子，起先她哭着不愿去，但后来还是去了。哪知路上有许许多多的蜥蜴和蛇向她们扑来，她们一点也没有办法，最后它们把这邪恶的孩子给咬死了，母亲的脚也被咬伤，因为她没有教育好自己的女儿。</p>',1,'2022-01-10 14:14:14','2022-01-10 07:25:33'),(44,44,'','<p>隆冬，积雪覆盖大地，一个贫苦的小男孩不得不出门，滑着雪橇去拾柴。拣到柴，把它们捆起来后，小男孩多么希望他不必立刻回家，能就地升上一堆火暖暖身子啊，他快冻僵了。于是他把雪扒到一边，清理出一块地方来，这时他发现了一把小小的金钥匙。他想，既然钥匙在，锁也一定就在附近，便往地里挖，挖出了个铁盒子。“要是这钥匙能配这铁锁就好了！”他想，“那小盒子里一定有许多珍宝。”他找了找，却找不到锁眼。最后他发现了一个小孔，小得几乎看不见。他试了试，钥匙正好能插进。他转动了钥匙，现在我们要等一等，待他把铁盒子打开，揭开盖子，就会知道盒子里有什么好东西了。</p>',1,'2022-01-10 14:14:38','2022-01-10 07:25:44'),(45,45,'','<p>勇敢的士兵，无所畏惧。有这样一个退役士兵，他无一技之长，不能营生，只好四处流浪，靠乞讨过活。他身披一件雨衣，足蹬一双服役时留下的牛皮靴。一天，他正漫无目的地走着，径直穿过了开阔的田野，走进了一片森林。他不知自己在哪里，只见一根伐倒的树上坐着个人，他穿得很好，披着件绿色猎衣。士兵友好地和他握了握手，在他身边的草地坐下，伸直了腿。“你的靴子做工很精细呀，”他对猎人说，“如果你像我一样到处流浪，它们很快就会磨烂的。瞧我的靴子，牛皮做的，早就穿破了，可穿着它们，我可以克服任何艰难险阻。”过了一会儿，士兵站起来说：“我得走了，肚子饿得咕咕叫。靓靴兄弟，你知道这路通向哪儿吗？”“我也不知道，”猎人回答说，“我在森林里迷了路。”“哦，原来你和我一样遇到麻烦了，”士兵说，“同病相怜嘛！让我们在一起同舟共济，找条出路吧！”猎人笑着答应了。他们一起往前走啊走，直到夜幕降临。“我们还没有走出森林，”士兵说，“你看，远处有灯光，也许我们能在那弄到点吃的。”到了那儿，他发现了一个石屋，敲了敲门，一位老妇人打开了门。“老婆婆，我们能在您这儿住一夜吗？”士兵说，“我们的肚子空如皮囊，能给我们点吃的吗？”“你们不能在这儿久留，”老妇人回答说，“这可是个强盗窝，你们要是聪明的话，最好趁他们没回来前离开，不然你们连命都会丢了。”“事情不会那么糟的，”士兵说，“我整整两天没吃东西了，在这儿丧命和在森林中活活饿死有什么区别？我要进来。”猎人不肯进去，士兵拽着他的袖子把他拖进了门。“来吧，好兄弟，我们不会那么快就去见上帝的。”老妇人可怜他们说：“你们躲到炉子后面去，如果有他们吃剩下东西，我会趁他们睡觉的时候偷偷拿给你们吃。”士兵和猎人刚刚在角落里坐 好，十二个强盗便冲了进来，坐到已摆好的桌子旁，吼着要东西吃。</span></p><p class=\"ql-align-justify\"><br></p><p class=\"ql-align-justify\">',1,'2022-01-10 14:12:16','2022-01-10 07:23:38'),(46,46,'','<p>	从前有个国王，他有一个儿子想向另一个强国的公主求婚。公主的名字叫玛琳，生得国色天姿，相貌迷人，因为公主的父亲准备把她嫁给别人，所以没有答应王子的求婚。可他和公主早就心心相印，彼此不愿分离。玛琳姑娘也对父亲说：“今生今世我非他不嫁。”国王一听勃然大怒，下令建造一座高塔，里面一片漆黑，不透丁点光线。塔建好后，他对女儿说：“你得呆在塔里，七年后我再来，看你固执的念头打消了没有。”七年的饭食和水被带进了塔中，公主和她的侍女也被带进了塔里，墙被封死，从此与外面的世界隔绝。她面对漆黑的塔壁静静地坐着，不知白天黑夜。那位王子经常绕着塔外转来转去，呼唤着公主的名字，可厚厚的墙内哪能听到半点声音？除了悲伤和抱怨，他们还能做什么呢？</span></p><p class=\"ql-align-justify\"><br></p><p class=\"ql-align-justify\">	时光在流逝，食物和水一天天地在减少，公主和侍女知道七年的期限就要到了，她们以为自己的出头之日就要到了，可是却听不到锤子的敲击声，也没有墙上石头落地的声音，看来她的父亲已把她忘了。剩下的食物只能维持最后几天了，眼看着她们只能等死，玛琳姑娘说：“我们必须最后试一次，看看能否把墙弄穿。”她拿出了切面包的刀子，在石头缝的泥灰中使劲地挖呀钻呀，累了就让侍女接着干。费了好大的劲，她们才拿出了一块石头，接着是第二块，第三块。三天后，第一缕阳光射了进来，照在她们所在的黑暗处；最后口子大了，她们可以看到外面的世界了：天空湛蓝湛蓝的，微风轻抚着她们的面庞，可是周围的一切是多么凄凉啊！她父亲的宫殿早已成为一片废墟，目所能及的城市和村落都已成了焦土，还有大量的土地早已荒废，远近更是看不到人烟。缺口又弄大了，侍女先跳了下去，玛琳公主跟在后面，可是现在她们该往哪里去呢？整个王国已被敌人洗劫一空，他们驱逐了国王，屠杀了他的所有臣民。公主和侍女只得继续往前走，去寻找另一个国家。但无论到哪里都找不到歇脚点，一路上没有人肯给她们施舍半点饭，她们只有靠荨麻来充饥。经过长途跋涉，她们终于来到了另一个国家，她们开始到处找活干，可敲了许多家的门，都被拒绝了，没有人同情她们。最后她们来到了一座大城市，她们直奔皇宫，可那里的人也叫她们走开，最后厨师收留了她们，让她们帮着打扫。</p><p>	现在这个国家的王子正巧是想向玛琳姑娘求婚的人。王子的父亲给他挑选了另一位新娘，这位新娘不仅奇丑无比，而且心狠手辣。婚期一定，新娘也已到了，可由于她生得实在太丑，她便把自己关在屋里不愿见人。少女玛琳从厨房给她端来饭菜。新郎新娘上教堂的时候终于到了，新娘也因为自己丑陋而懊悔不已，怕自己在街上一露面，会遭来众人的戏谑和嘲笑，于是她对少女玛琳说：“你真是有天大的福份！我的脚扭了，不能在街上走，你就穿上我的婚纱替我一回吧！这对你来说该是莫大的荣誉和无上的光荣。”可是玛琳姑娘却不同意，并说：“我不希望得到任何不属于我的荣誉。”新娘又以金钱来引诱她，可这也是徒劳。最后新娘火了，说：“如果你不听我的话，我就要你的命。只消我说一个字，管叫你人头落地。”少女玛琳只好服从了，于是她穿上新娘华丽的婚礼服，戴上了首饰。当她踏进皇宫的大厅时，在场的所有人都为她的美丽所震惊了。只听国王对王子说：“这就是我为你挑的新娘，你就引她去教堂吧。”新郎惊呆了，心想：“她这么像我的玛琳，这真叫我以为她就是玛琳；可是现在她还被囚在高高的塔里，或许已死了。”于是他拉着姑娘的手，引她去教堂。她看见了一丛荨麻，就说道：</p><p>“噢，荨麻呀荨麻，</p><p>小小的荨麻，</p><p>你为何孤零零地长在这里？</p><p>我还记得那个时候</p><p>我没有煮你，</p><p>就拿你来生吃。”</p><p>“你在说什么？”王子问。“没什么，”少女玛琳答道，“我只是想到了少女玛琳。”</p><p>王子很是诧异她竟会认识少女玛琳，可他什么都没说。当他们来到通往教堂的独木桥时，她又说：</p><p>“独木桥呀你莫断，</p><p>我可不是真新娘。”</p><p>“你在说什么？”王子又问。“没什么，”她回答说，“我只是想起了少女玛琳。”</p><p>“你认识少女玛琳？”“噢，不，”她答道，“我怎么会认识她呢？我仅仅是听说过她。”</p><p>当他们来到教堂的门口，她有一次说：</p><p>“教堂的门呀打不破，</p><p>我这新娘是冒牌货。”</p><p>“你在说什么？”王子又问。“噢，”她答道，“我只是想起了少女玛琳。”王子取出了一串珍贵的项链，戴在她的脖子上，替她扣好了链环，于是他们双双走进了教堂。在圣台前，牧师把他们的手拉在一起，为他们主了婚。然后王子领着新娘回去了，可一路上新娘却一言不发。他们一到皇宫，玛琳就匆匆跑进丑新娘的房间，脱下身上华丽的衣服，卸下首饰，重新穿上了自己的灰罩衫，不过脖子上留下了新郎送给她的那串项链。</p><p>	夜晚来临时，新郎领着新娘进了新房；可新娘的头上蒙着块纱巾，不让新郎发现这场骗局。当众人散去后，新郎对新娘说：“你曾对路边长着的荨麻说过什么？”</p><p>“对荨麻？”新娘问道，“我没有对荨麻说过什么呀！”“如果你没有对荨麻说过什么，那你一定是假新娘。”新郎说。新娘想了想，说道：“我得去找我的侍女，她总替我记着这些事儿。”</p><p>于是她就出去找到了少女玛琳。“小丫头，你曾对荨麻说过什么？”“我只是说：</p><p>“噢，荨麻呀荨麻，</p><p>小小的荨麻，</p><p>你为何孤零零地长在这里？</p><p>我还记得那个时候</p><p>我没有煮你，</p><p>就拿你来生吃。”</p><p>	听到这些话，新娘立刻跑回新房，对新郎说：“我知道我对荨麻说过什么了！”于是她就把刚听到的话重复了一遍。“可是我们过桥时，你又对桥说了什么？”王子问道。“对桥？”新娘吃惊地问，“我什么都没对桥说呀！”“那么你就不是真正的新娘。”新娘赶紧又说：“我得去问问我的侍女，她替我记着这些事儿。”说完就跑出去责备少女玛琳：“臭丫头，你究竟对桥说了什么？”“我只是说：</p><p>独木桥呀你莫断，</p><p>我可不是真新娘。”</p><p>	“我会要你的命！”新娘叫道，可她又急忙跑进房间说：“现在我知道我对脚下的桥说过什么了！”说完就重复了少女玛琳的话。“那么你又对教堂的门说了什么？”“对教堂的门？”新娘万分惊讶，“我没对教堂门说过什么呀！”“那么你是假新娘。”</p><p>	新娘不得不再一次出去训斥少女玛琳：“臭丫头，你对教堂的门说过了些什么？”“我只是说：</p><p>教堂的门呀打不破，</p><p>我这新娘是冒牌货。”</p><p>	“那会要你的命！”丑新娘喊道，气得她不得了，可人早又飞快地跑回了新房对王子说：“我知道我对教堂的门说过什么了！”说完就把少女玛琳的话重复了一遍。“可是我在教堂门口给你的项链哪去了？”“什么项链？”新娘答道，“你并没有给我项链呀！”“是我亲手给戴上的项链，而且还是我替你扣好的。如果你连这都不知道，那你就不是真新娘。”他一把揭开了她脸上的面纱，猛地看到了她那无比丑陋的脸，吓了一大跳，说：“你 是谁？你怎么来这儿的？”“我是你的新娘呀！因为我害怕大伙笑话我，就让那厨房中的丫头穿上我的衣服，替我去了教堂。”“那丫头在哪里？”王子问道，“我想见她，快把她带来见我。”丑新娘赶紧出去告诉仆人，厨房那丫头是个骗子，要他们把她带到院子里杀掉。仆人们拉着少女玛琳就往外拖，她大呼救命，王子听到了呼叫，匆忙跑出房间，他命令仆人立刻放了玛琳。灯点上后，王子看到了他在教堂前给她的那串项链，“你才是真新娘，”王子说，“你和我一起进了教堂，现在和我回新房吧！”当只剩下他们俩的时候，王子说：“在去教堂的路上你提到了少女玛琳，她原是我的未婚妻；如果我的直觉没有错的话，站在我面前的应是她，你真是和她一模一样。”姑娘回答道：“我就是少女玛琳。为了你，我在黑暗中囚禁了七年；为了你，我忍饥又挨饿；为了你，我在期待与贫穷中挣扎了许久。现在阳光终于又重新照在了我的身上。我在教堂中与你结了婚；现在，我就是你的合法妻子。”于是他们互相亲吻着，从此生活幸福又美满。那假新娘也为她所做所为付出了代价，最后被砍掉了头。</p><p>	囚禁少女玛琳的那座塔还一直耸立着，许多年后，每当孩子们打那里经过时，总会唱：</p><p>“叮，叮，叮叮，</p><p>塔儿森森暗无光，</p><p>玛琳姑娘心儿伤，</p><p>她的脸儿瞧不见。</p><p>墙儿高高垮不掉，</p><p>石头坚坚推不倒。</p><p>小汉斯呀穿花褂，</p><p>在我的后面跟紧啦！</p>',1,'2022-01-10 14:12:16','2022-01-10 07:23:38'),(47,47,'','<p>	从前有位王子，他走到了外面的世界，只见他心事重重，面带忧伤。他抬头看着天空，天是那般的碧蓝，他叹息道：“一个人能在天堂上该有多好啊！”这时他看到了一位满头白发的老人向他走来，样子十分可怜。他和老人打了声招呼，并问：“我怎样才能进天堂呢？”那人答道：“通过贫穷和谦卑！穿上我的破衣服，到人间去游荡七年，去尝贫困的滋味；不要钱，如果饿了，就向有同情心的人要点东西来充饥，这样你就接近天堂了。”</span></p><p class=\"ql-align-justify\">	王子立刻脱下了华贵的外套，穿上了乞丐的衣服，步入了广阔的世界，经历了许多苦难。除了一点食物外，他丝毫不取，只祈求主带他进天堂。七年过去了，他又回到了他父王的宫殿，但没有人再认得他，他对仆人说：“快去禀告父王和母后，说我回来了。”但那些仆人不相信他的话，并嘲笑他，让他一直呆在那儿。他又说：“去把我的王兄们叫来，我想再见见他们。”仆人对他的话仍无动于衷。终于有一个去报告了王子们。但他们也不信，也不理会他。王子又给他母后写了封信，向他描述了自己经历的苦难，只是没提自己就是她的儿子。出于怜悯，王后给了他阶梯下一小块地方居住，每天派两个仆人给他送饭。谁知其中一个心地很怀，口口声声说：“叫化子凭什么吃那么好的东西。”于是他把这些食物私自扣了下来，留给自己吃或拿来喂狗，只给这位虚弱憔悴的王子少许水喝。然而另一个仆人心地还算厚道，他把拿到的东西都给王子吃了，数量虽少，但他还能暂时活下来。王子一直极力忍耐着，身体日见虚弱，病情也不断加剧，最后他要求接受圣礼。弥撒刚做了一半，城里和附近教堂的钟就自动敲响了。做完了弥撒，牧师走到阶梯下的可怜人面前，发现他已经死了，一手握着玫瑰，一手握着百合，在他身旁还有一张纸，上面写着他的经历。当他下葬时，坟墓的一侧长出了一株玫瑰，一侧长出了一丛百合。</p>',1,'2022-01-10 15:24:54','2022-01-10 07:24:54'),(48,48,'','<p>从前有个女巫，她有三个儿子，这兄弟三人真是手足情深，可女巫却不信任他们，总以为他们会夺走她的权。于是她把老大变成了一只苍鹰，只能生活在悬崖顶上，人们时常看见它在空中不停地翱翔盘旋。她又把老二变成一头鲸，每天生活在大海的深处，人们总看到他不时地从水里喷出巨大水柱。兄弟俩一天内只有两小时可恢复人形。小儿子由于害怕女巫把他也变成一只猛兽、一头熊或一条狼，就偷偷地逃走了。他曾听说国王的女儿中了魔法，被关在了金太阳宫，等着有人去解救。已有二十三个年轻人冒险去救她，可都惨死在那儿。现在只剩一人可以去救她，以后谁也不能去了。这年轻人生性大胆，他拿定主意要去寻找金太阳宫。他日夜兼程地赶路，可连宫殿的影子也没找着，最后他进了一片大森林之中。突然他看见两个巨人在向他招手，便赶了过去。巨人说：“我们正为一顶帽子争执不下，因为我们彼此都一样强壮，谁也斗不过谁，不知道到底这帽子该归谁。小人儿总是挺聪明，我们让你说这帽子该归谁呢？”“你们居然会为一顶帽子而争执不休！”年轻人说道。“你不晓得它是个多好的宝贝，这是顶如意帽，谁戴上它呀，想到哪儿就能立刻到哪儿。”“来，把帽子给我，”年轻人说，“我先走一阵子，然后再叫你们，你们就来赛跑，谁先到我那儿，帽子就归谁。”说完他就戴着帽子跑了，可他心里老是想着公主，竟把那两个巨人给忘了，他一直往前走去，最后，从心底里叹了口气说：“噢，我要是在金太阳宫有多好啊！”可话刚出口，他就站在宫门前的高山上了。</span></p><p class=\"ql-align-justify\">年轻人走进宫门，挨个走过每个房间，在最后的一间才找到了公主。可当他看着公主时，他是何等的吃惊啊，只见她那死灰色的脸儿布满了皱纹，双眼黯淡无光，头发变成了红色。“你就是那位人人都夸她的世上最美丽的公主吗？”年轻人叫了出来。“这可不是我的本来面目，人眼只能看到我这种丑陋模样，你想见到我的真样子，可以看看这面镜子，它会显露我的真面孔给你看的。”她把镜子递到年轻人手里，他在镜子里看到了世界上最美丽的少女的形象，还看到她是如何伤心地泪流满面的。于是他对公主说：“我怎么才能救你呢，我什么都不怕。”公主说：“谁能得到水晶球，把它拿到巫师的面前，就可以破他的魔法，我也可以恢复原形了。”公主又补充说，“已经有那么多人为此而丧身，你年纪轻轻的，要是有什么三长两短，叫我于心何忍。”“谁也阻止不了我，”他说，“告诉我该怎么做。”公主说：“你得知道，宫殿坐落在山上，从这儿下去有一口泉水，旁边会有一头公牛在等你，你得和它搏斗，如果你运气好把它杀掉，一只火鸡就会从它体内飞出来，它肚内有一颗蛋，烧得红红的，蛋黄中就藏着那水晶球。但鸟不会放下蛋来，除非迫不得已，如果蛋落到地上，立刻就会燃起熊熊大火，烧毁周围的一切，蛋也会自己溶化，里面的水晶球也不例外，这样一切都白费了。”<p></p><p class=\"ql-align-justify\">	年轻人下山之后来到了泉水边，那儿野牛正喘着气朝着他怒吼呢。经过长时间的搏斗，年轻人把剑捅进了牛肚，野牛倒下了，转眼间体内飞出了一只火一般的鸟儿，鸟儿刚想飞走，年轻人的大哥从云层里扑了下来，把它赶到大海边，又用嘴啄它，鸟儿只得无可奈何地扔下了那只蛋。不过蛋并没有落在海里，而是掉在了沙滩上渔夫的屋顶顶蓬上。那屋立刻着火了，眼看就要倾塌，这时海掀起了浪头，盖过了屋顶，压住了火势。原来这是年轻人的二哥，那条鲸，游过来掀起了浪潮。火扑灭了，年轻人幸运地找到了那颗还没溶化的蛋，蛋壳因被冷水这么一浸已裂开了。他取出了水晶球，发现它毫毛无损。<p></p><p class=\"ql-align-justify\">	年轻人手握着水晶球，把它拿到了巫师的面前，巫师说：“我的魔法已被破除，从今以后你就是金太阳宫的王了；有了这个水晶球，你的哥哥们也可恢复原形了。”年轻人赶紧去找公主，他一踏进门，发现她已站在那儿，光彩照人，美丽无比，两人就高高兴兴地交换了戒指。</p>',1,'2022-01-10 15:27:25','2022-01-10 07:27:25'),(49,49,'','<p>从前有个国王，他有一个女儿。他下令造了一座玻璃山，并宣布：“谁能走过此山而不跌倒，我就把女儿嫁给谁。”有个年轻人爱慕公主，他去问国王是否能娶他的女儿。“噢，当然可以，只要你能走过此山，你就可以娶她。”国王答道。公主说她会跟着他一起去翻山，如果他要摔倒她也可以扶他一把，于是他们一同跑去了。到了半山腰，公主脚一滑，掉了下去，玻璃山裂开了，公主被关在了里面，此刻她的心上人看不见她到哪去了，因为山又随即合上了，便放声大哭，悲痛不已；国王也是心如刀绞，并叫人把山挖开，以为这样可以把公主救出来，可手下人谁也弄不清她是在什么地方失踪的。</p><p>	公主掉得很深，最后落到了下面的一大洞中。一个白胡子老头跑上来说，如果她肯做他的女仆并听他的吩咐，她就可以活命，否则她只有死路一条。她没法子，只得按他的吩咐行事。早上老头从袋子里掏出梯子，把它架在山上，顺着梯子爬上山顶，然后又把梯子收了起来。公主必须给他做饭、铺被、做一切杂活。老头回来时总是扛着一袋金银珠宝之类的东西。公主就这样住在那儿，过了许多年，她的岁数渐渐大起来了，这白胡子老头就管她叫“曼丝萝大娘”，公主则管他叫“伦克朗老汉”。有一次，伦克朗老汉去取乐，曼丝萝大娘叠了床洗好碗就匆匆把所有的门窗都关上了，只留一扇小窗透光。这时，伦克朗老头回来了，边敲门边嚷嚷，“曼丝萝大娘，快给我开门。”“不开，”曼丝萝大娘答道，“伦克朗老汉，我不会给你开门的。”于是他说：</p><p>“可怜的老汉伦克朗，</p><p>站在十七条长腿上，</p><p>腿儿站得又累又酸，</p><p>快给我洗盘子，曼丝萝大娘。”</p><p>她说：“你的盘子已洗好了。”他又说：</p><p>“可怜的老汉伦克朗，</p><p >站在十七条长腿上，</p><p>腿儿站得又累又酸，</p><p>快给我铺床，曼丝萝大娘。”</p><p>她说：“你的床已铺好了。”他又说：</p><p>“可怜的老汉伦克朗，</p><p>站在十七条长腿上，</p><p>腿儿站得又累又酸，</p><p>快给我开开门，曼丝萝大娘。”</p><p>	喊完他就围着房子跑。跑着跑着他看到了那个开着的小窗，心想：“我可以从这儿瞅瞅她倒底在干什么，她为什么不给我开门呢？”他尽力从窗口往里望去，可他的胡子太长，头又伸不进去，于是就把胡子先从窗户塞进去。他的胡子刚塞进来，曼丝萝大娘一眼就看见了，便把预先挂在窗户上的绳子猛地一拉把窗拉下来了，老头的胡子给卡在里面拉不出了。伦克朗老汉一下哭了起来，样子很可怜，因为那太痛了。他不停地肯求曼丝萝大娘饶了他，可大娘怎么也不肯，最后要他交出那架爬山的梯子。无论是愿意也好，不愿意也好，他只得告诉曼丝萝大娘梯子在哪里。曼丝萝大娘于是将一根长长的绳子拴在窗户上，搭起梯子向山上攀去，等她到达了从前跌落的地方，她松开了窗户。她回来到父王的跟前，告诉了他发生的一切，国王真是喜出望外。她的心上人仍在那里，他们便一起去挖开那玻璃山，找到了伦克朗老汉和他所有的金银财宝。国王最后下令杀掉了老汉，取走了他的所有财宝。</p><p>	公主与自己的心上人也结为伉俪，从此生活幸福美满。</p>',1,'2022-01-10 15:28:01','2022-01-10 07:28:01'),(50,50,'','<p>	一天，富农站在院子里察看他的田地和园子。麦子长得正旺，果树也压弯了腰。去年的粮食还囤积在楼上呢，屋梁都快压塌了。随后富农又走进了马厩，这里喂着的公牛和奶牛膘肥体壮，还有一匹浑身上下刷得干干净净的骏马。最后富农回到了厅里，眼光又落向了装满金子的铁钱箱。</p><p>他这样站在那里，估量着自己的财产，突然离他不远的地方传来了敲门声，敲的不是房间的门，而是他心灵的大门。门开了，他听到有个声音对他说：“你可曾给家人做过好事？你考虑过穷人的困苦吗？你把自己的饭分给过饥饿的人们吗？你觉得满足了吗？或者你还想要更多些？”他的心不甘示弱，马上了作出反应：“我向来是铁石心肠、冷酷无情，我从不给家人好脸色看，如有乞丐上门，我可不正眼瞧他一眼；我也不信上帝，想的只是如何得到更多财富。即使天底下的一切都是我的，我也不嫌多。”</p><p>	富翁听到这话，着实吃了一惊，他的双腿开始颤抖了，他只得坐下来。</p><p>	那时又传来了敲门声，不过这次却是敲在房间的门上。门外站着他的邻居，一个穷人，他膝下儿女成堆，连糊口也成问题。“我也知道我的邻居很富有，而且同样也无情；我不信他会接济我，可我的孩子们正哭着要东西吃，我只有豁出去了，来求他帮点忙。”可怜的农夫心里这样嘀咕着说，“你是不会轻易把东西施舍给人的，可是你看我站在这儿，像大水已淹过了头顶的人，我的孩子们正饿得慌，看在他们的份上，就借我四升谷吧！”富翁久久地盯着他，心中露出了些许怜悯之光，那贪婪之冰开始融化了一点点。“我不会借给你四升谷的，”富翁笑道，“可我愿意送你八升谷，但你必须答应我一个条件。”“要我做什么？”农夫急切地问。”我要是死了，你得在我墓前为我守三天灵。”农夫听到这要求，心一下就乱了，但因急需接济，就是任何事情他也会答应，于是他答应了对方的请求，背着谷子回家了。</p><p>	富翁似乎预感到会有什么事要发生，三天过后，他突然倒在地上死了。没人知道究竟是怎么回事，但也无人为他的死感到悲痛和伤心。富翁下葬时，农夫想起了自己许过的诺言,这下他可以从中摆脱出来了，他觉得高兴，可他心想：“毕竟他还待我好过，我也曾用他给的谷子养活过我的孩子。即使不是这样，一旦许下诺言，就得履行。”夜幕降临时，农夫走进了墓地，在富翁的墓前坐了下来。外边是那样的万籁俱寂，只有月光轻泄在坟头上，不时也有一只猫头鹰飞过，发出悲哀的叫声。太阳升起后，穷人平安无恙地回到了家。第二天晚上，一切都如昨天一般。可到了第三天晚上，农夫感到特别不自在，总觉得有什么事要发生，他于是走到了墓地的院墙外，看到一个自己从未见过的人。他年纪已不小，脸上有疤，他的眼睛急切地四处扫射，锐利无比；他身上披着件旧罩衫，只露出两只大马靴。“你在找什么？”农夫问道：“难道你在这寂寞的坟地不害怕吗？”“我啥也不怕！”那人答道，“我啥都不怕！我就同那位外出学发抖的年轻人一样，一切只是徒劳，不过他最后还是娶了公主为妻，还得到了大量的财宝，而我却老是受穷。我是个退役兵，今晚我打算就在这儿过，何况我也找不到其它地方可去。”“如果你不害怕的话，就陪陪我，帮我一起守那坟吧！”农夫答道。</p><p>	“站岗是当兵的事，”他答道，“不管今晚我们在这儿遇到什么好歹，我们都得共同承担。”农夫很赞同他，就和他一起在坟头坐下。</p><p>	前半夜，一切都平安无事。到了后半夜，空中突然传来了一阵尖锐的呼啸声，两个守卫者竟发现魔鬼就站在他们面前。“滚开，你们这两个坏蛋！”魔王对他们大喊：“躺在这墓里的人是我的，我要带他走。如果你们不赶紧滚蛋的话，我就拧断你们的脖子！”“红发老魔，”士兵说，“你又不是我的上司，我可没有必要听你的指挥，况且我也没学会什么是害怕。快滚吧！我们要坐在这儿。”</p><p>	魔鬼心想：“我最好用钱来让这两个流浪汉离开。”于是他就换上了柔和的语调，十分和善地问他们是否乐意接受一袋金币，带着回家。“这听起来还可以，”士兵答道，“但一袋金币还不够，如果你能够给我们些金币，用我一只靴子能装满，我们就立即把这块地方让给你。”</p><p>	“我身上可没带那么多金币，”魔鬼说，“但我会去取的。就在附近城里住着我的一位好朋友，他是个钱商，他会乐意帮我垫足这个数的。”说完魔鬼就消失了，士兵脱下他左脚的靴子说：“我们很快会让他碰一鼻子灰的。伙计，快把你的刀子给我用一下。”他拿刀把靴底割掉，把靴子放在一个小洞里，草丛正好遮掉了一半，然后说：“这会有用的，不久那黑鬼就会来。”</p><p>	于是他们坐在那里等着。没过多久，魔鬼就回来了，手提着一袋金子。“就倒在这里吧！”士兵说着，把靴子稍稍提起了一点，“但这还不够。”</p><p>	魔鬼把口袋抖了抖，金币全落进了靴子里，可是靴子仍不见满。“混蛋，你这没用的！我刚才没说过吗？回去再拿些来。”士兵大声骂着。魔鬼摇了摇头，无可奈何地走了。不到一个小时的工夫魔鬼就回来了，这次他拎来个更大的口袋。“只管倒吧！”士兵对魔鬼喊道，“但我怀疑靴子还是装不满。”金币叮噹噹地掉进靴子，但靴子一点也不见满。只见魔鬼怒火中烧，满眼通红，竭力想使自己相信眼前的一切。“你的小腿比大腿都粗，真难 看！”他歪着个脸喊道。“你以为我也和你一样生着个蹄脚吗？你是什么时候变得这样小气的？去多拿些金子来，否则我们这笔生意就拉倒。”魔鬼只得再打转，这次他也去得久些。当他最后出现时，他已被肩上的一袋金币累得气喘嘘嘘。他再次把金币倒进靴子里，可是靴子还是和刚才一样。这下魔鬼可大发雷霆了，他伸手就要从士兵手上抢过靴子，把它撕成碎片。可就在这时，早上第一道霞光穿过云层，照在了魔鬼身上，只见魔鬼狂呼大叫着逃跑了，墓中的那个可怜的灵魂也幸免于难。</p><p>	农夫要平分金币，士兵却说：“把我的一份分给穷人吧！我要搬到你的小屋去，我们就用剩下的东西过安静平和的日子，直到最后上帝召唤我们。”</p>',1,'2022-01-10 15:28:36','2022-01-10 07:28:36'),(51,51,'','<p>	远古时代，当上帝亲自巡视大地时，土地的产量比现在高得多。那时，麦穗不只结五六十粒，而是四五百粒，麦秆从头到脚长满了麦粒，秆有多长，穗就有多长。然而人类是如此的浅俗，他们生活丰裕时，就不再珍惜上苍的恩赐，以致变得漫不经心、大手大脚。一天，一位妇女路经一片麦地，她的小孩在她身边跑着，一下跌进了泥坑里，弄脏了小衣服。</p><p>	于是，这位母亲扯下一把漂亮的麦穗，用它擦净了衣服。</p><p>	碰巧上帝从这儿经过，见到这情形他非常生气，说：“从此麦秆不再结穗，人类不配再获得上苍的赐予。”周围的人听到这话吓坏了，纷纷跪下，祈求上帝仍留些麦穗于秆上，即使人类不配这一恩赐，但是为了那些无辜的家禽，求上帝开恩，否则它们就会饿死。上帝预见到人类的苦难，可怜他们，答应了这一请求。于是麦穗留了下来，就像现在生长的这样子。</p>',1,'2022-01-10 15:28:59','2022-01-10 07:28:59'),(52,52,'','<p>	一天傍晚，一位年轻的鼓手独自在田野漫步。他来到一个湖边，发现岸上摆着三件小小的白色亚麻衣服。“多么精制的亚麻衣服呀！”说着，他便把其中一件塞进了自己的口袋。回到家里以后，他没再去想那件捡到的衣服，就上床睡觉去了。</p><p>正当他要睡着的时候，他似乎觉得有人在叫他。他仔细听了听，显然有一个很轻很轻的声音在对他说：“鼓手，醒醒！</p><p>鼓手，醒醒！”</p><p>夜是那么黑，他根本看不清人，只是觉得仿佛有一个影子在他的床前晃来晃去。“你想要干什么？”他问道。</p><p>“把傍晚你在湖边拿走的那件衣服还给我。”</p><p>“告诉我你是谁，”鼓手答道，“我就把它还给你。”“唉！”那声音说道：“我是一位强大的国王的女儿，可是却落入了一个巫婆的魔掌，她把我囚禁在玻璃山上。每天我都要与我的两个姐姐到湖里去洗澡，可没有了那件袍子，我便飞不回去了。我的两个姐姐已经走了，可我却不得不留下来。求求你，把它还给我吧。”</p><p>“别着急，小姑娘，”鼓手说道：“我当然会把它还给你。”</p><p>说着，他便走过去从口袋里取出那件亚麻衣服，递给了她。她一把抓过那件衣服，转身就要走。</p><p>“等一等，”鼓手说，“或许我能帮你哩。”</p><p>“你只有登上玻璃山顶，并把我从巫婆的魔掌中解救出来，才能帮助我。可你根本到不了玻璃山，就算你近在山前，也没法上去。”</p><p>“凡事只要我想做，没有做不到的。”鼓手答道，“我同情你，并且我什么都不怕。可是我并不认识去玻璃山的路。”“那条路穿过食人者居住的那片大森林，”她说道，“我只能告诉你这些了。”接着，他就听见她飞走了。</p><p>天一亮，鼓手就出发了。他把鼓挂在身上，毫不畏惧地朝着食人者居住的大森林走去。过了好一会儿，他朝四周看了看，没看见一个巨人。他心想：“我得把这些懒家伙叫起来才行。”于是，他便用力地擂起了他的那面大鼓，鼓声把树上的鸟儿都给吓坏了。</p><p>不一会儿，只见一个躺在草丛中睡觉的巨人站了起来，他足有一棵松树那么高。“你这个混蛋，”他朝鼓手吼道：“你在这儿敲什么鼓，把我的美梦都给吵醒了？”</p><p>“我敲鼓是因为有一千个人跟在我的身后，”鼓手回答说：</p><p>“他们要凭我的鼓声来认路哩。”</p><p>“他们来我的森林干什么？”巨人问道。</p><p>“他们来此只为了一件事——那就是杀了你以及森林中所有像你一样的怪物。”</p><p>“哦，是吗？”巨人问道：“我要把他们像踩蚂蚁一样踩死。”“你以为你抓得住他们吗？”鼓手冷笑着说道：“当你弯下腰来想捉住某个人的时候，他就会飞快地躲起来。可是如果你躺下睡觉的时候，成百上千的人又会从四面八方的灌木丛中跑出来，爬到你的身上。由于他们每个人的手中全都拿着一把铁榔头，他们会把你的脑袋敲碎的。”</p><p>听了这话，巨人深感不安，心想：“果真要对付这群狡猾的小矮人的话，的确还真不容易哩！我可以毫不费力地对付狼群和狗熊，可是却实在拿那些小蚯蚓没办法。”“听着，小家伙，”他大声说道：“如果你离开这儿，我向你保证以后不会再骚扰你和你的伙伴们了。如果你还有什么其它的愿望，就说出来吧，也许我能帮助你。”</p><p>“你的腿长，比我跑得快，”鼓手说道，“你把我背上玻璃山去，我就向我的伙伴们发出信号，叫他们撤退，以后他们也不会再来打搅你了。”</p><p>“那好吧，小家伙，”巨人说，“坐到我的肩上来，我会把你送到你想去的任何地方。”</p><p>于是，巨人把他扛了起来。鼓手坐在巨人的肩膀上，高兴得又开始擂起鼓来。巨人心想，这一定是他在叫其他人撤退的信号。</p><p>过了一会儿，大路上又出现了另一个巨人。只见他把鼓手从第一个巨人的肩膀上接了过来，然后放到自己的扣眼里。鼓手牢牢地抓住有盘子那么大的纽扣，稳稳当当地坐在上面，心情十分愉快。</p><p>接着，他们又来到第三个巨人的身边，只见他把鼓手从第二个巨人的扣眼里取了出来，然后放到自己的帽沿上。鼓手在帽子上走来走去，不停地越过树顶眺望着远方。这时，他看见远处的蓝天下有一座山，心想：“那一定是玻璃山了。”的确如此，那巨人只往前迈了几步，他们便来到了山脚下。</p><p>这时，巨人把他从头上放了下来，可鼓手却让他把自己送到山顶上去。但是巨人摇了摇头，那张四周长满了胡须的大嘴嘀咕了几句，便头也不回地转回大森林去了。可怜的鼓手站在大山前，只见那座山仿佛有三座山加起来那么高，而且光滑如镜，叫他不知如何是好。他试着使劲地往上爬，可是全都白费力气，因为他总是一次又一次地从上面滚下来。</p><p>正当他站在那儿不知所措的时候，他看见不远处有两个人在吵架，于是他朝他们走了过去，了解到他们是在为放在地上的一只马鞍而争吵。</p><p>“你们多蠢啊！”他说：“竟然为了一个没有马匹的马鞍吵架。”</p><p>“为这个马鞍吵值得。”他们中的一个回答他说：“因为无论是谁骑在上面，不管他想去哪里，即使是世界的尽头，转眼之间他就能到那儿。这个马鞍是我们俩的，现在轮到我骑了，可是他却不肯。”</p><p>“我来替你们俩解决这个问题。”鼓手说着便往前走了一段，把一根白色的棍子插在地上，然后转回来说：“现在你们同时朝着那根棍子跑去，谁先跑到谁就先骑。”</p><p>两人开始跑了起来，可等他们刚跑出几步，鼓手就跳上了那个马鞍，说了自己想要上玻璃山山顶的愿望，于是只是一眨眼的功夫他就到了山顶。</p><p>只见山顶上有一间古老的石屋，屋子前面还有一大片鱼塘，鱼塘后面是一片阴森茂密的树林。这儿看不见任何人，也没有一头野兽，四周静悄悄的，只有风儿吹得树叶沙沙作响，一片片白云低低地从他的头上飘过。</p><p>他来到石屋前，敲了敲门，当他敲到第三声时，门便打开了，开门的是一个脸呈棕色、两眼通红的老太婆。她的长鼻子上夹着一副眼镜，锐利的目光直盯着他，她问他来这儿干什么。他告诉她，自己想在这儿借宿一晚。“如果你肯替我做三件事，你就可以在这里留宿。”</p><p>“为什么不呢？”鼓手回答说，“我不怕干活，不论那活有多么辛苦。”</p><p>于是，老太婆让他进屋好好地吃了一顿，美美地睡了一觉。</p><p>第二天早晨，老太婆便从自己干瘦的手指上取下一枚顶针，递给他，并且说：“拿上这枚顶针，用它把外面池塘里的水舀干！要舀得一点不剩才行，还要把池塘里所有的鱼按种类和大小选出来，排好放在岸上。这些活都得在天黑以前干完。”</p><p>“真是一件奇怪的活！”鼓手心里这样想道，可他却仍然走到池塘边，开始干了起来。他舀了整整一个上午，可要把这一大片池塘的水全都舀出来，用一枚顶针怎么行呢！那至少需要一千年时间。中午时分，他便停下手中这糟糕的活，自言自语地说道：“这全是徒劳，干和不干都一样！”</p><p>这时，一位美丽的姑娘从房间里走了出来，递给他一篮食物，说：“你看起来挺发愁的，是不是有什么麻烦？”</p><p>他看了看这美丽的姑娘，说：“哎，她交给我的第一件工作我就完不成，后面两件可怎么办啊！我远道而来，是为了寻找一位公主，可我还没有找到她。”</p><p>“在这等着，”姑娘说，“让我来帮你。你累了，把头放在我的膝上睡一会儿吧，等你醒来，活儿便干完了。”</p><p>鼓手乐不可支地同意了。</p><p>他刚一闭上眼睛，姑娘就边转动一枚如意戒指，边说道：</p><p>“水上来，鱼出来！”</p><p>转瞬之间，水就像一片白色的雾霭升上了天空，随同其它的云彩一起飘走了。鱼儿也噼噼啪啪地跳到了岸上，并且全都按大小和颜色排得整整齐齐。</p><p>当鼓手醒来的时候，看到发生的一切，惊异不已。</p><p>姑娘对他说：“有一条鱼没有躺在同类旁边，而是单独摆着。晚上老太婆来的时候，如果她看到一切都按要求做好了，就会问‘这条鱼是怎么回事？’，这时你就把那条鱼扔到她脸上，说‘这是给你的，老巫婆。’”</p><p>晚上，老太婆果然来了，也问了那个问题，鼓手便把那条鱼扔到了她的脸上。可她却站在那儿，一声不吭，似乎并不介意他对她的冒犯，只是恶狠狠地盯着他。第二天早上，她又说：“昨天你太轻松了，今天我得给你一件难一点的活干干。你今天必须把整片森林砍光，再把树木都劈成柴，并堆成一堆堆的柴垛子。这些活必须在天黑之前干完。”她给了他一把斧头、一柄大锤、两把锯子，可那些工具全都是铅铸的，又重又软，根本不能用。</p><p>他真不知如何是好。可中午时分，那姑娘又带着食物来了，并对他说：“把头放在我的膝上，睡一会儿吧，等你醒来，活就干完了。”</p><p>她又转动了一下她手指上的如意戒指，转眼间，整片森林便哗哗地倒了下来，那情形真让人看了害怕，仿佛有些看不见的巨人在砍伐这些树木似的。</p><p>鼓手醒来后，姑娘对他说：“你瞧，木头全劈好了，而且堆成柴垛了，只有一根树枝是扔在一旁的，等老巫婆今晚来问这是怎么回事时，你便拿着它重重地打她一下，说‘这是给你的，老巫婆。’”</p><p>老太婆果真来了，她说：“你瞧，这活多容易！可那根树枝是怎么回事？”</p><p>这时，鼓手拿起那根树枝，重重地打了她一下，并说：“这是给你的，老巫婆。”可是她竟显得无动于衷，只是一个劲地冷笑。</p><p>“明天，”老太婆说：“你把所有的木材堆成一堆，并点火把它们烧掉！”</p><p>天一亮，鼓手就起来开始搬木头，可是他一个人又怎么可能把一大片森林堆到一块呢？他的工作毫无进展。幸运的是，那姑娘并没有在困境中抛下他不管，她又给他带来了午饭，吃完之后，他又把头枕在她的膝上睡着了。他醒来时，堆积如山的木材已燃起熊熊烈焰，火舌直冲云霄。</p><p>“听着，”姑娘说，“老巫婆来时，她又会逼你做事。你要毫不畏惧地去做她要求你干的一切事情，这样她就没有理由责怪你了。如果你稍稍表露出一点畏惧，她就会抓住你，把你扔进火里。当你做好她要求你做的事情之后，你就紧紧地抓住她，把她扔进烈焰中去。”</p><p>姑娘刚走，老太婆就来了，她说：“好大的火！我正冷得要死，这熊熊大火正好可以暖和暖和我这把老骨头。哎，你瞧，火中怎么有一根圆木没有烧着，你给我把它拿出来。如果你能把它拿出来，你就获得了自由，可以想去哪儿就去哪儿。怎么样，你一定很乐意跳进去吧！”</p><p>鼓手毫不犹豫地跳了进去，那火焰竟然一点也没有烧到他，甚至连他的头发也没烤焦。他把圆木抱了出来放在地上。木头刚一着地，就变成了那位曾在困难中帮助过他的美丽的姑娘。那姑娘身上穿着一件金光闪闪的衣裳，他一眼便认出她就是那位他要找的公主。</p><p>这时，老巫婆阴险地笑了起来：“你以为你已经得到了她吗？可是我告诉你，还不到时候呢。”</p><p>说着，她就朝着姑娘扑了过去，想把她拖走。这时，鼓手用双手紧紧地抓住老巫婆，把她扔进了火海。</p><p>然后，公主仔细地打量了一下这位英俊的鼓手。一想到他竟然冒着生命危险来解救自己，公主心里万分感动，便伸出手对他说：“你既然肯为我付出一切，那么我就嫁给你为妻。</p><p>答应我，我们会彼此忠贞，永远相爱。”</p><p>接着，她把鼓手领进石屋，并把老巫婆藏满财宝的箱子和柜子全都打开给他看。他们没有动里面的金子和银子，只拿了些宝石。</p><p>他们不愿再呆在玻璃山上了，于是公主便对鼓手说：“我只需转动一下我的如意戒指，我们就能到家了。”</p><p>“那太好了，”鼓手说，“那就让我们去城门口吧。”</p><p>一眨眼的功夫，他们就到了城外。这时，鼓手说：“我要先回去看看我的父母，告诉他们所发生的一切。你就在田野里等我，我很快就会回来的。”</p><p>“唉，”公主说，“我恳求你千万不要亲吻你父母的右脸颊，否则你将会忘记一切。”</p><p>“我怎么可能忘记你呢？”他边说边伸出右手向她保证自己很快就会回来。</p><p>当他回到自己的家中，发现竟没有一个人认得出他来了，因为他在玻璃山上的三天其实是人间的三年，这样一来，他的模样便变了很多。</p><p>等他说出自己是谁之后，他的父母便高兴得一把抱住了他的脖子，他也异常激动，禁不住就亲了父母的双颊，完全忘记了公主的训诫。然后，他倒空自己的口袋，把珍珠和宝石一把一把地抓到桌子上。面对这么多的财宝，他的父母简直不知道该怎么办才好。</p><p>后来，他的父亲为他们建造了一座豪华的城堡，四周环绕着花园、森林和草地，简直就像是王子的宫殿。城堡造好之后，母亲对鼓手说：“孩子，我替你挑选了一位姑娘，你们下星期的今天就举行婚礼。”儿子对父母的安排也感到非常满意。</p><p>再说可怜的公主在城外等了很久很久。夜晚降临了，可是他还没有回来，她知道他一定是亲了他父母的右颊，把她给忘记了！公主伤心极了，不愿再回到父亲的宫中去，而只是独自住在一间孤寂的林中小屋里，每天傍晚她都进城去，故意从鼓手住的房前经过，虽然他很多次都看见了她，可已不再认得她了。终于她听到有人说“明天，鼓手就要结婚了。”于是她对自己说：“我一定要尽我最大的努力，赢回他的心。”</p><p>婚礼的第一天，她转动了一下她的如意戒指，说：“我要一件像太阳一样闪闪发光的衣服。”转瞬之间，一件宛如阳光织出来的美丽的衣服就出现在她的眼前了。</p><p>当所有的客人都到齐了之后，她才走进大厅。在场的每一个人都为她那美丽的衣服而惊诧不已，特别是那位新娘，她是那种最喜欢漂亮衣服的女人，她于是走到陌生女子的面前，问她是否原意把她的衣服卖给她。</p><p>“我不要钱，”她回答说，“可是如果允许我整个晚上都站在新郎卧室门外，我就乐意把它送给你。”</p><p>新娘抵制不住这个诱惑，便答应了她的要求。可是她偷偷地在新郎晚上睡觉前喝的酒里放了安眠药，让他很快就沉沉睡熟了。</p><p>等到一切都安静下来之后，公主便悄悄地来到他的卧室门前，轻轻地把门推开一条缝，对着里面呼唤道：</p><p>“鼓手，鼓手，请听我说，</p><p>难道你真的完全忘记我了？</p><p>难道在玻璃山上，你不曾坐在我的身边？</p><p>难道我不曾把你从老巫婆的魔掌中解救？</p><p>难道你不曾微笑着立下誓言、坦露忠诚？</p><p>鼓手，鼓手，你回答我。”</p><p>可是这一切都是徒劳的，因为鼓手根本就没有醒来，第二天早上，公主不得不败兴而归。</p><p>第二天晚上，她又转动她那如意戒指，说道：“我想要一件像月亮一样泛着银光的衣服。”</p><p>当她穿着一身像月光一样柔美的衣服出现在晚会上时，又让新娘嫉妒万分。她便用这件衣服作为条件换得了新娘的同意，让她到新郎的卧室门前再站上一晚。</p><p>在这夜深人静的夜晚，她又照样呼唤着鼓手。可是因为安眠药使他丧失了知觉，他还是没有醒。清晨，公主又沮丧地回到了自己的林间小屋。</p><p>可是城堡里的仆人们却听到了陌生少女的哀诉，他们便把这件事情告诉了新郎，他们还告诉他，要是他睡前没喝掺了安眠药的酒，他就一定能听到。</p><p>第三天晚上，公主再次转动了她的戒指，并说：“我想要一件像星星一样亮晶晶的衣服。”</p><p>当她出现在晚会上时，新娘对这件衣服简直爱得发狂，她说：“我一定要得到它，我也一定会得到它。”于是，公主同意以同样的条件换她的这件衣服。</p><p>这一次，新郎睡前没有喝酒，而是把它全都倒到床底下去了。等一切安静下来之后，他便听见一个温柔的声音在呼唤：</p><p>“鼓手，鼓手，请听我说，</p><p>难道你真的完全忘记我了？</p><p>难道在玻璃山上，你不曾坐在我的身边？</p><p>难道我不曾把你从老巫婆的魔掌中解救？</p><p>难道你不曾微笑着立下誓言、坦露忠诚？</p><p>鼓手，鼓手，你回答我。”</p><p>这时，鼓手突然恢复了记忆，“唉，”他大声叫道，“我是多么不忠、多么残酷啊！只怪我一时太高兴而亲了父母的右颊。”说着，他便跳了起来，牵着公主的手，来到父母的床前，“这才是我真正的新娘，”他说，“如果我和别人结婚，那我就太对不起她了！”</p><p>于是，城堡里又举行了一次婚宴。而第一个新娘也心满意足地得到了那三件美丽的衣服作为补偿。</p>',1,'2022-01-10 15:29:31','2022-01-10 07:29:31'),(53,53,'','<p>从前，一对老夫妇刚干完一天的活，正坐在他们的破屋前，突然远处驶来了一架漂亮的马车，马车由四匹黑马拉着，车上下来了一位衣着华丽的人。农夫站起身来，走到大人物跟前，问他需要什么，可否为他效劳。陌生人向老人伸出了一只手，说：“我不要别的，只想吃一顿农家的便饭，就像平常一样给我弄一顿土豆，到时我会到桌上放开肚皮吃一顿。”农夫笑道：“你准是个伯爵或侯爵，要么就是位公爵，高贵的老爷们常有这种欲望，不过我会满足你的。”于是老婆子便开始下厨洗刷土豆，并按乡下人的方式把它削成米团子。就在她一个人忙得起劲的时候，只听农夫对陌生人说：“跟我到花园来，那儿我还有些活要干。”他在花园里挖好了一些坑，现在要在里面种上树。“你可有儿女？”陌生人问，“他们可以帮你干点活啊！”“没有，”农夫答道，“确切地说，我曾有过一个儿子，但很久前他就离家出走了。他以前不务正业，人虽聪明机灵，却不学无术，脑子里全是鬼主意，最后还是离我们走了，从此便杳无音讯。”</p><p>老人拾起一株小树，栽入坑中，在树旁插上桩，又铲进些泥土，再用脚踩紧，然后用绳子把树的上、中、下三处扎在桩上。“不过你能否告诉我，”陌生人说，“那边有棵弯曲的树快垂地了，为什么不把它也靠在桩上，让它也长直呢？”农夫笑道：“老爷，你说的和你知道的是一样多，显然你对园艺业一窍不通。那株树年岁已久，已生结疤，现在已无法弄直了，树要从小就精心培植。”“你的儿子也和这树一样，”陌生人说，“如果从小就对他好好管教，他就不会离家出走。现在他一定长硬，并生了结疤。”“那是肯定的，”老人说，“他出走这么久一定早变了。”“如果他再回来，你会认出他吗？”陌生人问。“外貌肯定认不出，”农夫说，“不过他有个标记，在他的肩上有粒胎记，有蚕豆粒般大小。”等他说完，只见陌生人脱下上衣，露出肩膀，让农夫瞧那颗豆大的胎记。“天啊！”老人大叫：“你真是我的儿！”爱子之心油然而生，老人一时心乱如麻。“不过，”他又说，“你已是位富贵高雅的尊敬的大老爷，怎么可能是我的儿子呢？”“哦，爹，”儿子答道，“幼苗不用桩来靠就会长歪，现在我已太老，再也伸不直了。你问我是怎样变成这样的，因为我已做了小偷。别惊讶，我可是个偷盗高手，对我来说世上没有什么铁锁或门闩，我想要的就是我的。千万别把我想成个下三流的小偷，我只把富人多余的东西借来一用，穷人则是安全的，我只会接济他们，决不会去取他们丝毫之物。而且那些不费脑力、不动脑子、不施巧计就能得到的东西，我连碰都不碰。”“唉呀！儿子，”父亲说，“我却不喜欢，小偷终究是小偷，他们最终是会遭报应的。”老父把儿子带到母亲跟前，等她得知那就是她的亲生儿子时，高兴得哭起来了；但知道他是个偷盗高手时，眼泪又唰地流了出来。最后只听她说： “即使做了小偷，但他终究是我的儿子，我总算又瞧见他了。”</p><p>他们一家仨口围坐在桌旁，他又和父母一起吃起了那粗糙的饭，他有很久没有吃这种饭了。这时父亲开口道：”要是城里的伯爵老爷得知你是谁，以及你所干的行当，他可不会像给你洗礼时那样把你抱在怀里，他会把你送上绞架的。”“别担心，爹，他可伤不着我，我有一套呢。今晚我就去登门拜访伯爵大人。”天黑时，神偷坐上马车驶向了城堡。伯爵客气地接待了他，还以为这是个大人物，可当他道明身份后，伯爵的脸唰的一下白了，一时竟说不出话来。最后他总算开口了，说：“你是我的教子，出于这一点，我不会对你无情无义的，我会对你宽大的。既然你夸口自己是个神偷，就露几手给我瞧瞧。如果不堪一试，你得自讨一副绳索，到时乌鸦会来哇哇给你奏乐的。”“伯爵老爷，”神偷答道，“尽量想三桩难题，如果我不能做到，到时我会听凭你的处罚。”伯爵想了一会儿说：“第一件是，你得从我的马厩里把我的马盗出来；第二件是，趁我和夫人睡觉时，你得从我们身下把褥子偷去，而不让我们察觉，还有我夫人的结婚戒指；最后一件是，你得从教堂里把牧师和执事偷出来。记住我说的，以后就看你的造化了。”</p><p>神偷来到最临近的城里，买了一套老农妇的衣服穿在身上，然后又把脸涂成棕色，再在上面画上皱纹。他还把一个小酒桶装满匈牙利酒，并向里面撒了些蒙汗药。于是他便拖着缓慢的步子，踉踉跄跄地走向伯爵的城堡。等他赶到城里时，天已黑了，他在院中一块石头上坐下，便开始咳嗽起来，样子酷似一位患哮喘病的老妇人。他擦了擦手，像是冷得不得了。就在马厩的门前，一些士兵正围着一堆火坐在地上。其中的一个瞧见了妇人，便对她喊道：“过来吧，老大妈。到我们旁边来暖暖身子吧。想必你连过夜的地方也没有，你可以在这儿将就一宿。”老妇人踉跄地走了过去，请他们帮忙把身上的酒桶取下来，然后在他们身边的火旁坐了下来。“桶里装的是什么，老太婆？”一个问道。“几口上好的酒，”她答道，“我靠做点生意过日子，只要话说得好，价钱合理，我倒会让你来一杯的。”“那我就在这里喝吧。”那士兵说着，先要了一杯，说：“只要酒好，我还要来一杯。”说完就自己倒了一杯，其他的人也学着他的样倒了就喝。“喂，伙计们，”其中的一个向马厩里的士兵喊道，“这有一位老婆子，她的陈年老酒和她的年龄差不多，来喝一口吧！暖暖身子，它可比烤火管用得多。”老妇人提着桶子进了马厩，只见里面一个士兵坐在马鞍子上，一个手握缰绳，另一个抓着马的尾巴。</p><p>她给这三个人倒了许多酒，直到酒桶见底为止。不多久，缰绳就从那个士兵的手中掉了下来，士兵也跟着倒下，并开始打起鼾来。另一个也松开了马尾巴，倒在地上，呼噜声一个高过一个。骑在马上的人仍坐在上面，不过头几乎弯到了马脖上，他也睡熟了，嘴角儿出气儿，就像是在拉风箱。外面的士兵早就睡熟了，一个个就像死尸般躺在那儿，一动也不动。神偷见自己已得手，拿了根绳子换下了那个士兵手中的缰绳，拿一把稻草换下另一士兵手中的马尾，不过马鞍上那个该怎办呢？他不想把他推下来，这样会把他弄醒使他大喊大叫起来。他想了个好主意，只见他把马肚下的马鞍带子解开，用几根绳子把马鞍牢牢地拴在了墙上的吊环上，然后再把那位睡熟了的骑士吊在空中，又把绳子绕在柱子上，牢牢扎紧。然后他迅速地把马链解开，但如果他就这样骑着马走在院中的石板路上，里面的人肯定会听见，于是他用破布把马蹄包好，小心翼翼地牵出马厩，然后一跃而上，飞奔而去。</p><p>天亮了，神偷骑着盗来的马来到城堡。伯爵刚刚起床，正在往外望。“早上好，伯爵老爷，”小偷向他叫道，“马在这里，我已幸运地把它从马厩里牵了出来。瞧，你的士兵躺在那里一个个睡得多美啊！如果你乐意到马厩去，你会发现你的守卫有多舒服。”伯爵忍不住笑了起来，只听他说：“这次得逞了，下此休想那么侥幸，我警告你如果给我逮住，我会把你当贼来处置。”</p><p>当晚伯爵夫人睡觉时，手里紧紧握住那只结婚戒指，只听伯爵说：“所有的门都已锁上闩好，我一夜不睡等着小偷，如果他从窗户进来，我就开枪打死他。”此刻神偷趁着夜色来到了刑场的绞架下，他一刀割下绞索，放下罪犯，然后扛着回到了城里。他在卧室下架起一把梯子，肩上扛着死尸就向上爬。等他爬到一定的高度时，死尸的脑袋正好在窗前露出，守候在床上的伯爵拔枪就射，神偷应声松开了手，可怜的罪犯摔下了地，他立刻爬下梯子，躲进了墙角里。那天夜晚月色分外明亮，月光里伯爵爬到窗外，顺着梯子爬了下来，把地上的死尸扛向花园，在那里开始挖坑掩埋尸体。神偷把这一切看得一清二楚，“现在机会来了！”神偷想。于是他机灵地从墙脚下溜了出来，爬上梯子，径直走进伯爵夫人的卧室，装着伯爵的声音说：“亲爱的夫人，小偷已死了，但他毕竟是我的教子，他最多只是淘气，算不了什么坏人，我不想公开出他的丑，而且我也同情他那可怜的父母，天亮前我想把他在花园埋了，这样也无人知晓。给我褥子，把他裹起来，这样埋起来就不会像条狗一样。”伯爵夫人给了他褥子。“而且我说，”小偷继续说道，“为了表明我的宽宏大量，再把戒指给我，这位不幸的人为之付出了生命，就让他带进坟墓吧！”伯爵夫人不敢违背丈夫，尽管不乐意，还是把戒指退了下来，递给了伯爵。小偷拿到两样东西后就走了，赶在伯爵在花园里埋完尸体前平平安安地回到了家。</p><p>第二天上午，神偷送来了褥子和戒指，伯爵的脸儿拉得可长啦！“难道你会法术？”他说，“是谁把你从坟墓中弄出来的？明明是我亲手埋掉了你，是谁让你起死回生的？”“你埋的可不是我，”小偷说，“而是已处决的罪犯。”然后他又把一切原原本本地讲给伯爵听了。伯爵不由得也承认他是个聪明狡猾的小偷。“不过还没完呢！”他又说道，“你还剩一件事未干，如果到时不成，一切均是枉然。”神偷笑而不答地回家了。</p><p>天黑了，他肩背一只长长的大袋子，腋下携着个包裹，手中提着一只灯笼来到村里的教堂。他袋中装的是螃蟹，包裹里盛的是蜡烛。到了教堂的院内，他坐在地上，掏出了一只螃蟹，在它背上粘上蜡烛，然后又点上小蜡烛，把它放在地上，让它自己四处乱爬。接着他又掏出了另一只，同样地摆弄一番，他如此这般地忙着，直到袋内一只不剩。这时他又披上一件黑色的同神甫的僧衣没有什么两样的外衣，并在下巴上粘上花白胡子，直到最后无人再能认出他来，他才提着那只装螃蟹的袋子走进教堂，登上了神坛。这时头顶上的钟声正好敲响了十二点，当最后一声钟敲完后，他便放声高喊起来，声音尖锐刺耳：“听着！听着！谁想和我一起进天堂，马上爬进这袋中，我是看守天堂大们的彼得。看啦外面的死尸正在四处游荡，拾着他们的尸骨。快来！快来！赶快爬进这袋中，世界就要毁于一旦了。”叫声响彻整个村庄，久久回荡不已。牧师和执事住得离教堂最近，最先听到；这时他们又看到一些灯火在教堂里移动，觉得事情有点不对劲，便来到了教堂。他们听了好一会儿布道，只见执事用手肘轻轻推着牧师，说：“世界末日到来前，能轻而易举地进入天堂，此机不用更待何时。”“说实在的，”牧师说，“这正合我意，如果你愿意，我们一块走吧。”“好！”执事答道，“牧师您先请，我随后就来。”于是牧师在先，执事在后，登上了神坛，那儿神偷正张开那只袋子。牧师先爬了进去，接着执事也跟着进去了。神偷随即把袋口扎紧，拦腰抓起，拖下了神坛。每当两个傻瓜脑袋碰在阶梯上，他就高声说：“我们正在穿山越岭呢！”到了村口时他也是这样拖着，当他横过泥坑时就大声说：“我们正在腾云驾雾呢！”最后神偷把他们拖上了城堡的石级，他又大叫：“我们正在上天堂的台阶，很快就要到天堂的前院了。”等他到达上面时，就把袋子推入鸽子笼，鸽子纷纷地飞了出来，他又说：“听，天使们有多高兴，他们正在展翅飞舞呢！”说完就插上门走了。</p><p>第二天早上他再次来到伯爵的跟前，告诉他完成了第三项任务，并已把牧师和执事扛出了教堂。“你把他们放在哪儿？”伯爵问。“他们正躺在楼上的鸽子笼内的口袋中，他们以为自己正在天堂呢！”伯爵亲自登上城楼，证实了神偷所说的是实话。当他把牧师和执事放出来后，说：“你确实是个通天神偷，你赢了。这次你又安然无恙地逃脱了，但从此你得离开我的领地，如果你胆敢再踏进此地一步，我就会把你送上西天。”通天神偷于是辞别了父母，再次走入大千世界，从此便再无音讯。</p>',1,'2022-01-10 15:29:55','2022-01-10 07:29:55'),(54,54,'','<p>从前，在一座巍峨的城堡里住着位公主，城墙的上面有一座宫殿，殿内开有十二个窗户，可以看到四面八方。每次公主踏上宫殿的顶楼，放眼四方，整个王国尽在她的眼下。每当她从第一扇窗户往外看，她可以比任何人都看得清楚，从第二扇看时，则能看得更清楚，从第三扇看时还要清楚些，如此类推，一扇胜似一扇，到最后一扇时，无论是天上地下的一切都能看见，世上没有什么能逃脱她的眼睛。公主为人傲慢，目空一切，并希望永远独揽大权，而且她又对外宣称，如果有人想成为她的丈夫，就得躲起来让她找不着，否则就别想得太美。有人来试过了，结果被发现了，连脑袋也搬了家，挂在了柱子上。现在城外已经立着九十七根柱子，每根上面都挂着一个人头，很长一段时间内没有人敢来一试了。公主这下可高兴啦！心想：“这下我可以永远自由自在了。”不久宫廷里来了三兄弟，声称想试试自己的运气。老大想只要爬进石灰窑就可万事大吉了，结果公主从第一扇窗口便瞧见了他，便叫他出来，杀了他的头。老二爬进宫殿下的地窖，公主又从第一扇窗口瞧见了他，结果他也惨遭了同样的命运，脑袋被挂在了第九十九根柱子上。最后老三走上前去，乞求公主给他一段时间考虑，并请她发发慈悲，给他两次机会，如果第三次不成，便自甘认命。公主瞧他长得英俊，乞求又诚恳，最后还是答应了，“好吧！我就让你试试吧，不过你休想得逞。”</p><p>他怎么才能逃过她的眼睛呢？年青人想了好久，可就是想不出好法子。他干脆扛着枪打猎去了。看见远处有一只乌鸦，他仔细瞄准，正要开枪，乌鸦突然叫道：“别开枪，我会报答你的！”他放下了枪，继续往前赶，不久便来到了一片湖水旁。在那儿他发现了一条鱼从水的深处跃上水面，他又举枪瞄准了，鱼儿叫道：“别开枪，我会报答你的！”他于是让鱼儿继续跃上跃下。接着他又遇到一只跛脚的狐狸，他开了枪不过没有打中，只听狐狸叫道：“你最好帮我把脚上的刺拔出来。”他于是照做了。可当他正要杀掉狐狸并剥下它的皮时，狐狸叫道：“别杀我！我会报答你的！”这位年轻人放走了它。</p><p>很快天就黑了，他只得回家去。</p><p>明天他就得躲起来，但无论他怎样绞尽脑汁，都想不出个藏身之处。他走进了森林，来到了乌鸦的跟前说：“我让你活了命，现在告诉我该躲到何处，这样公主才看不见我。”乌鸦低头沉思了好一会，最后他哇哇大叫着说，“有办法了！”它从自己的窝里掏出一个个蛋，破成两半，然后把年青人关在里面，蛋壳又缝合如初，它又坐在上面。当公主走到第一扇窗口时，没能看见他，其它几扇窗口也看不见，于是她开始不安起来了。但当她到了第十一扇窗口时，她终于瞧见了他。她命令手下开枪杀死了乌鸦，把蛋带来破开，年青人只得出来了。她说：“我已饶了你一次，你好自为之，否则你就完了！”</p><p>第二天他来到了湖边，把鱼儿招到身边，说：“我放过你的生，现在告诉我该躲在何处，这样公主才看不见我。”鱼儿想了一会儿，最后较道：“有了！我可以把你藏在我肚子里。”鱼儿把他吞进肚内，游入湖底。公主从窗口往外瞧，既使在第十一扇窗口也没能看见，这下她可慌了。不过在最后一扇窗口她还是瞧见了他，于是命令手下把鱼儿抓来杀掉，年青人钻了出来，现在他的心情就可想而知了。公主说：“我已饶了你两次，小心你的脑袋别挂在第一百根柱子上。”</p><p>最后一天，他心事重重地走到郊外，又遇到了狐狸。“你可是个找藏身处的行家，”他说，“我可饶过你的命，现在告诉我该躲在何处，这样公主才看不见我呢？”“那可难了，”狐狸答道，露出一副若有所思的样子，最后他叫道，“有了！”于是领着他走到泉水旁。他跳了进去，然后又冒了出来，模样恰似市集上的摊贩，专营皮货的商人。年青人只得也跟着跳入水中，马上变成了一只小海兔。商人来到城里，展出了这只小动物。许多人都围上来看希奇，最后公主也来了，对这小家伙爱不释手，于是买下了它，给了商人一大笔钱。商人在把小海兔交给公主前，对小海兔说：“等公主走到窗前时，赶快爬到她辫子下。”现在轮到公主来找他了。她走到窗前，一扇挨着一扇，从第一扇到第十一扇窗口查看，可她竟都看不见他。既使是到第十二扇窗口也没有瞧见，这下她变得惶恐不安了。只见她愤怒万分，猛地关上窗户，结果窗户上的玻璃碎成了无数块，整个城堡都给震动了！”</p><p>她转过身来，正好和自己发辫下的海兔碰了个满怀。她一把抓起海兔，扔在地上，大叫：“滚开！给我滚得远远的！”海兔立刻奔向商人。他们俩急匆匆地奔向泉水边，扑嗵一声跳入水中，从此又恢复了原形。年轻人感谢了狐狸，并说：“和你比起来，乌鸦和鱼儿真是大傻瓜，你真是诡计多端，名不虚传啊！”</p><p>年轻人径直来到宫廷，公主早就在那儿等着他了，从此她接受了命运的安排。婚礼举行得很隆重，现在他已做了国王，成了一国之君了。至于第三次他藏在何处，谁帮助了他，他可从未告诉过妻子，于是她就以为他是凭借自己的能力做到一切的，从此公主也更加敬重他，因为她想：“他可比我更有能耐。”</p>',1,'2022-01-10 15:30:13','2022-01-10 07:30:13'),(55,55,'','<p>从前有位远见卓识、机智聪明的农夫，有关他足智多谋的故事至今人们仍广为传颂。其中最精彩的要首推他曾经怎样捉弄魔鬼的故事。</p><p>一天，农夫在田间劳动了一整天，天黑时正准备回家，忽然发现自己的田里有堆煤在燃烧，他惊讶万分，于是便走上前去看，发现竟有一个黑色的小魔鬼走在燃烧的煤堆上。“你是坐在财宝上吗？”农夫问。“正是财宝。”魔鬼答道，“而且比你一生见到的都要多呢！”“财宝在我田里就得归我。”农夫说道。“就归你吧！”魔鬼说，“只要你肯将两年内一半的收成给我就行了。钱，我有的是，但我更喜欢地上的果实。”农夫答应了这桩交 易，并说：“为了避免在我们分配时出现纠纷，凡泥土上的东西归你，泥土下的归我。”魔鬼感到心满意足，但这位聪明的农夫却种上了萝卜。</p><p>现在收获的季节到了，魔鬼又来了，要求收回属于他的收成。但除了那些枯黄的败叶外，他一无所获；而农夫却在兴高采烈地挖着他的萝卜。“这次让你占了便宜，”魔鬼说，“下次可不能这样。地上的归你，地下的归我。”“悉听尊便。”农夫答道。播种的季节又到了，这次他可不播萝卜，而是种上了小麦。麦子熟了，他来到田间，把麦秆齐根割倒在地。魔鬼又来了，见到除了残茬外，他又一无所获，气得转身就走，顺着石缝钻了进去。 “我就是这样骗倒魔鬼的。”农夫说完，赶紧拾起财宝回家去了。</p>',1,'2022-01-10 15:30:30','2022-01-10 07:30:30'),(56,56,'','<p>从前有个女孩，很小的时候父母就相继去世了。她的教母独自一人住在村头的一间小屋里，靠做针线活儿、纺纱和织布来维持生活。这位好心肠的妇人把这个孤儿接到家中，教她做活儿，培养她长大成了一个既孝顺又虔诚的人。</p><p>女孩十五岁的那年，她的教母突然病倒了。她把女孩叫到床边，对她说：“亲爱的孩子，我感觉我就要去了。我把这间小屋留给你，可以给你挡风遮雨。我把我用过的纺锤、梭子和针也留给你，你可以凭它们来糊口。”</p></p><p>说着，她把手放在女孩的头上为她祝福，并且对她说：“心地要纯洁诚实，幸福会降临到你头上的。”说完便合上了眼。在去墓地的路上，可怜的女孩一路走在教母的棺材旁放声大哭。</p></p><p>教母去世以后，女孩独自一人生活着，勤劳地纺纱、织布、做针线活儿；而且好心肠的老教母的祝福使她免受了伤害。人们难免会揣测一番：她的亚麻老是用不完，而且她每织完一块布，或缝好一件衬衫，马上就会来个出好价的买主。这样一来，她不但没有受穷，而且还能分给穷人一些东西。</p></p><p>这个时候，王子正周游全国各地，打算物色一位王妃。他不能选择穷人家的姑娘，也不喜欢富家小姐。于是他说，他要物色一位最贫穷同时又最富有的姑娘。王子来到女孩居住的村庄，便按照他在其它地方的一惯作法，打听村子里哪个姑娘最贫穷同时又最富有。村民们马上告诉他，村里哪个姑娘最富有；至于最贫穷的姑娘嘛，当然就是独自住在村头小屋里的那个女孩了。</p></p><p>那位富家小姐身着节日盛装，坐在门前，看见王子走过来便站起身，迎上前去给他行礼，可是王子看了看她，便一言不发地走了过去。然后王子来到最贫穷的姑娘的屋前；姑娘没有站在门前，而是把自己关在那间小屋子里。王子在窗前停下脚步，透过窗子注视着屋里。阳光射进小屋，屋里一片明亮，姑娘正坐在纺车前纺纱，手脚灵巧，动作娴熟。姑娘暗暗注意到，王子正在看着她，她羞得满脸通红，于是急忙垂下目光，继续纺纱。不过她这回儿纺的纱是否很均匀，我可就说不准喽。她一直纺啊纺啊，直到王子离开了才停下来。王子刚一离开，她急忙跑到窗前，一把推开窗子，说道：“屋里可真热啊！”透过窗口，她两眼紧紧地盯着王子的背影，直到他帽子上的羽毛也在视线中消失了，才作罢。</p></p><p>姑娘重新坐到纺车前继续纺纱。无意中她忽然想起了老教母经常哼唱的一句歌词，便唱了起来：</p></p><p>“小纺锤啊，快快跑，千万别住脚,一定将我的心上人啊，早早带到！”</p></p><p>怎么回事？话音刚落，纺锤突然从她手中滑落，飞也似的跑出门去。她目不转睛地看着纺锤奔跑，惊得目瞪口呆。只见纺锤蹦蹦跳跳地跑过田野，身后拖着闪闪发光的金线。不大一会儿，锤纺就从她的视线里消失了。没了纺锤，姑娘便拿起梭子，开始织布。</p></p><p>纺锤不停地跑啊跑，刚好在金线用完了的时候，追上了王子。“我看见什么啦？”王子大叫起来，“这支纺锤想给我带路呢。”他于是掉转马头，沿着金线飞快地往回赶。姑娘呢，还在织布，一边织一边唱道：</p></p><p>“小梭子啊，快快跑，千万迎接好，</p></p><p>一定将我的未婚夫啊，早早领到！”</p></p><p>话音刚落，梭子突然从她手中滑落，蹦跳着跑到门口。谁知到了门口，它就开始织地毯，织了一块世上最漂亮的地毯。地毯两侧织着盛开的玫瑰和百合花，中间呢，在金色的底子上织着绿油油的藤蔓。在藤蔓间有许多蹦蹦跳跳的小兔子，还有许多探头探脑的小鹿和松鼠；枝头上栖息着五颜六色的小鸟，虽然小鸟不能歌唱，却栩栩如生。梭子不停地跑过来，跳过去，地毯很快就织好了。</p></p><p>梭子不在手边，姑娘便拿起针来，一边缝一边唱道：</p></p><p>“小针儿啊，你来瞧，他马上就到,一定将我的小屋子啊，快整理好。”</p></p><p>话音刚落，针突然从她手指间滑落，在小屋里奔来路去，动作快得和闪电一样。真如同是肉眼看不见的小精灵在做着这一切：转眼之间，桌子和长凳罩上了绿色的织锦，椅子罩上了天鹅绒，墙上挂满了丝绸装饰品。</p></p><p>小针儿刚刚整理完小屋，姑娘就透过窗子看见了王子帽子上的羽毛，王子沿着金线回到了这里。他踏过地毯，走进小屋，只见姑娘衣着依然简朴，站在眨眼之间变得富丽堂皇的小屋中，格外刺眼，恰似灌木丛中一朵盛开的玫瑰。</p></p><p>“你既是最贫穷也是最富有的姑娘，”王子大声地对她说道，“跟我来，做我的王妃吧。”</p></p><p>姑娘默不作答，而是将手伸给了王子。王子吻了她之后，把她抱上马，带着她离开了小村庄，回到了王宫。在宫里，他们举行了盛大的婚宴。</p></p><p>那么，纺锤、梭子和针呢？啊！就珍藏在王宫的宝库里了。</p></p>',1,'2022-01-10 15:30:52','2022-01-10 07:30:52'),(57,57,'','<p>孩子们，我这故事听起来像是捏造的，但它却是千真万确的。故事是从我爷爷那听来的，他每次给我讲时，总说：</p><p>“这当然是真的，要不然就不给你讲了。”</p><p>这故事是这样的。在收获季节的一个星期天早上，荞麦花开得正盛，阳光明媚，微风和煦地吹拂着田间的草梗，云雀在空中欢唱，蜜蜂在荞麦间嗡嗡地飞来飞去，人们正穿着盛装去教堂做礼拜。万物欢喜，刺猬也不例外。</p><p>刺猬正双手叉腰，靠门站着，享受这清晨的和风，悠闲地哼着小曲，这首歌和他平时星期天早上唱的歌没有什么两样。他悠闲地半哼半唱着，突然想起了要趁自己的女人正给孩子们洗澡的当儿，去看看他的萝卜长势如何。这些萝卜其实并不是他的，只是离他家很近，他和他的家人就习以为常地靠吃这些萝卜度日，他也理所当然地把它当成是他自己的了。说干就干，只见他关上身后的门，随即就踏上了去萝卜地的路。他在离家不远的地方绕过了地边仅有的一丛灌木，正准备到地里去时，他看到了为同样目的出门的野兔，他也想去看看自己的白菜长得怎样了。刺猬看到野兔时友好地和他道了声早安，但野兔自以为是位不同寻常的绅士，表现得非常傲慢无礼，连刺猬的问候也不搭理，只是以一种很轻蔑的态度对刺猬说：“你怎么这么一大清早就在地边跑？”“我在散步。”刺猬说。“散步？”野兔微微一笑，“我想你可以用你的腿干点更好的事吧。”刺猬听到这回答非常气愤，他一切都可忍受，只有自己的腿不能提，因为大自然给了他一双短短的弯腿。于是他对野兔说：“你以为你的腿能比我的腿派上更大的用场？”“我正是这样认为的。”野兔说。“这个我们可以验证一下，我打赌如果我们赛跑，我一定会胜过你。”刺猬说道。“真是滑稽，瞧你那对短短的腿。不过我倒很乐意，既然你有这种荒诞的想法，我们来赌点什么呢？”野兔说道。“一个金路易和一瓶白兰地。”刺猬说道。“一言为定。”野兔说。“来，击掌为证，我们现在就可以开始。”“不，”刺猬说，“没必要这么急嘛，我还没吃过早饭呢！我得先回家，吃完饭。半小时后我就会回来。”</p><p>于是刺猬离开了，野兔对这一切也很满意。在回家的路上刺猬想：“野兔仗着他的腿长，很得意，但我会设法胜过他的。他或许是个人物，但他却是个愚蠢透顶的家伙，他会为他所说的话招报应的。”当他回到家时，他对自己的女人说：“老婆，快点穿好衣服，跟我到地里走一趟。”“出了什么事？”他女人问道。“我和野兔打了个赌，赌一个金路易和一瓶白兰地。我要和他赛跑，你也得到场。”“天哪，老公，”他女人叫道，“你没有毛病吧，你是不是疯了，你怎么会想到要和野兔赛跑呢？”“住嘴，你这女人，”刺猬叫道，“这是我的事，男人的事你最好少插嘴。快去穿上衣服跟我走。”刺猬的老婆拿他没办法，不管她愿意不愿意，她都得听他的。</p><p>于是他们一起上路了。刺猬告诉她的女人说：“现在听好我的话，你瞧，我会把这块地作为我们的赛跑路线，他跑一畦，我跑一畦。我们会从那头上跑下来，现在要做的就是呆在这畦的底下，当他到达你身旁那畦的终点线时，你就对他叫：我早就在这里了。”</p><p>他们到地里后，刺猬告诉他的女人该呆的地方，然后他就往头上走去。他到头上的时候，野兔已经在那儿了。“可以开始了吗？”野兔问道。“当然，”刺猬说，“咱们一起跑。”说着，他们就各自在自己的菜畦上准备好了。野兔数：“一、二、三，跑。”然后就像一阵风似地冲下了这块地。但那只刺猬只跑了两三步远就蹲在了菜畦沟里，并安安静静地呆在了那儿。</p><p>当野兔全速冲到那头时，刺猬的女人迎了上去，叫道：“我早就在这里了。”野兔大吃一惊，十分奇怪。由于刺猬的女人长得和刺猬一样，他认为除了刺猬外没人会叫他。然而，野兔想：“这不公平。”于是叫道，“再跑一次，咱们得重新来一次。”他又一次像风一样往前跑了，他看起来像是在飞。但刺猬的女人仍安安静静地呆在那儿。当野兔跑到菜地的顶端时，刺猬就在那儿对他叫道：“我早就在这里了。”这下野兔可气坏了，叫道：“重跑一次，我们再来一次。”“没问题，”刺猬答道，“对我来说，你愿意跑多少次都行。”于是野兔又跑了七十三次，刺猬总是奉陪着。每次野兔跑到底端或顶端时，刺猬和他的女人总叫：“我早就在这里了。”</p><p>到了第七十四次时，野兔再也跑不动了，跑到一半就倒在地上，嘴角流着血，躺在地上死了。刺猬拿走了他赢的白兰地和金路易，把他的女人从菜畦里叫了出来，欢天喜地回家了。要是还活着的话，他们准还住在那儿呢！</p><p>这就是刺猬如何在布克斯胡德荒地上与野兔赛跑，直到把野兔跑死。打那以后，野兔再也不敢与布克斯胡德的刺猬赛跑了。</p><p>这则故事的寓意是：第一，无论什么人，不管他如何伟大，都不该嘲笑比自己差的人，就算是刺猬这样的小动物也不可小瞧；第二，它告诉我们，一个男人必须依据自己的情况，挑一个和自己相貌相配的人为妻。那么谁遇到了刺猬，就得留心刺猬的女人也是刺猬。</p>',1,'2022-01-10 15:31:12','2022-01-10 07:31:12'),(58,58,'','<p>从前有个姑娘，十分年轻美貌，当她还是孩子的时候便没了妈妈，她的继母想尽各种办法来折磨她，使她生活得十分凄惨。不管继母什么时候让干什么，她总是毫无怨言，而且还做了各种她力所能及的事。但这仍不能打动这个恶毒女人的心，她的贪欲永远也不会满足。女孩越是卖命干活，继母给她的活儿也越多。那女人就是想尽办法用更多的活来压得她闷闷不乐，让她生活更艰苦。</p><p>有一天，那女人对女孩说：“这里有十二磅羽毛，你得把它拔下来，要是到晚上还没拔完，你就等着挨打吧。你以为可以成天在外面闲逛吗？”这可怜的女孩开始干活，眼泪顺着面颊流了下来，因为她明白自己一天内是不可能干完这些活的。每当她面前有了一小堆羽毛，她总是叹着气或苦恼地搓着手，那些鸡毛就飞走了，不得不把它们拾起来，然后继续干。过了一会儿，她听到一个低低的声音说：“别着急，我的孩子，我来帮你来了。”女孩抬头看到一个老婆婆站在她身旁，慈祥地拉着女孩的手，说：“快告诉我你有什么苦恼的事情。”由于她说得这么亲切，女骇便告诉老婆婆她痛苦的生活，一个一个重担是怎样压在她的身上的，她永远也干不完继母给她的活。“如果我到今天晚上还没有弄好这堆羽毛，我的继母会打我。她威胁过我，而且我知道她会说到做到的。”她又开始流泪，但这善良的老婆婆说：“别害怕，我的孩子，休息一会，现在让我来干你的活。”女孩躺在床上，很快就睡着了。老婆婆坐在堆着羽毛的桌旁，她那双苍老的手几乎没有碰它们，那些羽毛就神奇地飞离了羽毛梗。这十二磅羽毛一会儿就拣完了。当小女孩醒来时，发现面前堆着一大堆雪白的羽毛，房子也干干净净的，但那老婆婆已经不见了。女孩感谢了上帝，然后静静地坐在那儿直到晚上。当她继母走进来看到活儿全部干完时，她大吃了一惊。“瞧瞧，你这蠢东西，”她尖刻地说，“人勤快起来什么活都干得完，你就知道闲坐在那，不能再干点别的吗？”女人出来后心想：“这家伙还能多干些，我一定要让她干更难的活儿。”</p><p>第二天早上她对女孩说：“给你一个勺，去用它把花园边那个大池塘的水舀干。要是你到晚上还没干完，你就等着瞧吧！”女孩接过勺，发现勺上全是小孔，既使没有小孔，她也永远舀不完那池水。她马上开始干活，眼泪却又流了下来，滴进池中。但那善良的老婆又出现了，当她得知小女孩为什么伤心时，她说：“高兴起来我的孩子，去灌木丛中美美睡上一觉吧，我会马上把你的活干完。”当只剩下老婆婆一人时，只见她几乎没碰池塘，水里就冒出了水气，一直升到空中，和彩云混在一起。慢慢地池塘的水就干了，小女孩在日落时醒来到池边一看，只见鱼儿在泥里拼命地挣扎。她跑去继母那告诉她活已干完了。“你早就该干完的。”那继母嘴上这么说着，心里却气得面孔发白，于是她又想出了新的花招。</p><p>次日早上，她对女孩说：“你得赶在天黑前给我在那块平地上建好一座城。”这女孩吓呆了，分辩说：“我怎么能完成这么重的活呢？”“不准回嘴！”继母尖叫着，“既然你能用有孔的勺舀干池水，你就有能耐给我建一座城堡。我今天就要这座城堡，如果城堡的厨房或地下室里还缺什么小东西，你就等着吃苦头吧！”说完他就把女孩赶了出去。女孩来到山谷中，那儿有一块块垒起来的石头，就是用尽吃奶的力气她也挪不动最小的一块。于是她便坐在那儿伤心地哭了，希望老婆婆再一次帮她一把。过了不久，老婆婆果真来了，她安慰小女孩说：“躺在树荫下休息吧，我会很快给你建好城堡。只要你高兴，你可以自己住在这里。”小女孩走开后，老婆婆用手轻轻碰了碰那些灰色的岩石，那堆岩石立刻都飞起来，一起挪动然后停下，好像是个巨人在筑墙一般。在这堆岩石上，房子渐渐耸起来了，仿佛有许多只无形的手在往上边垒石头。一声闷响从地下传来，立柱升了出来并依次地排好了，屋顶的砖瓦也排列得整整齐齐的。到中午，巨大的风信标耸立在塔顶上，好比一个身着绸衣的少女在飘动。夜幕降临时，城堡里也布置妥当了。那老婆婆是怎么做到这一切的我们也不知道。只见房间的墙壁都用丝绸和天鹅绒蒙着；五色刺绣的椅子套和雕刻精细的围椅，放在大理石桌旁；水晶般的吊灯挂在天花板上，照着下面那光光的地板；镀金笼内有绿色鹦鹉，还有那声音动听却不知名的鸟儿。所有的这一切都是那样的华丽，恰似一个王宫。太阳下山时，小女孩醒来了，千万盏灯光正照在她的脸上。她匆匆忙忙走向城堡，进去后发现台阶上铺着红色的地毯，栏杆上围满了盛开的鲜化。看到这么华丽的房间，小女孩一时都惊呆了，像石头般地站在那里。要不是她突然想起了她的继母，谁知道她会在那儿站多久。“唉！”女孩想，“要是她这一次能最后满足，我也不必再过苦难的生活，那就好了。”于是女孩走去告诉继母城堡已经建好了。“我这就搬进去。”只见她从椅子上站了起来说。她们进入了城堡，那位继母不得不用手来遮住眼睛，因为这亮丽的一切让她头晕目眩。“瞧瞧！”她对女孩说，“你轻而易举地就干好了这件事，我得给你点更重的活儿。”她检查了所有的房间，查看了所有的角落，看看是否有什么遗漏或欠缺，但她什么毛病也挑不出来。“现在我们下去看看，”她恶狠狠地冲着小女孩说，“厨房和地窖还得检查，如果你遗漏了什么东西，我就会惩罚你的。”但壁炉里的火烧得正旺，锅里蒸着肉，墙边放着煤和铲，亮晶晶的黄铜炊具摆得整整齐齐，什么都不缺，甚至连煤盆和水桶都有。“哪扇门是通到地窖的？”她叫道，“如果酒桶里没有装满酒，那就有你的好看的。”说着她掀开了地窖的活门就往下走，但还没等她走两步远，那扇向后靠着的活门就重重地倒了下来。女孩听到一声尖叫，马上赶过来举起门，想救她。但她已掉下去了，女孩发现她躺倒在地下断气了。</p><p>现在，这座美丽的城堡便属于这女孩一个人了，有这么好的运气，一开始她简直适应不了。衣柜里挂着美丽的衣服，抽屉里盛放着金银珠宝，她再不会感到缺乏什么东西了。很快，这女孩的美貌和财富就传遍了整个世界，求婚者络绎不绝，但没有一个能讨她的欢心。最后有个王子来到了她的身边，他知道怎样打动少女的心，于是他们就订了婚。有一天，他们正坐在城堡中花园的菩提树下，王子说：“我要回家征得父王的同意，请你在这树下等我好吗？我几个小时后就回来。”女孩吻了吻他的左脸颊，说：“你一定要守信用，决不要让人吻你的左半脸，我会在这儿等你，直到你回来。”</p><p>这女孩在树下一直呆到太阳下山，但他还没有回来。连续三天她都这样从早到晚呆在树下等他，但什么也没等到。第四天，他还是没回来，于是她想：“一定是他出了什么事，我要去找他，直到把他找回来。”她包好三件漂亮的衣服，一件绣着闪亮的星星，一件缀着银色的月亮，一件布满了金色的太阳，她还用手帕包好了一大把珠宝，出发了。她到处打听她的心上人，但没有人见过他，也没有人知道他的情况。尽管她走遍了世界的许多地方，还是没能找到他。最后，他到一个农场当了牧牛女，并把她的衣服和珠宝都埋在一块石头下。</p><p>现在她成了牧女，守着牛群。她满怀悲伤，时刻想念着她的心爱的人。她亲手喂养了一头小牛，小牛同她也格外亲近，每当她说：</p><p>“小牛，小牛，跪到我身边来，</p><p>不要把你的牧牛女来忘怀。</p><p>当王子忘了他海誓山盟的新娘，</p><p>又是谁在菩提树下苦苦地等待？”</p><p>那小牛就乖乖地跪在她身旁，任她抚摸。</p><p>她就是这样独自哀伤地过了几年。一天有消息传来说国王的女儿将举行婚礼。通向城里的路正好打这村口经过，那女孩赶着牛群出去，正巧碰见新郎从这里经过。他洋洋得意地骑在马上，根本不把旁人放在眼里，但她一眼就认出了那是她的心上人，她心如刀绞。</p><p>“唉！”她想，“我还以为他会守信用，但他已经忘记了我。”</p><p>第二天，王子又一次经过这条路，当他走近时，女孩就对小牛说：</p><p>“小牛，小牛，跪到我身边来，</p><p>不要把你的牧牛女来忘怀。</p><p>当王子忘了他海誓山盟的新娘，</p><p>又是谁在菩提树下苦苦地等待？”</p><p>王子听到这熟悉的声音，勒住马往下看。他久久地盯着女孩的脸，手摸着额头，竭力想记起什么来，但他很快又继续往前走，倾刻就消失了。“哎！”她想，“他不再认得我了。”</p><p>想到这她就更伤心了。</p><p>这以后不久，宫廷里举行了长达三天的盛宴，所有的人都被邀请参加了。“现在我得最后试试我的运气。”少女想。夜幕降临时，她拿出自己以前埋在石头下的衣服和珠宝，穿上那件布满金色太阳的衣服，戴上她的珠宝，解开包在头上的手帕，让一头秀发披在肩上。就这样她进了城，黑暗中谁也没注意到她。当她进入灯火辉煌的大厅时，人群都惊奇的望着她，但没有人知道她是谁。王子亲自来迎接她，但也没认出她是谁。他带着她跳舞，被她的美色倾倒，几乎把另一个新娘遗忘了。宴会结束后，她消失在人群中，天亮前她又匆忙赶回了村庄，又一次穿上牧女的衣服。</p><p>第二天晚上，她穿上那件有银色月亮的衣服，在头上别了个半月形的宝石。当她出现在舞会上时，所有的人都望着她，王子急忙来迎接她，对她充满了爱意，整晚就和她一个人跳舞，对别的看也不看一眼。在她走之前她答应了王子去参加最后一天的舞会。</p><p>当她第三次出现时，她穿着那件缀满了星星的衣服。她每走一步，这衣服就闪闪发一次光。她的发带和腰带上也缀满了珠宝。王子已经等了她很久了，见她来，急忙走到她身边，“快告诉我你是谁，”他说，“我感觉我已经认识你很久了。”“你难道不知道你离开的时候我都干了些什么？”然后她走向王子，吻了吻他的左半脸。这时候王子突然醒悟了，他认出了真正的新娘。“来吧，我再也不在这里呆了。”说着，他牵着少女的手，把她带进了马车。马车一阵风似地驶向城堡，明亮的窗户已在不远处了。当他们的马车经过菩提树时，无数萤火虫正围着那颗树打转，树枝摇曳着，散发出阵阵芳香。台阶上鲜化盛开，房间里回荡着奇妙的鸟叫声，满朝文武正聚集在大厅里，牧师正等着给新郎和真新娘举行婚礼。</p>',1,'2022-01-10 15:31:30','2022-01-10 07:31:30'),(59,59,'','<p>一个商人在集市上生意红火，他卖完了所有的货，钱袋装得满满的。他想天黑前赶到家，便把钱箱捆在了马背上，骑着马儿出发了。</p><p>中午时分，他到了一个镇上休息了一会。当他想继续赶路时，马童牵出马来对他说：</p><p>“老爷，马后腿的蹄铁上需要加颗钉子。”“由它去吧，”商人回答说，“这块蹄铁肯定能撑到走完这六里路，我要急着赶路呢！”</p><p>下午时候，他又一次叫人喂马，马童走进房间对他说：“老爷，马后腿上的一块蹄铁掉了，要不要我把它带到铁匠那去呢？”“由它去吧！”商人回答说，“这马一定能坚持走完这剩下的几里路，我时间紧着呢！”</p><p>他骑着马儿继续往前走，但不久以后马就开始一步一瘸的了，再过会儿就开始踉踉跄跄，最后它终于跌倒在地，折断了腿。那生意人只好扔下他的马，解下钱箱扛在背上，步行回家。等赶回家时已是午夜时分，只听他嘀咕着：“都是那颗该死的钉子把我给害惨了。”</p><p>欲速则不达。</p>',1,'2022-01-10 15:31:56','2022-01-10 07:31:56'),(60,60,'','<p>过去有个爱吹牛皮的裁缝，他无啥真才实学，却想带着这套本事去周游世界，开开眼界。当他觉得能做到这一切时，便离开了裁缝店，越过高山峡谷，时而这儿，时而那里，向前不停地走着。一次他在途中发现远方耸立着一座高山，山后茂密的的森林中耸立着一座高塔，直插云霄。“奇怪！”裁缝叫道，“那是什么？”好奇心驱使着他大胆地向前赶去。等走近一看，他立刻目瞪口呆了，站在他面前的竟是个力大无比的巨人。“你在这儿干什么？你这小脚丫。”巨人问道，他说话声如宏钟，更像万钧雷霆，裁缝哀嚎道：“我只是想在森林里找点东西吃。”“如果是这么回事，你可以为我服务。”“如果非得那样，我为什么不？我能得到多少报酬呢？”“你听好了你的报酬。一年三百六十五天，今年是闰年，再加一天，如何呀？”“好吧！”裁缝说，心里却想，“是一个要量体裁衣的人，我得尽快逃走。”</p><p>听到这，巨人说：“去吧，小流氓，给我打罐水来。”“难道我不能把井和泉水一并带来吗？”裁缝问完便拿着水罐去打水了。“什么？还有井和泉水？”巨人摸着胡子叫道，因为他有点傻头傻脑而且开始害怕起来。“那家伙可不是个等闲之辈，他体内有种曼德拉草，小心啊，老汉斯，他可不是你的仆人。”裁缝把水取来后，巨人又胁迫他到森林里去砍几株树木带回来。“为什么不一下砍倒整个森林，把那些幼树、老树通通砍倒呢？”小裁缝问完就去砍树了。“什么？整个森林？老树、幼树一起砍？还有那些井和泉水？”巨人轻易地相信了他的话，更加害怕起来。“这家伙不仅能烤苹果，他体内还有一种曼德拉草，小心啊，老汉斯，他可不是你的仆人。”等裁缝伐木回来，巨人又命令他去打几头野猪来做晚餐。“为什么不一枪打死一千头，把它们都带来呢？”傲慢的裁缝问道。“什么？”胆小的巨人满心恐惧，“今晚咱们就躺下休息吧！”</p><p>巨人吓坏了，整夜不能入睡，想着怎样以最好的方式除掉这巫师般的仆人。过了很长一段时间，他总算有了个主意。第二天早晨，巨人和裁缝一起走进一片沼泽地，那儿周围长满了柳树。巨人说：“听着，裁缝，你赶快爬上一棵柳树，我想看看你到底能不能把它压弯。”说时迟，那时快，裁缝已经坐到柳树上了。他屏住了呼吸，这样他自然增重不少，柳树也被压弯了。但当他被迫呼出一口气时，不幸的是他口袋中没带熨斗，柳枝马上把他弹到了九宵云外，再也看不见了。这下巨人倒开心了。如果裁缝不再掉下来，他一定还在空中飘荡着。</p>',1,'2022-01-10 15:32:13','2022-01-10 07:32:13'),(61,61,'','<p>一个裁缝和一个金匠一起外出旅行。一天傍晚太阳下山后，他们听到远处传来了歌声，而且声音越来越清晰。乐声很怪但又如此悦耳，以致他们忘记了疲劳，赶紧向前走去。月亮升起时，他们走到了山顶，在那儿看到一大帮个子矮小的男男女女手拉手儿围着圈，在尽情跳舞。</p><p>他们唱的歌非常动听，刚才两人听到的就是这歌声。在那些人中间坐着一位长者，他比其他人都要高，身穿一件杂色外套，花白的胡子垂至胸前。那两个人还站在那儿，满脸惊讶地看着他们跳舞呢，老人示意他们加入，那些小人们也热心地散开了一个口子。那个金匠背上有个瘤，就像所有的驼背一样，他大胆地加入了跳舞者的圈子，而裁缝开始还有些害怕，想退缩，但他看到所有人都玩得那样开心，便也鼓起勇气加入了他们的行列。舞圈马上又合拢了，小人们又继续载歌载舞，欢乐无比。只见那位老者从腰间抽出把大刀，把刀磨得锋利无比，既而把目光转向了两位陌生人。他们都吓坏了，他俩还没来得及思索，就见老人抓住了金匠，以迅雷不及掩耳之速把他的头发和胡子给剃得个精光，裁缝同样也未能逃脱此劫。等完事后，两人又马上感到恐惧荡然无存了。因为老人友好地拍了拍他俩的肩膀，奇怪的是，他俩觉得是自愿地让老人把头发剃下来的，毫无反抗。他指了指堆在一边的煤堆，示意他俩用煤渣填满口袋，虽然他俩不知道这些东西对他们有什么用，二话没说便照着老人说的去做了。接着他们就动身去找一间过夜的小屋，当他们到达山谷时，附近僧院的钟声刚刚响过十二点，人们都停止了歌唱。过了一会儿一切都结束了，这座山在月光下显得幽寂而静谧。</p><p>两个旅行者找到一家小酒店，躺在了草垫床上，用大衣盖住了身体，他们毕竟太累了，忘了把煤块拿出来，沉重的负担把他俩早早地压醒了。他们把手伸进口袋，简直不能相信自己的眼睛，袋里装的不是煤块，而是金子。更可喜的是，他俩的头发、胡子变得又长又浓又密，和以前没有什么两样了。</p><p>现在他俩都成了有钱的人，但是那位金匠由于贪婪成性，顺便多装了些煤块，自然比裁缝富得多了。贪婪的人即使拥有很多，希望得到的也越多。所以金匠建议他俩多呆一天，晚上再出去到老人那儿，以便得到更多的金银财宝。裁缝没有答应，他说：“我知足了，现在我将成为一个财主，娶一个我心爱的恋人，而且我也是个幸福的人。”但为了朋友，他决定多呆一天。为了能装回更多财宝，当晚金匠肩上背着许多大包，乐滋滋地上了路。正如前天晚上一样，他发现小人们又在唱歌跳舞，老人又给他剃了个光头，让他带走一些煤块。他毫不犹豫地把包装得满满的，满心喜悦地走回来，身上全是大包小包。“即使金子背起来很重，”他说，“我也能承受。”最后他甜甜地进入了梦乡，梦见自己清晨醒来变成了一个大富翁。</p><p>当他睁开双眼伸手来摸口袋时，发现自己什么也没摸到，只摸到一些黑煤块，不禁惊讶万分。“前天晚上我得到的那些金子一定还在那儿。”他心想，然后把那个口袋拿了出来，结果惊奇的发现它们也变成了煤块。他又用又黑又脏的手摸了摸前额，突然发现他的整个脑袋又秃又平，长胡子的地方也同样如此。但是他的噩运还没完，他突然注意到他胸部也长出了一块和背上一样大的东西。那时他才意识到这一切都是对他贪婪成性的惩罚，便开始大哭起来。哭声一下把好心的裁缝给闹醒了，裁缝马上安慰那个可怜的人，并说：“旅行时咱们一直结伴而行，你应当和我一起分享我的财产。”他许下了诺言，但那个可怜的金匠不得不带着两个肿块度过余生，并不时用帽子遮住他那光光的脑袋。</p>',1,'2022-01-10 15:32:29','2022-01-10 07:32:29'),(62,62,'','<p>从前，有位磨坊主和妻子生活在一块，生活十分富足。他们有钱有地，光景一年好似一年。但不幸的事情突然来了，他的财富变得一年少似一年，最后那磨坊主连自己的磨坊几乎都不能维持了。他悲痛万分，每天干完活躺在床上，总是辗转反侧，夜不能寐。一天早晨，天不亮他就起床出了门，心想这样心情可能会好些。等他跨上水坝，太阳还刚刚升上地平线，突然他听到水中有潺潺之声，他回头一看，发现水中缓缓地冒出个美女。她用纤纤的玉手将一头长长的秀发理在两肩旁，遮住了整个身躯。磨坊主马上意识到她就是水池中的水妖了，情急之中他不知该留还是该走了。只听水妖柔柔地呼唤着他的名字，问他为何如此闷闷不乐，声音十分悦耳。起初磨坊主给吓怕了，但当他听到美女说话如此温柔可爱时，便赶紧定了定神，告诉她自己过去的生活如何富足，现在生活如何贫困潦倒、百般的无奈。“别着急，”水妖说，“我会让你过比以前更富足、更幸福的，但你必须答应把家中新降生的小东西给我。”“那除了小猫小狗之类还会有什么别的东西呢？”磨坊主心想，于是他答应了她的要求。听完这话，水妖沉了下去，他也乐颠颠地跑回作坊，心存安慰，神情格外舒畅。但他刚跨进门就见女仆跑出房子尖叫着向他道喜，说夫人刚生下个男婴。真是如五雷轰顶一般，磨坊主站在那儿，呆若木鸡，他意识到那狡猾的水妖早就知道这一点，而且还欺骗了他。他耸拉着脑袋，走到妻子床前，妻子对他说：“给你生了个胖小子，难道你还不开心吗？”他告诉她灾难已降临到他头上，接着便把许诺的事一五一十地说了。“财富对我来说有什么用呢？”他又说，“如果失去了孩子，我该怎么办？”就是那些前来道贺的亲朋好友们也不知该说什么好。这以后磨坊主确实时来运转了，他所做的交易都兑了现。似乎一夜之 间柜里自行装满了钱币，壁橱里的钱也都积得满满的。不久他的财富就大大超过了从前。但是他却不能高兴起来，因为他和水妖之间的交易让他伤透了脑筋。每当他走过池边，总担心女妖会从水中冒出来讨债，他也从不让孩子一个人走近水边，“记住，”他告诫孩子，“如果你碰到水，水里就会伸出一只手来抓住你，把你拖下水去。”但年复一年水妖没再现身，磨坊主心中的一块石头总算放了下来。男孩长大成人了，在一名猎户手下当徒弟。当他学会了十八般武艺，成为一名出色的猎手时，村长便让他为村里服务。村里有位美丽的姑娘深为猎手钟爱，村长知道这一切时便给了他一间小屋，让两人终于结成百年之好，他们婚后过得幸福安乐，相亲也相爱。</p><p>一天猎手正追赶一只雄鹿，当雄鹿从森林处拐进一片旷野后，他迅速追了上去，射死了它。但他却没注意到自己竟站在了水池边。他把鹿开膛破肚后，走到水边想洗洗那双沾满鲜血的手。不料一沾水，水妖便突然从水中钻了出来，面带笑容，用她那湿淋淋的双手抱住猎手，跌入水中，浪花倾刻淹没了他。时至黄昏，猎手还没回家，妻子焦急万分，便出去找他。因为丈夫曾一再说过要防范水妖的诱惑，不敢斗胆到池边去。她马上明白发生了什么事情，于是便赶紧跑到水边。当她看到丈夫留在岸边的猎袋时，她证实了自己的猜疑。此刻她悲痛欲绝，芳心欲碎，一遍遍呼唤着爱人的名字，但听不到回音。她又跑到水池的对岸去叫唤，口中咒骂着水妖，但仍然没有人应声。水面平静，只有初升的新月目不转睛地注视着她，这可怜的女人没有离开水池，她一刻不停地围着水池跑，跑了一圈又一圈，时而默不作声，时而低泣。最后她筋疲力竭，倒在地上睡着了，不久便进入了梦乡。</p><p>她梦见自己正在一大堆顽石间焦急地向上攀登，荆棘绊住了她的脚，雨点打在她的脸上，风把她的头发吹得七零八落，当她到达山顶时，展现在眼前的是一副从未见过的画面：天空碧蓝，空气新鲜，坡度平缓。一间精致小巧的农舍在一片绿草地上，周围长满了各色的花朵。她走上前去把门打开，发现里面坐着一位白发苍苍的老婆婆，正热情地跟她打招呼。就在这时，可怜的女人醒了，天刚破晓，她马上按昨夜梦里见到的去做，不辞辛苦地爬上山顶，果真见到了和梦中完全一样的景色。老婆婆接待了她，给她指定一张椅子坐下。“你一定是遇到了麻烦，”她说，“否则你不会找到我这偏僻寒舍来的。”可怜的女人一把眼泪一把鼻涕地把事情的原委都说了。“开心点，”老婆婆说，“我会帮你的。这里有一把金梳。等满月升起时，你就到池边去，坐在池边，用这把梳子梳理你那乌黑的秀发。梳完后再把它放在岸边，看看会发生什么事。”女人回了家，但时间距离满月还早得很。最后她终于等到了满月升起，赶紧跑去池边，坐在岸边，用金梳梳发，然后再把它放在水边。不久水里就翻起了万千波涛，浪涛打到岸边，把金梳给卷走了。还没等金梳沉底，水面突然分开，露出了猎手的脑袋。猎手没说话，只是忧郁地看着他的妻子。同时，又一个浪涛打过来，他的脑袋被淹没了。倾刻一切都消失了，水面平静如初，唯有满月倒映在其中。</p><p>女人满怀悲痛地走回家中，但她又梦见了那位村舍里的老婆婆。第二天早晨，她又去老婆婆那儿诉苦。老人给了她一只金笛说：“等到满月升起时，用这只笛子吹出一曲优美的曲子，吹完后再把笛子放在沙滩上看看会怎么样。”女人照着她说的话去做了。笛子刚放到沙地上就听见水里有一阵响动，一个浪涛打来把笛子卷走了。水路立刻分开，露出了猎手的头和半个身子，他伸出手臂想要拥抱她，但又一个浪头打过来把他给淹没了。“啊，她是怎么帮我的？”女人叫道，“为什么让我看到他又要失去他啊！”她又绝望了，但梦又把她引到了老婆婆的面前，这回老人给了她一只金纺轮，并安慰她说：“这一切并没有完，等满月升起时，拿这只纺轮坐到岸边，把这卷线纺完，再把纺轮放在岸边，看看会发生什么事情。”女人完全照着她的话去做了。当满月升起时，她拿着纺轮坐到岸边，一刻不停地纺啊纺，直到亚麻线用完，水池上满是纺好的线。同样的事情又出现了，只见一个浪头打来，把纺轮卷走了，很快，猎手头和整个身体都从水中脱水而出，呈现在女人面前。猎人赶紧跳到岸边，抓起妻子的手就逃。但没等他们走出多远，就听到池水一片喧哗，池水立刻漫及整个旷野。两人立刻意识到死亡的危险，吓呆了的女人乞求老婆婆暗中相助。过了一会儿，他俩便变了形，一个成了蛤蟆，一个成了青蛙。洪水吞没了他们但没能毁灭他们，只是把他们冲散，带到老远的地方去了。</p><p>水退了，他们又踏上干地，重现人形，但彼此都不知对方在那里。他们发现自己身处陌生人中间，那些人都不知自己的家乡在何方。他们面前只有高山低谷，为了活命，他们不得不去放羊。多年过后，他们仍一直赶着羊群穿行森林草地，无处可托相思，无可可托牵挂。</p><p>春天来临了，一天他们都出去放羊，可能是命运的安排，他俩走得越来越近了，在峡谷中相遇了，但互不认识。但是他们高兴，因为他们不再孤独了。他们因此每天都把羊赶到一个地方，说话不多，但彼此心存慰藉。一天傍晚当满月升起时，羊儿也睡着了，牧羊人从袋中抽出一支短笛，吹出一支优美而略带伤感的曲子，等他吹完，他发现牧羊女正在悲伤地哭泣。“你哭什么？”他问。“啊！”她回答说，“当我最后一次吹起这根笛子时，天空升起满月，水中露出我爱人的脑袋。”他看着她，仿佛觉得他眼睛上的一层眼罩立刻脱落，他认出了她，同时她也看了看他，月亮正照在他的脸上，她也认出了他。他们相互拥抱着，亲吻着，谁都无需再问他们是否幸福了。</p>',1,'2022-01-10 15:32:47','2022-01-10 07:32:47'),(63,63,'','<p>亚当和夏娃被赶出乐园后，被迫在贫瘠的土地上建造自己的家园，躬耕劳作，养家糊口，亚当种地，夏娃纺织。他们每年都会有一个孩子降临人世，但这些孩子都各不相同，有的漂亮，有的难看。过了相当长的一段时间，上帝派了一名天使到人间，告诉他们自己将去看亚当全家。而夏娃呢，看到上帝如此宽厚仁慈，心情格外高兴，赶紧把房间打扫干净，饰以花朵，铺以花毯。然后她把孩子们引进来，他们全是那些漂亮的娃娃。她给他们洗澡、梳头、穿衣，还教他们在上帝面前讲礼貌、懂规矩；学会在上帝面前彬彬有礼地鞠躬行礼，伸出双手谦虚谨慎地回答他提出的问题。然而那些难看的孩子们却不让出来见人，一个被藏在干草下，一个躲在屋檐下，一个藏在草垛里，一个躲在壁炉中，一个藏在地窖里，一个躲在浴盆下，一个在酒桶下，一个在旧毛衣柜里，两个蒙在作衣服用的布料下，还有两个藏在夏娃做鞋用的皮革底下。她刚准备就绪，就听到了一阵敲门声。亚当从门缝里往外望去，一看来者正是上帝，便赶紧恭恭敬敬地开门，把上帝请了进来。上帝一进门就看见一排漂亮的娃娃在他面前又是鞠躬，又是伸手，又是下跪。于是上帝便开始赐福他们，他把手放在一个孩子的头上说：“你会成为一个统治四方的国王。”接着又对另一个说：“你会成为一个王子。”“你会成为一个伯爵。”“你会成为一个骑士。”“你将成为一个贵族。”“你将成为一个镇民。”“你是个商人。”“你是一名学者。”……如此这般地把最好的祝福都给了那些漂亮的孩子们。夏娃看到上帝是如此地仁慈宽厚，便想：“如果我把那些丑娃娃也带出来，上帝可能也会赐福他们呢！”于是她赶紧把那些孩子找出来，只见他们从草堆里、茅草丛中、壁炉里还有其它地方纷纷钻了出来，一个个又脏、又破、又丑。上帝见了他们笑着 说：“我会赐福这些孩子的。”他又把手放在第一个孩子的头上说：“你会成为一名农夫。”“你会成为一名打鱼的。”“你会成为一名铁匠。”“你将是制革的。”“你是一名织工。”“你是一个鞋匠。”“你是一个裁缝。”“你是一名陶工。”“你是一个赶车的。”“你是一名海员。”“你是一名信差。”“你将有干不完的家务活。”……。夏娃听到这些赶紧说：“主啊！你的这些赏赐多么不公平！他们毕竟都是我的孩子，都是我把他们带到这个世界，你给予他们的恩赐应该相等才对呀！”但上帝回答说：“夏娃你可不懂。这些孩子们将世世代代生息繁衍下去，应该是这样，必须是这样。如果他们都是皇亲国舅，那谁来种谷、打麦、磨面、做面包呢？谁又是铁匠、织工、木匠、苦力和裁缝呢？每个人都有他自己的位置，这样才能互帮互助，就像大家都是一个身体里的胁骨互相支持着彼此一样。”夏娃忙说：“主啊，原谅我出口不逊吧，神佑我儿。”</p>',1,'2022-01-10 15:33:03','2022-01-10 07:33:03'),(64,64,'','<p>从前有一个老婆婆，她和一群鹅住在大山之间的荒野里，荒野的四周环绕着一片大森林。每天清晨，老婆婆都要拄着拐杖，颤颤巍巍地走到森林中去，她在那儿不停地忙着，别人真无法相信她这么大的年纪了还能做这么多事：她要替自己的鹅打草，用手采摘野果，还要把所有的这些东西背回家去。别人一定以为这么重的东西一定会把她压倒在地，可是她却总是能够把它们全都背回去。如果她碰到别人，她都会十分和蔼地向他打招呼：“你好呀，亲爱的老乡，今天天气可真不错哩。是的，你看见我拖着这么多草准会吃惊，可是每个人都得背起他自己的负担啊。”不过，人们宁可绕弯路也还是不愿遇见她。如果一位父亲带着他的儿子从她身边经过，他便会悄悄地对儿子说：“小心这个老太婆，她是一个非常狡猾的女巫。”</p><p>一天早晨，一个英俊的少年在林中漫步。清晨的森林，阳光明媚，鸟儿欢唱，阵阵凉风轻拂着树叶，此时的少年心情舒畅极了。就在这时，他突然看见了那个老太婆，她正跪在地上用镰刀割草哩。她已经割了一大捆草，她的身旁还放着两个装满了野梨和苹果的篮子。</p><p>“嗨，老太太，”少年说，“你一个人怎么搬得动这么多东西呢？”“我不搬不行啊，亲爱的先生，”她回答道，“有钱人家的少爷不用干这个。可是有句俗语说得好：‘别东张西望，你的背像弯弓一样。’”</p><p>“你愿意帮帮我吗？”老太婆看到少年还站着没走，便问道，“你的背还是直直的，腿脚还很利落，干这个并不难。再说我家离这儿并不太远，就在这座山后面的荒原上，很快就能走到。”这时少年对这个老太婆充满了同情，便说：“虽然我的父亲不是农民而是一位富有的伯爵，可是为了让你看看并不是只有农民才能干重活儿，我愿意帮你把这些东西背回去。”“如果是这样的话，那我太高兴了，”她说，“你得走上一小时，可这对你又算得了什么呢？对了，那边的梨子和苹果你也得背上。”年轻的伯爵听说要走上一小时的路，变得有些犹豫了。可是老太婆并不放过他，而是马上把草捆放在了他的背上，再把两只篮子挎在他的手腕上。“你瞧，这不是挺轻松的吗？”她说。“不，并不轻松。”小伯爵愁容满面地说道，“这些草捆在背上非常沉，好像里面尽是装的大石头。苹果和梨子也重得像灌了铅一样，我被压得都快要憋不过气来了。”他很想把东西全都放下，可是老太婆不让他这么干。“瞧，”她嘲讽地说道，“你这位年轻的先生连我这个老太婆经常搬的东西都搬不动。你说起漂亮话来倒是蛮厉害的，真要干起来的时候却想逃之夭夭，你还站在那儿干嘛呢？”她继续说道，“走吧，快抬腿！没有人会替你背的。”只要走的是平路，年轻人还顶得住，可是当他们来到山前，不得不往上爬，而脚下的石头又一个个像是活了似的往下滚的时候，他就吃不消了。只见他不仅额头上挂着一颗颗的汗珠儿，身上也是汗流浃背的，让他觉得一会儿冷，一会儿热。“老婆婆，”他说，“我不行了，想休息休息。”“不行！”老太婆回答说，“我们到了以后，你才可以休息，现在你还得往前走。谁知道你打的是什么主意呢？”“老太婆，你好不讲理！”小伯爵说着就想放下背上的草捆，可他是白费心机，因为那个包袱牢牢地挂在了他的背上，像是长在了他身上一样。他急得转过来，又转过去，可是怎么也摆脱不掉。见此情形，老太婆高兴得哈哈大笑，在那儿拄着拐棍乱蹦乱跳。“别生气，亲爱的先生，”她说，“你的脸红得像一只火鸡。耐心一点背你的包袱吧，到家后我会多多给你赏钱的。”小伯爵无可奈何，只好认命，耐着性子跟在老太婆的身后慢慢地走着。老太婆好像变得越来越矫健，而他的负荷却变得越来越沉重。突然，她往上一跳，跳到草捆上坐了下来。虽然她骨瘦如柴，却比那种最胖的乡下姑娘还要重。年轻人两膝打颤，可是他要是不往前走，老太婆便会用树枝和麻杆抽打他的腿。他就这么气喘嘘嘘地爬上了山，终于到了老太婆的家，这时他累得差不多快要倒下去了。那些鹅一看见老太婆便竖起它们的翅膀，伸长脖子嘎嘎嘎地朝她跑了过来。一个妇人手里拿着一根树枝，跟在那群鹅的后面走了过来。她又高又壮，丑得像个母夜叉。“妈妈，”她对老太婆说，“怎么啦，你怎么才回来？”“没什么，我的女儿，”老太婆回答说，“我没遇到什么坏事，恰恰相反，这位好心的先生帮我把东西背回来了哩。当我走累了，他还连我也一起背了上来。这段路对我们来说根本不算远，我们一路上非常高兴，还一直闹着玩儿呐。”终于，老太婆走了过来，从年轻人的背上把草捆取了下来，并接过他手腕上的篮子，非常和蔼地看着他说，“现在你坐到门口的长凳上去好好休息一下吧。你应该得到的那一份报酬，我是不会少你的。”然后她对牧鹅女说，“我的女儿，你进屋去，你不适合同一位年轻的先生单独待在一起。咱们不应该火上浇油，否则他会爱上你的。”伯爵听了哭笑不得，心想：“这样一个活宝，哪怕她再年轻三十岁，也打动不了我的心。”这时，只见那老太婆像抚摸自己的孩子一样抚摸着她的那群鹅，随后便同女儿一道进屋去了。于是，少年便在野苹果树下的一条长凳上躺了下来。山上的空气清新宜人，周围是一大片绿色的草地，草地上开满了樱草、野麝香和各色各样的花儿；一条清清的小溪从草地间流过，水面上波光鳞鳞；那些白白的鹅，有的在水中漫步，有的在水中嬉戏玩耍。“这儿可真美啊！”少年说道，“可是我累得连眼皮都抬不起来了，我得先睡一会儿才行。但可千万别起风呀，因为风儿一定会把我这双软得像火绒似的腿给吹跑的。”</p><p>刚刚睡着不一会儿，那老太婆就走了过来把他摇醒说：“起来，你不能留在这儿。是的，我把你累坏了，可是你不还是活得好好的吗？我现在就把你应得的报酬给你。金银财宝你不需要，我要给你一件别的东西。”说着，她便把一只用一整块绿宝石雕刻而成的精制的小匣子放到了他的手中。然后又接着说：“好好保管它，它会给你带来幸福的。”伯爵一听自己可以走了，便高兴得跳了起来，这时他人也清醒了，精神也好了，于是谢了那个老太婆便头也不回地朝山下走去，身后传来鹅群阵阵欢快的叫声。</p><p>小伯爵在荒野里转了三天才找到出去的路。这时，他来到一个陌生的地方，因为当地没有人认识他，人们便把他带到了王宫里。来到王宫，只见国王和他的王后正端坐在高高的宝座上。于是他单膝跪地，从口袋里把绿宝石小匣子掏了出来，呈送给王后。只见那王后还没等打开小匣子就昏倒在地了，国王的侍卫于是便把少年抓了起来，要把他送进牢房。这时王后睁开眼睛并命令侍卫把他给放了，然后她让所有的人都退下，因为她要和小伯爵单独谈谈。</p><p>众人退下之后，只见王后伤心地哭了起来：“我虽然有享受不尽的荣华富贵，可是那又有什么用呢？我的生活里充满了忧愁和痛苦。我本来有三个女儿，其中最小的那个女儿最美丽，大家都说她美得像个天仙：她的皮肤像雪一样白，她的面庞像花儿一样娇艳，她的满头金发像阳光一样灿烂；她哭泣的时候，从眼睛里流下来的眼泪是一颗颗晶莹美丽的珍珠和宝石。她十五岁那年，国王把三个女儿全都叫到他的面前，你绝对想像不到当她像初升的太阳一般光彩照人地走进来时，在场的那些大臣们有多惊异！这时，国王问她们说，孩子们，我不知道自己什么时候会离你们而去，所以我要在今天决定你们每一个人在我死后能够得到些什么。你们三个都很爱我，但其中最爱我的那个却应得到最好的东西。三个女儿都说自己最爱他。于是国王就问，‘你们能告诉我，你们是怎样爱我的吗？这样，我就知道你们是不是真心爱我了。’于是大女儿说，‘我爱父亲就像爱最甜的甜点心。’接着，二女儿说，‘我爱父亲就像爱我最漂亮的衣服。’可是最小的女儿却沉默不语，国王便问她，‘你呢，我最亲爱的孩子，你是怎样爱我的呢？’‘我不知道，’她回答说，‘没有任何东西能与我对你的爱相比。’可国王却坚持要她说，于是她终于说道，‘您知道，没有盐，再好的美味佳肴我也不喜欢。所以，我爱父亲就像爱盐一样。’国王听了，非常生气地说，‘既然你像爱盐一样爱我，那我就用盐来回报你对我的爱好了。’就这样，他把自己的王国分给了两个大女儿，却让侍从将一袋盐捆在小女儿身上，并命令他们把她扔到荒芜人烟的大森林里去。我们全都替她求情，可是国王还是没有回心转意。”王后哭着继续说道：“当小女儿不得不离开我们的时候，她哭得真伤心啊！整条路上都洒满了她的珍珠眼泪。没过多久，国王因自己这么严厉地惩罚了小女儿而深感后悔，便派人到森林中去寻找那可怜的孩子，可是找遍了整个大森林还是没有见到她的踪影。后来我只要一想到她有可能被野兽吃掉了，我就会伤心得不能自已。有时我又安慰自己，认为她也许还活着，要么藏在哪个山洞里了，要么被什么好心人收养了。可是，当我看到你给我的绿宝石小匣子，看见上面镶嵌着一颗珍珠，且它的形状和从我女儿眼睛里掉出来的珍珠眼泪一模一样的时候，你说我有多激动啊！你一定要告诉我，你是如何得到这颗珍珠的。”于是小伯爵便告诉她自己是从一个住在大森林中的老太婆那儿得到的。国王和王后听了之后，便决定去寻找那个老太婆，因为他们认为她一定知道小公主的下落。</p><p>却说那个老太婆此时正坐在家里的纺车边纺纱织布，此时天已经黑了下来，她脚边的炉子里燃着的一块木炭发出了微弱的亮光。这时，从远处突然传来一阵嘎嘎嘎的声音，原来是她的鹅群从草地上回来了，不一会儿，她的女儿也回来了。可是老太婆却没怎么搭理她，只是对她点头示了意。于是女儿便坐到她的身边，从她手中接过纺锤，像个年轻的姑娘一般灵巧地纺起线来。她们就这样默默地干了两个小时，谁都没说一句话。这时，她们听到有什么东西在窗外叫着，还看到有两只眼睛在忽闪忽闪地往里瞅着。原来那是一只老猫头鹰在咕咕咕地叫哩。于是老太婆抬头看了看天，然后说：</p><p>“时间到了，女儿，去干你的事儿吧。”</p><p>于是，姑娘便走了出去。她到底要去哪儿呢？只见她穿过草地然后继续朝前走去，一直走进山谷，最后她来到了三棵老橡树旁的井边。这时，圆圆的月亮已经悄悄地爬上了山顶，皎洁的月光照在山谷里，一切都是那么明亮，仿佛针儿掉在地上也能找到。只见她取下脸上的面皮，把头低下在井边洗了起来。洗完脸后，她又把那张面皮浸到水里，然后再在草地上铺平凉干。可是你绝对想像不到这个月光下的女孩是什么样子！只见她那头花白的假辫子掉了下来，一头金发像阳光一样披散在肩头，仿佛像一件外套似的盖住了她的整个身躯。她的两只眼睛像夜空中的星星一样晶莹剔透，娇嫩的双颊恰似那盛开的花儿。</p><p>可是美丽的少女却十分忧伤，她坐到地上，伤心地哭了起来，泪珠一颗颗地落到披散的头发间。她就这样坐了很久，突然，附近的树林里发出了一阵沙沙的声音，她像一头听到猎人枪声的小鹿似的从地上一跃而起。这时，月亮被一团星云遮住了，一眨眼，那姑娘又重新套上了她的面皮和假发，像一盏被风吹灭了的灯一样骤然消逝在树林之中。</p><p>姑娘像一片白杨树叶似的全身颤慄着跑回了家。那老太婆这时正站在门边，姑娘想把发生的事情告诉她，可是她却笑着说：“我已经全知道了。”老太婆把姑娘带进屋里，然后在火炉里再加上了一块木头，可是她却没有坐到纺车前去，而是拿来一把扫帚，开始打扫屋子。“一切都要弄得干干净净的才行。”她对姑娘说道。“可是，妈妈，”姑娘说，“你为什么这么晚才开始干呢？你怎么啦？”“你知不知道现在是几点钟？”老太婆问道。“还没到午夜，”姑娘回答说，“可是已经过了十一点了。”“你不记得了吗？你就是三年前的今天到我这儿来的呀！”老太婆继续说道，“你在我这儿的时间已经够久的了，你不能再待在这儿了。”姑娘吃了一惊，问：“唉，亲爱的妈妈，你难道想赶我走吗？你叫我去哪儿呢？我既没有朋友，也没有了家，我能上哪儿去呢？凡是你叫我做的活儿我都做了，你也对我挺满意，别赶我走吧！”老太婆不愿告诉她真正的原因，只是说：“我不再待在这儿了，可我搬走的时候，要把这儿打扫得干干净净的，所以不要妨碍我干活，你也不用担心，你会找到住处的。而且我将要给你的报酬你也会很满意的。”“可是请你告诉我，到底会发生什么事呢？”姑娘继续问道。“我再对你说一遍，不要妨碍我干活。不要再问了，回你的房间去，把脸上的面皮取下来，再穿上你当初来我这儿时穿的那件丝绸衣服，然后呆在你自己的房间里，直到我叫你出来为止。”</p><p>却说国王和王后以及小伯爵一起出了王宫，准备到荒野上去找那个老太婆。夜里，小伯爵在森林里掉了队，只好一个人继续朝前走。第二天，他才找到了那条上山的路，便不停地朝前赶路，一直走到天黑才爬到一棵树上，准备在那儿过夜。当月亮出来的时候，他发现了一个人影从山上走了下来，虽然这人的手里没有拿鞭子，可是他却一眼认出这个人就是那个牧鹅女。“呀，”他差点失声叫了出来，“是她，我刚刚才从一个巫婆的魔掌中逃出来，莫非现在又要落入另一个巫婆的魔掌？”可是，当他看到牧鹅女走到井边取下面皮，一头金色的长发披散在肩上的时候，他大吃了一惊，因为他一生也没见过像她那么美丽的女孩。他大气都不敢出，却竭力伸长脖子，目不转睛地盯着这个美丽的姑娘。也许是因为他的身体太往前倾，或是别的什么原因，‘喀嚓’一声，一根树枝突然断了下来。就在这时，只见姑娘飞快地套上面皮和假发，像小鹿似的跳了起来，在月亮被乌云遮住的一刹那，姑娘就在他的眼皮底下消失了。</p><p>她刚逃走，他便从树上飞快地跳了下来，紧跟在她身后。没多久，他便看见夜色中有两个人影穿过草地，原来那是国王和王后。他们远远地看见了老太婆屋里的亮光，便朝着这边走了过来。这时，伯爵上前把他在井边见到的怪事告诉了他们，他们很快就确认那一定是他们失踪多年的女儿。于是他们就兴高采烈地朝前走，很快便到了那个有亮光的小屋前。只见那些鹅蹲成一圈，脑袋全都插进它们的翅膀里在睡觉哩。他们三人朝窗户里看去，只见那老太婆一个人正坐在屋里纺线，又点了点头，却没有回头看。屋子里打扫得干干净净，仿佛这儿住的全都是些脚上不会粘上灰尘的小雾人似的。他们看了好一会儿，却没看见那个姑娘。于是他们鼓足勇气，轻轻地敲了敲窗户。这时，那个好像是一直在等着他们的老太婆站了起来，非常和蔼地说：“只管进来好了，我早就知道你们来了。”于是，他们走了进去，那老太婆又说：“要是你们三年前不把自己善良可爱的孩子赶出家门，那今天也不用走这么远的路了。只是她在这儿对她也没什么坏处，因为三年来，她只管放鹅，因此她那小小的心灵并没受到什么创伤，倒是你们却一直生活在焦虑不安之中，得到了应有的惩罚。”说完，她便走到另一扇门前，大声说：“出来吧，我的女儿。”这时，门儿打开了，从里面走出来一位身着袍子的美丽姑娘。只见她一头金发披散在肩头，两只眼睛扑闪扑闪的，恰似一位下凡的仙女。</p><p>她朝着自己的父母走去，搂住他们不停地亲吻着，大家全都高兴得哭了起来。这时，姑娘看见了站在他们身旁的这位年轻的伯爵，她的脸儿就像原野上那羞答答地绽开着的玫瑰。这时，国王说：“亲爱的孩子，我的王国已经给了你的两个姐姐，我该拿什么送给你呢？”“她什么都不需要，”老太婆说道，“我要把她为你们流的眼泪还给她，那全是一颗颗比从海里采撷出来的珍珠还要美、比你的整个王国还更珍贵的宝贝。还有，我要把这间小屋留给她，作为她在这儿放鹅的报酬。”话音刚落，那个老太婆便在他们面前消失了。这时，他们听见四周的墙壁正在嘎嘎作，转头一看，原来这间小屋已变成了一座华丽的宫殿，御膳桌也已摆好，还有许多仆人正在忙着上菜哩！</p><p>故事到这儿还没完，可是给我讲这个故事的祖母已经记不清楚后面的情节了。可我总认为，美丽的公主一定和伯爵结了婚，他们一定住在那座宫殿里，过着美满幸福的生活，一直到老。而当初在小屋前饲养的那群小白鹅，是否是那些被老太太收养的少女——她们现在有没有恢复人形，并留在年轻的王后身边当侍女，我都不清楚，可是我想一定是这样的。不过有一点是确信无疑的，那就是那个老太太不是人们所说的老巫婆，而是一位好心肠的女术士，并且让公主一生下来，哭出来的就不是眼泪，而是一颗颗珍珠的人，也多半是这位老太太。</p>',1,'2022-01-10 15:33:23','2022-01-10 07:33:23'),(65,65,'','<p>鞋匠师傅个子矮小、枯瘦如柴却又生性活泼，他可是一刻也闲不住。他长着个突出的鼻子朝上翻起，有着一张灰色的麻脸，留着一头灰不溜秋的蓬松头发，和一双不停左右闪烁的小眯眼。他什么都看在眼里，对什么都吹毛求疵；他对什么都清楚，而且总是他有理。他走在大街上，总喜欢指手划脚，就像在划船一样。一次他把人家女孩子提的桶子撞到了半空中，自己也成了落汤鸡。他却边抖水，边对女孩吼道：“你这蠢货！没看见我就走在你后头吗？”他是个有手艺的鞋匠，干活时，拔起线来总是很用劲，站得离他不远的人准会挨拳头。没有哪个学生能在他那儿干上一个月，因为他对最好的手艺也要挑剔找岔，不是说缝得不齐，就是说一只鞋长了；不是说一只鞋跟比另一只高，就是说皮子没锤够。“慢着，”他对学徒说，“让我告诉你怎样把皮子锤软。”说着他就操起根皮带，在学徒的背上狠狠抽几鞭。他把他们全叫作懒虫，而他自己也没干多少活，因为他不可能耐得住。如果他妻子早上起来把火生上，他就会跳下床来，光着脚丫子冲进厨房，吼道：“你要把我的屋子给烧了吗？火这么大，可以考熟一头牛。你以为柴火不要钱的吗？”如果女仆站在洗衣桶旁说笑，他就骂她们，说：“你们这些呱呱叫的鹅，有活不干，只晓得搬弄事非！怎么，用的是新肥皂？真是可怕的浪费，可耻的懒惰！你们只想保养手，不肯好生地搓衣服。”他会跳上去踢倒装满肥皂水的桶，整个厨房可就闹水了。如果有人造房子，他就赶紧跑到窗口去看看，“瞧，他们又在用永远干不了的红砂石！”他叫着，“住在里面不生病才怪！看看这些人砖砌得有多糟！另外，这砂浆也一点不顶用，里面不能放砂，应放砾石！等这屋子倒塌下来砸了人头，到时有好戏看了。”他坐了下来，上了几针线，又跳了起来，解开围裙，叫道，“我要出去，劝劝他们讲点良心。”他碰到了木匠们，“这是什么？”他喊道，“你们没按墨线干活！你想横梁会直吗？一下就会散架的！”他从一个木匠手里夺过斧子要给他作示范，可是，当一辆装满泥土的车子过来时，他扔下斧子，直奔站在车边的农民：“你是不是糊涂了？”他说，“谁会把小马套在这么重的车子上？可怜的小东西不当场压死才怪呢！”农民没理他，鞋匠师傅只得气鼓鼓地跑回他的作坊。他刚坐下，学徒就递给他一只鞋。 “哎，这又是什么东西？”他一声尖叫，“难道我没教过你别把鞋底切得这么宽吗？谁愿意要这种鞋？除了鞋底什么都没有了。我重申一切都要按我的吩咐做！”“师傅，”学徒回答说，“您说得很对，这只鞋是只坏的，可是，它是出自您之手，刚才您跳起来时把它碰到桌子底下，我只是把他拣起来，就是天上的神仙说，您也不会相信。”</p><p>一天晚上，鞋匠师傅梦见自己死了，正向天堂走去。到了天堂，他使劲地敲门，“真奇怪！”他自言自语说，“他们的门上连个门环也没有，叫人敲得指关节痛。”使徒彼得打开了门，想看是谁这么急着要进来。</p><p>“啊，是你呀，鞋匠师傅，”他说，“好吧，我让你进来，可你得改掉你这坏毛病，不要找天堂里任何东西的岔子，不然你会倒霉的。”“用不着你警告我，”鞋匠师傅说，“我知道好歹，再说，这儿的一切，谢天谢地，都是完美的。这与尘世不同，无可挑剔。”于是他踏了进去，在广阔的天堂里四处游荡。他环顾四周，左瞧瞧，右瞅瞅，时不时地摇摇头，口里嘀咕着什么。这时，他瞧见了两个天使抬起了一根木梁，他们不是竖着抬梁木，而是横着扛着。“世上没见过这么蠢的事！”鞋匠师傅想，可他并没有说什么，表面上露出了满意的模样。“反正结果一样，不管他们横着拿还是竖着拿，只要他们觉得合适就行，话又说回来，我的确没看见他们撞倒什么东西。”不一会儿，他又瞧见两个天使在用桶从井里打水，不过他也注意到那桶是漏的，水从四面八方流了出来。原来他们是在给大地浇灌雨水。“得了吧，”他突然喊道，但幸亏他改了口没骂出来，心想，“或许这只是好玩吧，但如果只为了消遣，那天堂里他们什么也不必做，只是闲逛。”他又继续往前走，看到了一辆深陷在泥里的推车。“难怪，”他对站在车旁的人说，“谁会这样装东西？你放了些什么在上面？”“良好的愿望，”那人说，“我没法把它们拉到正道上，但幸亏我还是把车拉了上来，在这个地方他们不会叫我陷落的。”果然来了个天使，在他车前套了两匹马。“那就对了，”鞋匠师傅想，“但两匹还不够，至少要四匹才能把车拉出来。”这时另一个天使又牵来了两匹马，可是他并没有把马套在前头，而是套在车后面。这下鞋匠师傅再也忍不住了，“蠢货！”他大发雷霆，“瞧你们干了什么事？自从开天辟地以来有谁见过那样拉车子的？可是你们，傲慢无知，自欺欺人，还以为什么都懂！”他还想一个劲地说下去，一位天堂居民堵住了他的喉咙，用一种不可抗拒的力量把他推出了天门。在天门下，鞋匠师傅回过头朝那辆车望去，看见它被四匹长着翅膀的马拉了上来。就在这时，鞋匠师傅醒了。“天堂和人间就是不一样，”他自言自语道，“那儿有许多事情是情有可原的。但是谁有耐心看着四匹马一前一后地套在车子上而不发火呢？再说，给长有四条腿的马装上一对翅膀本来就是画蛇添足，愚蠢之至。我得起身了，不然他们会把屋子弄得一团糟的。我没有当真死去，真幸运！”</p>',1,'2022-01-10 15:33:39','2022-01-10 07:33:39'),(66,66,'','<p>古时后，有个巨人漫步在乡间的大道上，突然一个陌生人跳到他跟前说：“站住，不许再往前走一步！”“什么？”巨人叫道，“你这小东西，我两根指头就能把你捏死，你敢挡我的路？你是什么人，敢口吐狂言？”“我是死神，”他回答说，“没有人能反抗我，你也必须服从我的命令。”但巨人拒绝了，和死神打斗起来，这是一场持久而激烈的战斗，最后巨人占了上风，一拳击倒了死神，使他瘫倒在一块石头旁。巨人凯旋而去，死神倒在那儿屈服了，他太虚弱了，竟爬不起来了。“现在我该怎么办呢？”他说，“如果就缩在这个角落里，世上就没人会死，那么必定会挤满人而无处容身了。”这时来了位年轻人，朝气蓬勃，一路高歌，并且在举目四顾。一看见这个半死半活的人，马上关切地走了上来，扶起他，从自己的瓶中倒了口水给他，看着他恢复了几分力气。那陌生人边爬起边说：“你可知道我是谁吗？你知道你帮了谁吗？”“不，”年轻人说，“我不认识你。”“我是死神，我从不放过任何人，你也不例外。但为了表示我的感激之情，我向你保证我绝不出其不意地降临于你，我会在来取你性命之前派我的报信使者通知你。”“好的，”年轻人说，“能知道自己的死期就足够了，至少在这以前我不用提心吊胆的。”然后他愉快地走了，无忧无虑地生活着。但青春和健康不会长久，很快病痛与悲哀都来了，它们开始一天天地折磨他。他自言自语道：“我不会死的，因为死神还没来，我真希望这病痛缠身的痛苦日子赶快结束。”后来他的病好了，他又过上了开心的日子。有一天，有人拍了拍他的肩膀，他扭头一看，发现死神就站在他身后。“跟我来，你和这个世界告别的时刻已经到了。”“什么？”这人问道，“你怎能食言？你不是保证说你本人来之前会派信使来吗？”“别作声！”死神说，“我不是接二连三地差信使到这里了吗？寒热不是来打你、推你、摔倒你了吗？晕眩不是弄得你头昏脑胀吗？痛风病不是折磨你四肢吗？耳鸣有过吗？牙痛时不曾使面颊发肿吗？而且，我的兄弟‘睡神’不是每晚向你提起我吗？夜里，你难道不是像死人那样地躺在那吗？”</p><p>这人无话可说，只得听天由命，跟着死神走了。</p>',1,'2022-01-10 15:33:54','2022-01-10 07:33:54'),(67,67,'','<p>上帝创造了这个世界，准备给万物的生命，这时驴子走了过来问道：“主啊，我将活多少年？”“三十年，”上帝回答道，“你满意吗？”“啊！主呀，”驴子答道，“那够长了。想想我活得多苦呀！每天从早到晚背着沉重的负担，把一袋的谷子拖进作坊，而其他人可以吃面包，他们只知用打我、踢我来的方式鼓舞我、振作我。请把我从这漫长的痛苦岁月中解放出来吧。”上帝很同情它，就减了它十八年的寿命。驴子心中宽慰地走了。接着狗又来了。“你想活多久？”上帝问，“三十年对驴来说太长了，但你会满意吧！”“主呀，”狗回答说，“这是你的意志吗？想想我将怎样狂奔，我的脚决不可能坚持那么久，当我一旦不能叫了，除了从一个角落跑到另一个角落，我还能干什么呢？”上帝见它说得对，减了它十二年寿命。接着猴子来了。“你一定愿意活三十年吧？”上帝对它说，“你不必像驴和狗那样干活，却可以享受生活。”“啊！主呀，”它回答，“过去也许是这样，但现在已大不同了。如果天降小米粥，我可没有勺儿。我总是干些发笑的勾当，比如做做鬼脸逗人发笑。如果他们给我一个苹果吃，我就大咬一口，不过它是酸的。悲哀常常藏在欢笑之后！三十年我可耐不住。”上帝仁慈，减了它十年。</p><p >最后人类出现了，他是那样地开心、健康而又充满生命力，他请上帝指定他的寿命。“你将活三十年，”上帝说，“够长了吗？”“太短了，”人说，“当我刚建起我的房子、在自己的灶上烧火时，当我辛勤栽培的树木刚开花结果时，当我正准备享受生活时，我却要死了！哦，主呀，请延长我的生命吧！”“加上驴子的十八年。”上帝说。“那还不够。”人回答。“那再加上狗的十二年。”“还是太少了。”“那么，”上帝说，“我再给你猴子的十年，但不能再多了。”人走了，但还是不满意。</p><p >这样人活七十岁，起先三十年是他的本份，但瞬息即逝，这阶段他健康、快乐，高兴地工作，生活也充满了欢乐。接下来是驴子的十八年，这时候，生活的负担压在肩上，他得辛勤地劳作养活他人，他这种忠实的服务换来的却是拳打和脚踢。然后是狗的十二年，那时他失去了利齿，咬不动东西，只能躺在墙脚忿忿不平地低吼。这痛苦日子过后，猴子般的生活结束了他最后的一生。这时，他傻头傻脑，糊里糊涂，成了孩子们捉弄、嘲笑的对象。</p>',1,'2022-01-10 15:34:10','2022-01-10 07:34:10'),(68,68,'','<p>两三百年前，人们还远没有今天这般聪明狡猾时，在一个小镇里发生了一件希奇的事。有一只猫头鹰，人们叫它“叔胡”的，黑夜中不幸误入了林间的一户人家的谷仓里。天亮时，因为害怕别的鸟儿瞧见，会发出可怕的叫声，它不敢冒险出来。早上，家中的一个仆人到谷仓来取干草，看见了坐在墙角的猫头鹰，他大吃一惊，撒腿就跑，并报告主人说他看见了一个平生从未见过的怪物正坐在谷仓里，眼睛溜溜直转，毫不费力就能吞下一个活人。</p><p>“我可知道你这种人，”主人说，“你敢满地里追赶一只山鸟，却不敢靠近一只躺在地上的死鸡。我倒要亲自去看看它是何方怪物。”主人说着，大胆地走进了谷仓，四下寻望。当他一眼瞧见了这古怪可怕的动物时，吓得决不亚于那仆人，“嗖”地一下就跳出了谷仓，跑到邻居家，求他们帮忙对付这不认识的危险野兽，说一旦它冲出来，全城人都会有危险。大街小巷一下沸腾起来了，只见人们拿着镰刀、斧头、草叉和矛，如大敌将至一般。最后，连以市长为首的议会都出动了。在广场上整队集合后，他们便浩浩荡荡地向谷仓进发，把它围得水泄不通。这时其中最勇敢的一人走上前，漫不经心地拿着矛进去了。接着只听一声尖叫，他没命地跑了出来，变得面无血色，语无伦次。另两个人又冒险进去了，但也好不到哪里去。最后有一个人站了出来，他可是一位骁勇善战的壮汉。“只看看它是赶不走怪物的，我们必须坚决果断，但我看你们都成了娘儿们，没有一个敢面对这畜生。”他命人拿过盔甲、剑和矛，全身披挂。人人都称赞他勇敢，不过很多人也为他的生命担心。谷仓的两扇大门大开了，他看见了正蹲在一根大梁中部的那只猫头鹰。勇士命人拿来梯子，当他立起梯子准备爬上去时，人们都对他大叫，要他更勇敢些，并把那个曾杀死蛟龙的圣乔治介绍给他。他到 达了顶部，猫头鹰看出他要去打它，加之这人群和喧叫，又不知如何逃生，不由眼珠乱转，羽毛竖立，双翅乱拍，张开嘴巴，粗着嗓子大叫起来：“嘟咿！嘟呜！”“戳呀！戳呀！”外面的人群冲着这勇士高声喊叫。“任何一个处在我这位置的人都不会叫‘戳呀’。的”他答道。他虽然又往上爬高了一级，可双腿不由自主地发起抖来，几乎吓得要晕过去了，最后终于败下阵来。</p><p>这下再也没有人敢去冒这个险了。人们说：“那个怪物只要一张口发声和呼气，连我们最勇敢的人都中了毒，几乎要掉了他们的命，难到我们其余的人还要拿自己的生命去冒险吗？”为了保住城市使它不至于毁灭，他们开始商量该怎么办。商量来商量去，始终想不出个万全之策，最后市长找到了一个权宜之策。他说：“我的看法是，我们应当掏腰包，赔偿仓库及其中的一切给主人，然后放火烧掉整个仓库，连同这可怕的野兽一起烧死，这样大家再也不会有生命危险了。现在已没有过多的时间考虑了，我们也决不能吝啬。”大家一致同意了这个办法，于是，他们在四角点上火，那只猫头鹰连同谷仓一起在火中化成了灰烬。要是有人不相信，就请他自己去问问吧！</p>',1,'2022-01-10 15:34:26','2022-01-10 07:34:26'),(69,69,'','<p>有人问老牧人：“你最喜欢在哪儿放牛？”他说：“就在草儿既不肥也不瘦的地方，先生。不然就放不好。”“为什么会不好？”那人又问。“你没听到草地那边传来的悲号吗？”牧人答道，“那是鸬鹚，他从前是个牧人，戴胜也是，我来给你讲讲这个故事吧：鸬鹚在肥绿的草地上放牧牛群，这里遍地花草，牛群也遍地撒野，难以管束。而戴胜却把牛群赶到高山上的不毛之地，这里风吹沙扬，牛群也变得瘦骨嶙峋，绵软无力。到了傍晚，牧童们想赶牛回家，鸬鹚却不能把牛儿赶到一块，它们太兴奋了，跑得漫山遍野都是。‘回来，牛儿，回来’鸬鹚高声吆喝，但根本没用，牛儿毫不理会。而戴胜呢，他甚至不能让牛儿站起来，它们已是那样地软弱无力了。‘起来，起来，起来，’他尖叫，但一切都是徒劳，它们总是一动不动地卧在沙地上。那就是不加选择的后果。直到今天，他们不再看管牛群了，鸬鹚还在悲号：‘回来，牛儿，回来。’</p><p>而戴胜则‘起来，起来，起来。’叫个不停。”</p>',1,'2022-01-10 15:34:46','2022-01-10 07:34:46'),(70,70,'','<p>鱼类王国一直就没有秩序可言，鱼儿们对此早就很不满意了。它们谁都不为别人让路，左游右游，想怎样就怎样，它们或是在那些聚在一起的鱼中间横冲直闯，或是任意挡他人的道。大的总是用它们的尾巴摔打弱小的鱼，把它们赶得远远的，或者不由分说地吃掉它们。它们说：“要是我们中间有个国王，他既能实施法律，又能主持正义，那该多好啊！”于是大伙儿商议，谁能在浪潮中游得最快，又能帮助弱小者，就选它为王。</p><p>它们在海边列队排好。狗鱼用它的尾巴发出信号，于是大伙儿一块儿往前赶。狗鱼像箭一样地向前冲出了很远，紧跟其后的有青鱼、白杨鱼、鲈鱼、鲤鱼，还有其它所有的鱼。</p><p>甚至连鲽鱼也加入了它们的行列，并希望取胜。这时突然传来一声喊声，“青鱼最先！青鱼最先！”“谁最先？”那个爱猜忌的鲽鱼，已远远地落在了后面，口里却愤怒地叫道，“谁最先？”“青鱼！青鱼！”有鱼答道。这家伙更是妒火中烧，口里直嚷嚷，“那个身子光溜溜的青鱼？那个身子光溜溜的青鱼？”从此以后，鲽鱼受了罚，嘴歪长了。</p>',1,'2022-01-10 15:35:01','2022-01-10 07:35:01'),(71,71,'','<p>古时候，每一种声音都有它的意义或含义。铁匠的锤子敲响时，是在叫：“捶吧！捶吧！”木匠的刨子响，是说：“往这里刨！往这里刨！”磨坊轮子响，是说：“天啊，帮帮忙！天啊，帮帮忙！”要是磨坊主是骗子，磨机转动，它会操着标准的德语，先慢慢地问：“谁在那里？谁在那里？”然后迅速回答：“磨坊主！磨坊主！”最后很快地说：“大胆地偷！大胆地偷！一担偷三斗！”</p><p>这时候，鸟类也有它们自己的语言，人人都能听懂。如今只剩下啾啾声、唧唧声、吹哨声，有些就像没有词的曲儿。尽管这样，鸟类们想，它们不能长久没有个领头。大伙儿决定从它们当中选一位来做它们的王，唯独淡水鸟反对。它自由自在地生活惯了，也想自由地了此一生，于是它焦急地飞来飞去，口里叫道：“我往何处？我往何处？”它飞到了一个偏僻的，人迹罕至的沼泽地，从此不再在鸟类中露面。</p><p>如今鸟类都在讨论这件事。五月的一个上午，天气晴朗，它们从森林里和田野里纷纷飞到一起。来的有老鹰和苍头鹰、猫头鹰和乌鸦，还有百灵和麻雀，……我哪能一一说出它的名字呢？就连布谷鸟也来了，还有它的司事戴胜。戴胜所以叫做司事，因为它总在布谷前几天叫。还有十分小的、还没有名字的鸟混在鸟群中。大母鸡不了解这全部事情，看见大集会就惊讶起来，嘟嘟地叫道：“干嘛？干嘛？这究竟是干嘛？”公鸡却安慰它亲爱的母鸡说：“很多有钱的人。”便向它讲它们所要做的事。最终它们决定了，谁能够飞得最高，谁就做王。丛林里住着青蛙，听到这个，警告地叫道：“不，不，不！不，不，不！”因为他认为，这样会惹出很多眼泪。可乌鸦回答：“没问题！”它认为一切都会很顺利。</p><p>现在决定了，它们要趁晴朗的早上一起飞到天上，免得后面有谁说：“我本来还可以飞得高些，但是到了晚上，我就不能了。”信号一发，鸟儿全都飞向了蓝天，田野扬起灰尘，鸟们大声喊叫，喧哗，鼓翼，好像一阵黑云掠过似的。小鸟们很快就落后了，再也飞不动了，只好重新回到地面；大一点的坚持得久些，但没有一个能同雄鹰比，它飞得那样高，几乎把太阳的眼睛都啄下来了。当它看见其它的鸟都没自己飞得高时，就想：“你不用飞得更高，你已经是鸟中之王了。”于是往下降。在它下面的鸟儿齐声喊道：“鸟王只能是你，没有谁比你飞得更高了。”“除我之外，”那只没有名字的小鸟大声叫道，原来它刚才藏在了鹰的胸毛里，便不感到累，这时飞向了空中，飞得比鹰还要高，以至它能看见坐在椅子上的上帝了。当它飞得那样高了，就合起翅膀沉了下来，在下面打着尖锐的声音叫道：“我当王！我当王！”</p><p>鸟儿们都怒气冲冲地喊道：“你用了阴谋诡计才飞得那么高，你配当我们的王吗？”它们又重新规定，谁能到地上落得最深，谁就当王。于是，鹅用它的宽胸啪地扑到了地上；公鸡一落地就很快地啄洞；鸭子最倒霉，它跳进一个坑里扭伤了脚，只好摇摇晃晃朝近旁的池塘走去，一边走一边叫：“瞎扯蛋！瞎扯蛋！”那只无名鸟却找了个老鼠洞钻了进去，又操着尖锐的声音向外喊道：“我当王！我当王！”</p><p>“什么，你是我们的王？”鸟儿们更愤怒了，“你以为你的阴谋会得逞？”它们决定把小鸟关在它呆的洞里，让它饿死。猫头鹰被派在洞前当守卫，要不它就休想活命。到了晚上，鸟们因为飞得使劲，感到很疲倦了，便带着它们的老婆孩子上床去了。猫头鹰独自在老鼠洞口立着，用它的大眼睛一眨不眨地盯着地面。可是它很快也疲倦了，它想：“我可以闭着这一只眼，用另一只眼看守着，不叫那小坏蛋溜出来。”于是他闭上了一只眼，用另一只眼斜盯着老鼠洞口。那小东西探出头来瞅了瞅，企图溜掉，猫头鹰立刻走了过去，小东西便缩回了头。不一会儿，猫头鹰又睁开了另一只眼，闭上这一只，想这样换一整夜。但是当它又闭上那一只时，忘记睁开这一只了，不久两只眼睛都闭着，睡着了，那小鸟一见就溜之大吉。</p><p>从此以后，猫头鹰不敢再在白天露面，否则别的鸟会追赶它，拔光它身上的羽毛。它只是在夜里飞出来，但是它痛恨并且追捕老鼠，因为它们做这种坏洞。那小鸟也不愿意出现，因为它怕被捉住就没命。它在篱笆间钻来钻去，感到绝对安全了，才时不时地叫两声，“我当王！”所以别的鸟都笑它叫“篱笆王”。没有谁比云雀更高兴了，因为它不用听“篱笆王”的使唤。太阳一出来，它就飞到空中高唱：“啊，多么美好！真是美好呀！真美好！真美好！啊，哪有这般美好！”</p>',1,'2022-01-10 15:35:17','2022-01-10 07:35:17'),(72,72,'','<p>从前，有个裁缝总爱吵架。他的妻子善良、勤劳、虔诚，却不能得到他的欢心。</p><p>无论她干什么事，他都不满意，总是嘀嘀咕咕，又是打又是骂。当地的官府最后知道了这件事，就传讯了他并把他关进了监狱，希望能让他改过自新。他在监狱里只能靠面包和水度日，关了一段时间后，他就被释放了，不过要他发誓从此不再打老婆，要与她和睦相处，休戚与共，像夫妻应该的那样。开始一阵子还好，随后他又旧病复发，老爱嘀咕争吵。因为他不敢打她，便扯抓她的头发，女人挣脱了他，逃到外面的院子里，他就拿着尺和剪刀尾随其后，四处追赶她，并用尺和剪刀以及其他所能拿到的东西朝她摔去。打着她时，他就哈哈大笑；没打中时，他就暴跳如雷，百般诅咒。这样一直闹到邻居赶来帮他的妻子，他才罢手。于是裁缝再次被官府传去，官府叫他想想他说过的话。“亲爱的大人，”他说，“我信守了我的誓言，并没有打她，而是与她同甘共苦。”法官说，“这怎么可能？她可是再次严厉地控告了你。”“我没有打她，只是因为看见她怪模怪样，我想用手去给她理理头发，她却挣脱了我，恶意地跑开了。于是我就匆匆地去赶她，让她回来做她的事。我把手里东西向她扔，是作为善意的纪念。可我仍和她同甘共苦呀！因为我每次打她，我高兴，她痛苦；如果没打到她，她就高兴，我就难受。”法官对这种回答可不满意，给了他应得的惩罚。</p>',1,'2022-01-10 15:35:34','2022-01-10 07:35:34'),(73,73,'','<p>从前在一片偏僻的森林边上有个小木屋，里面住着一个贫穷的樵夫和他的女人以及三个女儿。一天早上，樵夫去砍柴前对女人说：“今天叫大女儿到森林中给我送午饭，不然我的活就干不完。为了使她不迷路，我会带一袋小米，沿路洒在地上。”当太阳正照在森林的上空时，大女儿上路了，她端了一碗汤。但森林里有的是麻雀、云雀、燕雀、画眉和黄雀，它们早就把小米啄得一干二净了，大女儿找不到父亲所留的路径，可还是信步走去，走啊走，一直走到太阳下山。黑夜中树枝哗哗作响，猫头鹰毛骨悚然地乱叫，大女儿害怕极了。这时她看到了不远处树丛中有盏灯火在闪动，“那儿一定有人家，他们定会留我过夜的，”大女儿心里想着，便脚步不停地朝灯光走去，不一会儿功夫，她就来到了房子前，见整个窗户被映得通明透亮。她敲了敲门，里面传来了一声粗鲁的吼声：“进来！”大女儿迈进了黑暗的过道，敲了敲屋里的房门。“进来吧！”那声音嚷道。大女儿打开了门，看见一个白发苍苍的老人正坐在桌旁，双手托着腮，白花花的胡子几乎拖到了地。火炉旁还躺着三只动物，一只母鸡、一只公鸡和一头花奶牛。女孩告诉了老人自己的经历，并请求在此过夜。老人说：</p><p>“漂亮的小母鸡，</p><p>威武的小公鸡，</p><p>肥壮的花奶牛，</p><p>你们意下如何呢？”</p><p>“达克斯。”动物们齐声叫道，那意思准是：“我们大伙都乐意。”因为老人也说：</p><p>“你今晚可以在这儿睡觉吃饭。现在到炉边给大伙弄点吃的吧！”女孩到厨房里，发现一切齐全，便做了一顿丰盛的晚餐，可没有想到那些小动物。她盛了满满的一盆饭端到桌上，在老人的身旁坐下，自顾自地吃了起来。肚子填饱后，女孩问道：“我现在困倦了，哪里可以弄张床让我躺下来美美地睡一觉？”只听动物们答道：</p><p>“你已和他吃了饭，</p><p>你已和他喝过汤，</p><p>可你从未想到过咱，</p><p>你自个去找张睡觉的床。”</p><p>老人说：“上楼去吧，那儿的房间内有两张床。把铺盖给抖抖，铺上白床单，一会我就来睡。”于是女孩上了楼，她抖了抖床，铺上一张干净的床单，就躺在那床上睡着了，连老人都没等。过了一会儿，白发老人上来了，他举着蜡烛仔细打量了这个女孩，摇了摇头，看到她已睡熟，老人打开了一道活门，将女孩沉入了地窖中。</p><p>那天樵夫很晚才回家，一进门就指责女人让他在林子里饿了一天。“这可不怪我，”女人说，“大女儿早就提着饭出门了，她准是迷路了，明天肯定会回来的。”第二天樵夫天不亮就起床进森林去伐木，他只好让二女儿给他送饭。“这次我要带一袋扁豆，豆比米粒要大些，我女儿会看得更清楚，不会迷路。”很快午饭的时间到了，于是二女儿带着父亲的饭上路了，可小扁豆一粒也看不见，森林中的鸟儿像前天一样把扁豆吃得精光，现在路上一粒都不剩了。二女儿在大森林中转来转去，到晚上她也来到了老人的屋前。老人同样让她进了屋，她向老人要吃的和一张床。白胡子老人又问那些小动物：</p><p>“漂亮的小母鸡，</p><p>威武的小公鸡，</p><p>肥壮的花奶牛，</p><p>你们意下如何呢？”</p><p>动物们又一次齐声叫“达克斯”。接下来发生的一切均和前一天一样，二女儿做了顿丰盛的晚餐，同老人一起吃喝，不过也没有理那些小动物。等她吃完喝好，就要老人给她个睡觉的地方，小动物们齐声答道：</p><p>“你已和他吃了饭，</p><p>你已和他喝过汤，</p><p>可你从未想到过咱，</p><p>你自个去找张睡觉的床。”</p><p>白胡子老人进来时，小女孩早就睡熟了，老人看了看她，摇了摇头，也把她放入地窖中。</p><p>第三天早上，樵夫对女人说：“今天就让小女儿给我送饭吧，她向来乖巧玲俐，不像她姐姐在林子里面黄蜂般地乱转，她会沿着正道走的。”可女人舍不得小女儿，只听她说：“难道连我最爱的孩子也要失去吗？”“放心吧！”樵夫答道，“我们的女儿不会迷路的，她是那样的聪明玲俐，加之我会沿路洒上些豌豆。豌豆比扁豆大得多，准能给她指路。”可小女儿提着篮子出来时，发现鸽子已啄走了所有的豌豆，她也不知道该向那边拐。她难过极了，心里总惦记着父亲还饿着，还想到如果自己不能回家，母亲是多么伤心啊！最后天黑时，她瞧见了一盏灯，于是她也来到了那座屋子前。她很有礼貌地请求老人让她留宿过夜。</p><p>白胡子老人又一次问他的小动物：</p><p>“漂亮的小母鸡，</p><p>威武的小公鸡，</p><p>肥壮的花奶牛，</p><p>你们意下如何呢？”</p><p>“达克斯。”动物们齐声答道。于是小女孩就走到了动物们躺着的火炉旁，她轻轻地抚摸着公鸡和母鸡，用自己的双手为它们梳理光洁的羽毛，又拍了拍奶牛的双角间。然后她又按老人的意思做了顿香喷喷的饭，端在桌上摆好，心想：“我可不能只顾自己吃，却让这些可爱的小家伙饿肚子，外面可吃的多着呢！我还是先给它们弄点吃的吧！”于是她走了出来，找了些大麦亲自拌好先给公鸡和母鸡吃，然后又给母牛抱了一捆新鲜的草料。“我希望你们会喜欢这些吃的，可爱的小家伙，”女孩说道，“如果口渴了，就来喝口清甜的水吧。”说完她又提来一桶水。公鸡和母鸡跳到桶边，把头伸进水里，然后昂起头，像鸟儿喝水一样；花奶牛也喝了一大口。动物们吃饱后，女孩在老人的身边坐下，用老人吃剩的东西填饱了肚子。过了一会儿，公鸡和母鸡便将头埋在翅膀下，母牛的眼睛也开始不停眨巴着打瞌睡了。</p><p>于是女孩就问：“我们不该去睡觉吗？”</p><p>“漂亮的小母鸡，</p><p>威武的小公鸡，</p><p>肥壮的花奶牛，</p><p>你们意下如何呢？”</p><p>小动物们回答道：“达克斯。</p><p>你已和我们吃了饭，</p><p>你已和我们喝过汤，</p><p>你总好心记得咱，</p><p>愿你今晚睡得平安。”</p><p>于是女孩上了楼，抖了抖二张羽毛床，铺好了新床单，这时白胡子老人进来了，在一张床上躺下来，他的胡子一直拖到了床的另一头。女孩也躺下了，她先做了祷告，这才进入了梦乡。</p><p>她睡得沉沉的，到了半夜却被房子里的一阵吵声给弄醒了。房内各处都在砰砰着响，门已被冲开，碰在了墙壁上；屋梁仿佛脱了接头，吱呀响着，就像楼梯塌下来似的。最后是一声巨响，好像是整个屋顶塌陷了。然而很快一切就都平静如初，女孩也未伤一根毫发，她静静地躺在那里，很快又进入了梦乡。清晨灿烂的阳光普照着大地，她醒了，啊，展现在她眼前的是怎样一副情景呀！她正躺在一间大厅里，周围的一切无不闪耀着皇宫的辉煌。墙壁上挂着一张绿色的丝绸，上面一朵朵金色的花儿开得正艳；床是象牙做的，上面铺着红色天鹅绒；紧挨床边摆着把椅子，上面放着双缀满珍珠的拖鞋。女孩以为自己在梦中，这时三个衣着考究的仆人走了过来，问她有何吩咐。“你们只管去吧，我要马上起床为老人做早餐，我还要去喂那可爱的母鸡、公鸡和奶牛。”女孩答道。她还以为老人已经起床了，就朝他的床望去，可老人没躺在那里，见到的却是位陌生人。她端详着他，发现他是那样英俊潇洒。他醒了，说：“我是一位王子，中了一位巫师的魔法，变成了一个满头银发的老人，成天住在森林里，谁也不准跟我在一起，除了我那三个仆人，不过他们也变成了公鸡、母鸡和奶牛，直到有位心地善良的姑娘来到我们中间，这样魔法就可消除。这位姑娘不仅要待人仁慈，对动物也要怜惜，只有你才做到了这一切。是你在午夜时分使我们获得了自由，森林中的那座小木屋也变成了我原来的王宫。”说完，他们就起床了。王子立即命令三个仆人去把女孩的父母接来，参加他们的婚礼。“可是我那两个姐姐现在何处呢？”女孩问道。“我把她们关在地窖中，明天她们就会被带到森林中，做一个烧炭翁的使女，直到她们变得更仁慈，不再让动物们饿肚子为止。”</p>',1,'2022-01-10 15:35:55','2022-01-10 07:35:55'),(74,74,'','<p>懒哈利和胖特丽娜总是为人持重，不为外物所扰。瘦莉莎的想法却完全相反，她总是从早忙到晚，让她的大个子丈夫伦茨干很多的活。可尽管如此，他们还是一无所获，一事无成。一天晚上，莉莎躺在床上，累得无法动弹，却心事重重地无法入睡。她用肘撞旁边的男人说：“伦茨，你听，我想的是什么？假如我找到一块金币，别人又送我一块，我再去借一块，你也给我一块，那么，我一共就有四块金币，我就要买一头母牛。”男人觉得这很好，他说：“我虽不知道上哪儿去给你弄到送你的那块金币，但是如果你有了这笔钱，你就可以用它买头母牛，如果母牛生头小牛，那我们就可以喝上牛奶，提提神了。”女人说：“牛奶不是你的，我们让小牛吸，让它长得膘肥体壮，才能卖个好价钱。”男人说：“那是当然，不过我们也可以喝一点点，不碍事。”女人说：“谁叫你这样对待母牛？不管碍不碍事，我都不会答应。你要是胡思乱想，休想喝到一滴牛奶！你这傻大个真是个贪得无厌的家伙，要把我幸苦挣来的东西消耗尽吗？”男人说：“老婆，安静些，否则我要把你的嘴蒙起来。”“什么？”她喊道，“你要吓唬我，你这馋鬼，你这长杆子，你这懒鬼哈利。”她想揪他的头发，但长子伦茨坐起来，用一只手抓着瘦莉莎的两条细胳膊，用另一只手将她的头发按在枕上，听凭她叫骂，直到她最后累得又睡着了才松开。第二天早上，他们醒来后没有继续吵闹，莉莎后来究竟有没有出去找她想得到的那块金币，那我们就不知道了。</p>',1,'2022-01-10 15:36:32','2022-01-10 07:36:32'),(75,75,'','<p>从前，一个生活贫穷、心地虔诚的农夫死了，来到了天堂的门前。同时来的还有一位生前富甲一方的大财主，他也想进天堂。圣彼得拎着钥匙来了，他打开了大门让进了财主，似乎没有看见农夫，就把门随手关上了。这时外面的农夫听到了财主如何受到各种各样的礼遇和接待，那儿既有奏乐，又有歌唱，最后一切又归于平静了。圣彼得又来了，打开了门，让农夫进去了。农夫原想他进去后也会有奏乐和歌唱，可里面竟是静悄悄的一片。不过他还是受到了很热情的接待，天使们走来欢迎他，只是没有谁来唱歌。于是农夫问圣彼得为什么财主来给他唱歌，而他来却不一样，好像天堂和人间一样，也存在着偏心。圣彼得回答说：“根本不是这回事，你和任何别的人一样对我们来说都很可爱，也一定会和那富人一样享受天堂里每一乐趣，但是像你这样的穷人每天都有人来到天堂，而像这样的富人一百年内进天堂的却只有一个呢！”</p>',1,'2022-01-10 15:36:54','2022-01-10 07:36:54'),(76,76,'','<p>从前有一对夫妇，他们只有一个独生儿子，这家子单独住在一个偏僻的山谷里。一次女人带着年仅两岁的汉斯，到林间去拾冷杉枝。因为此时正是春暖花开的时候，他们看见五颜六色的花正高兴，突然丛林中跳出了两个强盗，掳走了母亲和孩子，带着他们朝着森林的黑暗深处走去，那儿多年没人进去了。那可怜的女人苦苦哀求强盗放走她们母子俩，可强盗们是铁石心肠，根本不听她的哀求，只管用力地赶着他们往前走。大约两小时后，他们来到了一座有门的岩壁前，强盗们敲了敲门，门就开了。他们走过一条长长的暗道，最后来到一个大洞里，那洞被炉火照得如同白昼。只见四周的墙壁上挂着刀剑和别的凶器，在炉光的照射下闪着寒光。中间摆着黑桌子，桌旁另有四个强盗坐在那儿赌博，上首那人就是他们的头儿。他看见女人走来，便走过来和她搭话，叫她别害怕，说只管放心，他们不会伤害她，但她必须管理家务，如果她把一切都弄得有条有理，他们是不会亏待她的。随后他给她吃一些东西，又指给她看她和孩子的床。</p><p>女人在强盗窝里一过就是许多年，汉斯现在已渐渐长大强壮了。母亲给他讲故事，叫他念一本在洞里找到的破旧骑士书。汉斯九岁时，他用松木枝做了根结实的棍子，把它藏在床后，然后去问母亲：“娘，现在请你告诉我，谁是我的爹，我很想知道。！”母亲默不作声，不肯向他说什么，免得他患相思病，她知道那些无法无天的强盗是决不会放走汉斯的，但想到汉斯不能回到他爹身边去，她的心都快碎了。晚上，强盗们抢劫回来时，汉斯就拿出他的棍子，走到强盗头儿跟前说：“现在我要知道谁是我的爹，如果不立刻告诉我，我就要把你打死。”强盗头儿一听哈哈大笑，给了汉斯一个耳光，打得他滚到了桌子底下。汉斯爬了起来，没有说话，心想：“我要再等一年，到时我要再试试，或许会好些。”一年又过去了，他又拿出了那根棍子，抹掉上面的灰尘，仔细瞧了瞧，说：“这是根挺结实有力的棍子。”晚上，强盗们回来了，一坛接一坛地喝酒，然后一个个都醉得低下了头。这时汉斯拿出了棍子，走到强盗头子的跟前，问他爹是谁。强盗头儿只给他一个耳光，又打得他滚下了桌子。但没过久，他又爬了起来，抡起棍子就给头儿和其他的强盗一顿痛打，打得他们手脚不能动弹。母亲站在角落里，看到他是这样的勇猛强壮，满脸惊讶。汉斯打完强盗，就走到母亲跟前，说：“现在我该办正事了，但我现在想知道，谁是我的爹。”“亲爱的汉斯，来，我们这就去找，一定要把他找到。”她取下了头儿开门的钥匙，汉斯又去找了一个大面粉袋，装了满满一袋金银财宝，扛在肩上，他们便离开了山洞。汉斯从黑暗的洞中走到太阳里，展现在他眼前的是那绿色的森林、无数的鲜花和小鸟，还有天上的朝阳，他站在那儿，眼睛睁得大大的，仿佛眼前的一切是在梦中。</p><p>母亲带着他寻找回家的路，几小时后，他们终于平平安安地来到了一片寂寞的山谷中，他们的小屋就在眼前。父亲正坐在门前，当他认出了自己的妻子，并听说汉斯就是自己的儿子时，欢喜得哭了起来，他以为他们母子早死了。汉斯虽说只有十二岁，却比父亲高一个头。他们一齐回到屋里，汉斯刚把口袋放在炉边的长凳上，屋子就吱嘎摇晃起来了，凳也断裂了。父亲叫道：“天啊！这是怎么回事，现在你把我的屋子给打破了。”“别担心，爹，”汉斯说，“这袋子里装的东西，比造一座新屋子需要的钱还多呢！”父子俩立刻动手建新房，还买来了牲口和土地，开始经营农庄。汉斯犁地，他走在犁头后面，把犁深深地按在了土里，前面的牛儿几乎都不必拉了。</p><p>第二年春天，汉斯对父亲说：“爹，这些钱你留着。请给我做根百斤重的旅行杖，我要出远门了。”手杖做好后，汉斯便离开了家，他走呀走，来到了一座深深的黑森林。他在那里听到有什么东西在喀嚓作响，便向周围看，看见一棵松树，从下到上像一根绳子一样拧在一起。他再抬头往上瞧，看见一个大汉正抓住树干，把它扭来扭去，好像那根本不是棵大树，而是根柳条。“喂！你在上面干什么？”那汉子说：“我昨天打了捆柴，想搓根绳子去捆柴。”汉斯心想：“他力气倒挺大的。”于是他对汉子喊道：“别干这个了，跟我走吧。”那汉子从树上爬了下来，个儿比汉斯还高出整整一个头。“你就叫‘扭树者’好了。”汉斯对他说。他们继续往前走，听见什么东西在敲打，每打一下，大地都要抖几抖。不久，他们来到一坐岩壁前，只见一个巨人站在那里，正用拳头把崖石大块大块地打下来。汉斯问他做什么，巨人回答说：“我晚上睡觉时，熊、狼和其它的猛兽老在我身边嗅来嗅去，叫我不能入睡，所以我想建造间房子，晚上睡在里面，这样才能安宁些。”汉斯心想：“唉，是的，这人你也用得着。”于是他说：“别造啦，和我们一道走吧。你就叫‘劈石人’好了。”巨人答应了，便和他们一起走过森林，凡是他们走到的地方，野兽全被吓住，然后从他们身边跑开了。晚上，他们来到一座古老的无人居住的宫殿前，走进去睡在了大厅里。第二天早上，汉斯走进宫前的花园里，发现那儿全荒芜了，长满了荆棘丛。他正走来走去时，一头野猪猛地朝他冲来，他用手杖只打了它一下，它就马上倒下了。于是他把野猪扛在肩上，带了上去，大伙儿把野猪叉在铁杆上烤着吃，吃得高兴极了。他们每天轮留去打猎，留一人看家做饭，每人每天可以吃九磅肉。第一天扭树者留在家中，汉斯和劈石人去打猎，当扭树者忙着做饭时，一个满脸皱纹的小老头走进宫殿，向他要肉吃。“可恶的家伙， 走开，你还想吃什么肉！”他回答说。但使他惊讶的是，那很不起眼的小人儿，跳到了扭树者的身上，用拳头乱打他，他竟不能抵抗，最后倒在上直喘气。小老头直到完全解了恨，方才离去。另外两个人打猎回来，扭树者只字不提那个老头和挨打的事。他心想：“等他俩呆在家里的时候，也尝尝那个好斗的小老头的厉害吧。”仅仅是这想法已经够他乐一阵子的了。</p><p>第二天劈石人留在家里，他的遭遇跟扭树者一模一样，因为他不肯拿肉给他吃，结果也被小老头好好地揍了一顿。当他们回来时，扭树者当然知道他出了事，但他俩都不做声，心想：“让汉斯也尝尝这滋味吧。”</p><p>第三天，轮到汉斯留在家中做饭，他正在厨房里认真干活，站在上面打锅里的泡沫，小人儿来了，毫不客气地要肉吃。汉斯想：“这是个可怜的小老头，我愿意从我的那份中分些给他，这样也不叫别人吃亏。”于是他递给了他一块肉。那矮子吃完后，又要了一块，好心的汉斯又给了他，并告诉他这块肉很好，他该满意了。没想到小矮子又第三次开口要，“你脸皮真厚。”汉斯说，就不再给他肉了。那恶矮子就要跳到汉斯的身上，像对待扭树者和劈石人一样待他，但是他找错人了。汉斯毫不费力地给了他几个耳光，打得他滚下了台级，汉斯去追他，因为人高腿长的缘故，反而让他给拌倒了，当他爬起来时，矮子在他的前面直乐。汉斯一直追到森林里，看到他溜进了一个洞里。汉斯只好回家了，不过记住了那个地方。那两人回来时，看见汉斯安然无恙，都很惊讶，汉斯把发生的一切告诉了他们，于是他们不再隐瞒他们的遭遇。汉斯笑道：“都怪你们，谁叫你们要如此吝啬你们的肉，你们这么大的个儿，却被小人儿打了一顿，可真是丢人。”于是他们三人带上箩筐和绳子，朝小矮子溜进去的地洞走去。他们让汉斯坐在箩筐里，随身带着棍子，然后把他放进洞口。汉斯下到底后，寻着了一道门，他打开了门，发现那里坐着位美丽如画的少女，简直美得无法形容。少女旁边坐着那个小矮子，正冷冷地瞪着汉斯，那样子就像一只野猫。少女被锁链拴着，可怜巴巴地望着汉斯，这引起了汉斯的巨大同情心。汉斯想：“我得把她从这恶矮子手上救出来。”于是他用棍子打了他一下，他就倒在地上死了。少女身上的锁链也立刻松脱了，她告诉汉斯，她本是位公主，被一个野蛮的公爵掠了来，关在这里。因为她不答应嫁给他，公爵让矮子作看守人看着她，她可受够了他的折磨。随后汉斯把少女放进箩筐，让那两个把他拉了上去。箩筐又放了下来，但汉斯已不相信那两位同伴了，心想：“他们已经表现得不老实了，没有把小矮子的事情告诉我，谁知他们安什么心？”于是他只把自己的棍子放进去。幸亏如此，因为箩筐才吊到了半空中，他们又把它松下来了，如果汉斯真的坐在了里面，就会摔个必死无疑了。汉斯被困在洞中，不知怎样才能从那里爬出去，他想来想去，还是想不出个好办法。他于是就走来走去，不知不觉间来到了少女曾经呆过的小屋，发现那小矮人的指头上套着枚戒指，闪闪发光，于是他便褪了下来，戴在自己的手上，他然后把戒指转动了一下，突然听到有什么东西在头顶作响，他抬头一看，原来空中有几位神仙在翱翔，他们说，他是他们的主子，问他要干什么？汉斯起先还不作声，但很快便吩咐他们把自己抬上去。他们照办了，他觉得自己仿佛飞了起来。但等他到了上面时，已不见他们的影儿了。他又走到宫殿里，也找不着个人，扭树者和劈石人都跑了，还带走了那位美丽的公主。汉斯于是又转动戒指，神仙又来了，说那两个人在海上。汉斯便不停地跑，一直追到了海边。他在那里朝远望去，发现离岸边很远的海面上有条小船，他的不忠实的伙伴正坐在里面。汉斯气极了，不加思索地带着他的棍子，跳下水中，向前方游去。哪知棍子实在太重，拖着他直往下沉，几乎把他淹死了。于是他赶紧转动戒指，眨眼间神仙又来了，带着他像闪电般地靠近了小船。汉斯挥动棍子，把他们俩都打落在水里，给了那两个家伙应有的惩罚。美丽的公主刚才给吓怕了，汉斯再一次救了她，摇着橹把她送回了她父母家，后来和她结了婚，一切皆大欢喜。</p>',1,'2022-01-10 15:37:11','2022-01-10 07:37:11'),(77,77,'','<p>	从前有个国王，他的王国在哪儿，他名叫什么，我都已经忘记。他没有儿子，只有一个独生女儿，这姑娘经常生病，没有一个医生能治好她。预言家告诉国王，他女儿要吃了苹果，才会恢复健康。国王决定，谁给女儿吃了苹果健康起来，就让谁娶她做妻子，并且继承王位。</p><p>	一对有三个儿子的夫妇听见这件事，丈夫便对大儿子说：“去园子里摘一篮漂亮的红苹果，送进宫里边，没准儿公主吃了能健康起来哩。这样你就可以娶她，并且当国王呐。</p><p>	”小伙子照着做了，上了路，他走了一会儿，碰见个胡子花白的小矮人儿，小矮人问他篮子里提着什么。鸟利——小伙子叫这个名字——回答说：“蛤蟆腿儿呗。”“那就让它是，而且永远是吧！”小矮人儿说完便走了。</p><p>	鸟利终于到了宫门前，让人报告国王说他送来了苹果，公主吃了会变得健康起来。国王听了很高兴，传鸟利进去，可是妈呀！篮子一揭开，苹果已不知去向，篮里只有蛤蟆腿儿，还一抽一搐地动哩。国王勃然大怒，下令撵他出宫。</p><p>鸟利回到家，对父亲讲了事情的经过，老头子只好再派二儿塞默去。可塞默的遭遇跟鸟利完全一样。他也碰上花白胡子的小矮人儿，问他篮子里提着什么，他回答：“猪鬃呗。”“那就让它是，而且永远是吧！”小矮人儿说。塞默来到宫前，卫兵说已经有人来愚弄过他们，塞默坚持请求，说他真有那样的苹果，求他们一定放他进去。卫士终于相信了他，把他带到国王面前。谁知他一揭开篮子，里面竟全是猪鬃！这一来国王更气坏了，下令用鞭子把塞默抽出宫去。到家后，他讲了事情经过。这时被大伙儿唤做“傻瓜汉斯”的小儿子走过来，问父亲允不允许他也送苹果去。“嗨，”父亲说，“你哪里适合哟！两个聪明的哥哥都没办到，你还能干什么？”可是小伙子不甘休：“唉，爸爸，我也想去啊！”“给我走开，你这傻小子，你得变聪明了再说。”父亲回答，说完转身想走开。汉斯却拽住他的衣服，说：“唉，爸爸，我也想去啊！”“好好好，随你去吧，你也会空着手回来的！”父亲的回答已很不耐烦，小伙子却高兴得跳起来。“瞧你一副傻样儿，而且一天比一天笨。”父亲又说，汉斯听着无动于衷，照样地非常高兴。可是天很快黑了，汉斯想，等到明天再说吧，今天反正到不了王宫。夜里他躺在床上睡不着，后来终于迷糊了一会儿，却做起梦来，梦见了美丽的公主、一座座宫殿、金子银子和其它珍宝。第二天一大早他上了路，很快又碰见那个奇怪的小矮人儿，穿着件灰褂子，问他提篮里装的是什么。汉斯回答是苹果，送去给公主治病吃的。“喏，”小矮人儿说，“是就是，永远不变！”谁知在宫前，人家硬不放汉斯进去，因为已经来过两个家伙，说的是送苹果来，结果一个只有蛤蟆腿儿，一个只有猪鬃。汉斯坚持不懈，说他送来的不是蛤蟆腿儿，而是全国长得最好的苹果。他讲得那么诚恳，卫士想，这人大概不会撒谎，便放他进了宫。他们做对了，因为汉斯当着国王的面揭开篮子，里面果然是黄黄的金苹果。国王很高兴，马上叫人给公主送去，然后紧张地期待着送来结果，想知道效果怎么样。没过多久，果然有人送报告来了，可请各位猜一猜：来的人是谁？原来是公主自己！她一吃下苹果，立刻健康地跳下了床，国王一见，高兴得没法形容。可是现在他还不肯把公主嫁给汉斯，他要他先造一条船，这船在旱地上要比在水中驶得更灵便。汉斯接受这个条件，回家讲了事情经过。父亲于是派老大鸟利去林里，造这样一艘船。鸟利努力干起来，边干边吹口哨。中午，太阳已经当顶，那灰白胡子的小矮人儿来问他在做什么，鸟利回答：“木勺儿。”“那就让它是，而且永远是吧！”小矮人说。晚上，鸟利以为船做好了，可等他坐进去，船却完全变成了一只木勺子。第二天，塞默去林子里，可是结果和鸟利完全一样。第三天，傻瓜汉斯去了。他干得十分认真，整个森林都回荡着他劈木料的有力声响，他一边干还一边快乐地唱歌和吹口哨。中午酷热难当的时候，小矮人儿又来了，他问汉斯在干啥。“做一艘船，一艘在旱地上比水里还更灵活的船。”汉斯回答，说他只要把船造好了，就可以娶公主做妻子。“喏，”小矮人儿说，“那就让它是，而且永远是吧！”傍晚，夕阳美得像黄金一样时，汉斯造好了船和有关的用具。他坐在船里划向王宫，船跑得像风一样快。国王老远看见了，可是仍不肯把女儿嫁给汉斯，说他必须先去牧放一百只兔子，从早放到晚，如果跑丢了一只，他就甭想娶公主。汉斯同意了，第二天便带着兔子去草地上，十分留心不让任何一只跑掉。过了几个小时，宫里走来一个使女，叫汉斯快给她一只兔子，她要拿去招待客人。可汉斯看透了她的用心，回答说不能给她，国王可以明天再用胡椒兔丁待客嘛。使女再三恳求，最后竟哭了起来。汉斯于是说，如果公主亲自来要，他愿给她一只。使女回宫报告，公主自己果然来了。可在这之前，那小矮人儿又来问汉斯在干什么，嗨，他说得在这儿放一百只兔子，只有一只不丢失，他才能娶公主、当国王。“好。”小矮人儿回答，“这儿给你一支笛子，要是一只兔子跑了，你吹一下它就会回来。”公主到了草地上，汉斯给她一只兔子，放在她的围裙里。可是她走出大约一百步，汉斯吹起了笛子，那小兔就从她围裙里跳出来，呼地一下跑回兔群里去了。到了晚上，汉斯又吹了一次笛子，看清楚所有兔子都在，便赶它们回王宫。国王惊讶汉斯竟然能放一百只兔子一只不丢，可尽管这样还是不肯把女儿给他，要叫他再去偷一根怪鸟格莱弗尾巴上的羽毛来。汉斯马上动身，努力往前赶路。傍晚他走到一座府邸前，请求借宿。因为那时候还没有旅馆。主人很高兴地答应了，问他去什么地方，汉斯回答：“去找怪鸟格莱弗。”“噢，找怪鸟格莱弗！人说格莱弗啥都知道。我丢了一把开铁箱的钥匙，劳你驾，替我问问它在哪儿好吗？”“当然可以，”汉斯回答，“我一定替你问。”第二天一早他继续往前走，半路上又到另一座宫堡投宿。堡主听说他要去怪鸟格莱弗那儿，就讲他家的女儿病了，用尽所有的药全不见效，求他行行好，问一问格莱弗，什么才能治好女儿的病。汉斯回答很乐意替他问，然后又继续往前走。他走到一条河边，那儿没有渡船，只有一个大高个汉子背所有人过河去。这汉子问汉斯去哪里，“去找怪鸟格莱弗，”汉斯回答。“喏，”汉子说，“你到了它那里，代我问一问我为什么必须背所有的人过河。”“好的，”汉斯回答，“上帝保佑，我一定代你问。”大高个儿把汉斯放在肩上，扛过河去，汉斯终于走到了格莱弗家，可只有格莱弗的妻子在家里，它自己不在。它妻子问汉斯干什么来了，汉斯向她讲了一切：他自己要怪鸟尾巴上一根羽毛；一座府邸的主人丢了钱箱的钥匙，请他代问格莱弗钥匙在什么地方；另外一位堡主的女儿生了病，请问什么能治好她的病；离此地不远有一条河，那儿有个大汉背所有的人过河，请他问他为什么必须背。格莱弗的妻子说：“你瞧，好朋友，没有人能和格莱弗讲话，它会把他们全吃掉。你想办成事，就只好钻到它床底下，夜里等它睡熟了，再伸手拔它一根尾巴毛；你想知道的那些事，我愿意替你问。”汉斯完全同意，便钻到了床底下。晚上格莱弗回家来，一进屋就说：“太太，我嗅到一个基督徒的气味儿！”“是的，”这妻子回答，“今天是来过一个基督徒，可他又走了。”格莱弗听了没再讲什么。半夜，神鸟鼾声大作，汉斯伸出手来，拔了它尾巴上的一根毛。怪鸟一下痛醒了，叫道：“太太，我嗅到一个基督徒的气味了，还觉得有谁在拽我尾巴！”它妻子回答：“你一定是在做梦，我已经告诉你，今天来过一个基督徒，可他又走了。他向我讲了各式各样的事情，说一座府邸里开钱箱的钥匙丢了，怎么找也找不着。”“噢，这些傻瓜，”怪鸟格莱弗说，“钥匙在柴屋里门背后的一堆木头下边呗。”“他还说一座宫堡的小姐病了，用什么办法都治不好啊。”“噢，这些傻瓜，”格莱弗说，“在地窖的楼梯下有只癞蛤蟆，它用姑娘的头发做了窝。她把头发取回去，病就会好喽。”——“他还说离这儿不远有一条河，河边有个汉子不得不背所有的人过河去。”“噢，这个傻瓜，”怪鸟说，“他只要有一次把背的人丢在河中间，就不用背任何人啦。”第二天一大早，格莱弗起来走了。这时汉斯从床下爬了出来，他已得到一根美丽的羽毛，也听见了怪鸟讲的关于钥匙、病女孩和大高个儿的话。格莱弗的妻子再对他重述了一遍，免得他忘记。随后，他便往回走，先来到河边的大高个儿那里，大高个儿立刻问怪鸟格莱弗讲了什么，汉斯回答，他得先背他过河去，过了河他会告诉他的。大高个儿背汉斯过去了，汉斯才对他说，他只要把随便一个人丢在河中间，就不用再背任何人了。大高个儿非常高兴，对汉斯说为了对他表示感谢，愿意再背他一个来回。汉斯回答，不，不劳驾了，他对大高个儿已挺满意，说完就走了。接着他来到有小姐生病的宫堡，因为她不能走路，就背她走到地窖的楼梯下，取出底下的蛤蟆窝，把它塞进小姐手里，她马上从汉斯背上跳了下来，抢先跑上了楼梯，病完全好了。她的父母高兴极了，要送给汉斯金子银子，他要多少就给多少。汉斯又走到那座府邸，马上去柴屋门背后的一堆木头下找到钥匙，把它交给了主人。主人也异常高兴，为报答汉斯，从钱箱里取出许多金子来送他，还加上母牛、绵羊、山羊等各种各样的东西。就这样，汉斯带着钱、金子、银子、母牛、绵羊、山羊等等东西回到了国王那儿。国王见了问这么多东西从哪儿来的，汉斯回答，格莱弗给的，要多少给多少。国王心想，他也可以这么干呀，便马上动身去了。谁料他走到河边，正好赶上汉斯走后的头一个，那大高个儿于是把他丢在河中间自己走了，国王被淹死在河里。汉斯娶了公主，当上了国王。</p>',1,'2022-01-10 15:39:30','2022-01-10 07:39:30'),(78,78,'','<p>	从前有一个世界上最坏的家伙，叫作\"魔鬼\",他做出了一面颠倒黑白的镜子，明明是美丽的东西，在这镜子前一照，结果就变成了最丑陋的东西，魔鬼替这个镜子到处做宣传，结果强盗变成英雄，妖女变美人，丑蛤蟆当上国王，善良变罪犯，世界就让这个魔鬼给歪曲了。</p><p>	魔鬼非常得意，想要带着镜子去把上帝变小丑，天使变怪物，当他快要飞到天国的时候，镜子竟怪笑起来，魔鬼无法控制，一不小心那面镜子就从魔鬼手上掉下来，摔成无数个碎片，满世界乱飞，黏在每一个它们碰到的东西上。</p><p>	就这样，镜子的碎片飞到人的眼睛里，这个人就看什么都不顺眼，有的碎片还钻进人的心里，他的心立刻就便成冰块，变得毫无感情，冷冰冰的，有些碎片甚至被做成眼镜，人们戴上后~明亮的东西就便成黑暗的。</p><p>	在一个大城市里，有一个男孩叫加伊，一个女孩叫格尔达，他们的家连在一起，是非常要好的<span style=\"color: rgb(51, 51, 51);\">朋友</span>，在<span style=\"color: rgb(51, 51, 51);\">冬天</span><a href=\"http://www.ppzuowen.com/s/ziran/xiaxue/\" rel=\"noopener noreferrer\" target=\"_blank\" style=\"color: rgb(51, 51, 51);\">雪花</a>飞舞时的一个晚上，加伊忽然看见窗外有一片很大的<a href=\"http://www.ppzuowen.com/s/ziran/xiaxue/\" rel=\"noopener noreferrer\" target=\"_blank\" style=\"color: rgb(51, 51, 51);\">雪花</a>飘落在桥上，越变越大，最后竟变成了一个女人，她披着白雪披纱，身体发出闪耀的光亮，两眼也闪闪发光，她向加伊招手，加伊赶紧低下头，心里很害怕，这时，她就飞走了，待<a href=\"http://www.ppzuowen.com/s/siji/dongtian/\" rel=\"noopener noreferrer\" target=\"_blank\" style=\"color: rgb(51, 51, 51);\">冬天</a>过去后，某天加伊去找格尔达，两个人一起看画册时，外面的钟声响起来，加伊就把头伸出窗口，</p><p>	随风飞扬的镜子碎片就掉进他的眼里，钻到他的心里，善良的加伊立刻变成了无情的人，他的心变成冰块了，从此他再也不跟格尔达好了，而且还常常欺负讥笑她。</p><p>	又一个下着雪的冬天到来了，可怜的格尔达因为加伊不理她而在家里伤心的哭泣，而加伊则是背着雪橇去广场上滑雪，这时，一架大雪橇滑过加伊的身边，大雪橇上的人对加伊笑，原来她就是全身闪着白光，非常有名的冰雪皇后。她的皮帽皮靴全是用白雪做的，冰雪皇后对加伊说：来吧!到我的皮衣里暖和暖和，加伊钻进了冰雪皇后的皮大衣里，她在加伊的头上吻了一下说：现在你不冷了吧!他感到冰雪皇后的吻像一块冰放在他的心里，于是他就把所有事情都忘记了。冰雪皇后让他坐在大雪橇上，带着他一起飞向天空。</p><p>	<span style=\"color: rgb(51, 51, 51);\">春天</span>到了，加伊跟着冰雪皇后走了，大家认为他可能已经死了，格尔达也这样想，所以哭的更伤心了，可是燕子和太阳光认为加伊只是到远方了，可能没有死， 于是，一天早晨，格尔达穿上她最心爱的红鞋，决定出发去找加伊，她来到城边，坐在小船上，她把红鞋扔到河中心送给小河，要小河带她去找加伊，不久，小船把她带到一个很大的樱桃园，有一间茅草屋顶的房子，里面住着一个长得很古怪的老巫婆，格尔达把寻找加伊的事告诉老巫婆，巫婆要格尔达不要太伤心，并收留她住几天，第二天，巫婆希望格尔达不要太伤心，所以施了魔法让她把所有事都忘记了。</p><p>	一天，格尔达看见巫婆帽子上的玫瑰花，想起了她曾跟加伊说过要亲手编织玫瑰花礼帽送给他的事，于是她去问<a href=\"http://www.ppzuowen.com/s/fengjing/huayuan/\" rel=\"noopener noreferrer\" target=\"_blank\" style=\"color: rgb(51, 51, 51);\">花园</a>里的玫瑰花，知不知到加伊在哪?玫瑰说不知道，可是它确定加伊没有死，因为他并没有被埋在土地下，格尔达决定逃离樱桃园，当她逃出来时，发现已经是<a href=\"http://www.ppzuowen.com/s/siji/qiutian/\" rel=\"noopener noreferrer\" target=\"_blank\" style=\"color: rgb(51, 51, 51);\">秋天</a>了，她连鞋都没穿，感到脚很痛，但是她还是要快去找加伊!</p><p>	冬天的大雪已有半寸厚，格尔达又冷又累，此时遇见一只乌鸦，于是她问乌鸦知不知到加伊的下落?乌鸦告诉她说：加伊因为答对了王宫公主的征婚问题，所以举办了盛大的婚礼，现在已是王子了，于是格尔达要乌鸦带她去王宫里面，结果发现王子不是加伊，公主因为同情格尔达，所以送给她用金子做的马车，一双厚手套，还有车夫及一队随从，格尔达坐着马车，穿过浓密的树林时，躲藏在岩石后面的强盗发现了金马车， 他们打败了所有人，强盗的头头是个又高又胖的女强盗，正当她想杀了格尔达时，女强盗的小女儿求情饶了格尔达一命。</p><p>	所以她们就一起坐上马车，朝强盗的山洞驶去，山洞里有一百只鸽子栖息在木板上，山洞顶上挂着两个鸟笼，里面关着两对花斑鸠，靠洞角外有一只大驯鹿，格尔达跟小女孩说了寻找加伊的事，第二天，小女孩心想要怎样说服强盗，让格尔达去找加伊，这时，有一只花斑鸠忽然说：咕咕，我知道加伊在什么地方，我看见加伊坐在冰雪皇后的雪橇上，往北边飞去，大概在北冰洋的岛上了，小女孩和格尔达就去问驯鹿如何去到那里，驯鹿说：要到冰雪皇后的宫殿去，必须先到拉普兰德， 于是小女孩让强盗们喝醉了，又拿了两块面包和一大块火腿给格达尔，要她坐在驯鹿上快逃走，驯鹿在冰天雪地里奔驰，远处的北极光发出<a href=\"http://www.ppzuowen.com/s/ziran/shandian/\" rel=\"noopener noreferrer\" target=\"_blank\" style=\"color: rgb(51, 51, 51);\">闪电</a>一样的蓝色火焰，粮食吃完了就到了拉普兰德。</p><p>	格达尔和驯鹿来到了一间小屋子前停下来，小屋子有一个老婆婆，驯鹿把格尔达的事说给她听，她要他们俩吃点东西，因为要到冰雪皇后的宫殿，还要走一千五百多里路，那里有一个叫芬马克的地方，冰雪皇后正在那休假，她每天都要放射出极光的蓝色火焰，驯鹿出发前，老婆婆拿出一捆干鳕鱼卷，在上面写了一些字，把它捆在驯鹿的背上，他们就挥别了老婆婆，不久就到了芬马克，来到了芬兰女人的家里，她的屋子里非常的热，女人打开鳕鱼卷读完后，就把鳕鱼干煮来吃了，格尔达问女人知不知道加伊的下落?女人说：加伊在冰雪皇后的宫殿里，因为他心里有一块镜子的碎片，眼里也有碎片渣的缘故，所以看什么都不顺眼，是个冰块，只有取出碎片，他才能成为一个真正的人，不然他就只能永远待在冰雪皇后的宫殿里，你有一颗孩子天真善良的心，这就是你的力量，从这到宫殿只有六里路，快让驯鹿带你去吧!驯鹿把格尔达带到雪地里的一丛灌木旁，就让格尔达自己往前走了，格尔达站在寒风呼啸的旷野里，雪花不停的向她扑来，雪花奇形怪状的向她进攻，因为它们是冰雪皇后的战士，正在守卫宫殿!格尔达的精神感动了上帝，上帝就派天使安琪儿帮她打败那些雪花战士们。</p><p>	冰雪皇后的宫殿非常宽大，所有东西都是冰雪做成，像透明的玻璃一样闪闪发亮，大厅里有一个结冰的湖，这就是世界上的理智之湖， 冰雪皇后坐在中间，观察世界上所发生的一切事情。</p><p>	加伊在离皇后不远的地方玩七巧板，他的脸已经被冻得发出青黑的颜色，冰雪皇后对加伊说：如果可以拼出\"永恒\"两个字，你就是自己真正的主人，你就自由了，说完话，冰雪皇后就飞走了，要赶着去替火山降温，格尔达走进宫里认出加伊，格尔达非常高兴地扑过去，可是加伊却冷冰冰没有任何反应，格尔达伤心的哭起来，她的眼泪像流不尽的温泉，流进加伊的心里，直到把心里的镜子碎片都融化掉，这时加伊的眼睛活动起来，开始望着格尔达，格尔达于是唱起从前加伊最爱听的歌：“当玫瑰花开时，我们见到了上帝”加伊听到歌声，忽然大哭起来，热泪也融出了在他眼里的碎片渣，他终于认出格尔达，他们紧紧拥抱着，连四周的冰块也为他们跳起欢的舞，当他们疲倦躺下时，两人刚好形成了\"永恒\"的图案，加伊现在自由了，他挽起格尔达的手，一起走出冰雪皇后的宫殿，发现驯鹿正等着他们，驯鹿带他们到芬兰女人的家中，然后又到拉普兰德的老婆婆那，她已经为他们准备了新衣服和新雪橇，他们带着感谢告别了老婆婆，开始回家了。</p><p>	春天来了，格尔达和加伊回到家，他们手拉手，一起坐在小桥上，感到非常幸福!</p>',1,'2022-01-10 15:42:08','2022-01-10 07:42:08'),(79,79,'','<p>	许多年以前有一位皇帝，他非常喜欢穿好看的新衣服。他为了要穿得漂亮，把所有的钱都花到衣服上去了，他一点也不关心他的军队，也不喜欢去看戏。除非是为了炫耀一下新衣服，他也不喜欢乘着马车逛公园。他每天每个钟头要换一套新衣服。人们提到皇帝时总是说：“皇上在会议室里。”但是人们一提到他时，总是说：“皇上在更衣室里。”</p><p>	在他住的那个大城市里，生活很轻松，很愉快。每天有许多外国人到来。有一天来了两个骗子。他们说他们是织工。他们说，他们能织出谁也想象不到的最美丽的布。这种布的色彩和图案不仅是非常好看，而且用它缝出来的衣服还有一种奇异的作用，那就是凡是不称职的人或者愚蠢的人，都看不见这衣服。</p><p>	“那正是我最喜欢的衣服！”皇帝心里想。“我穿了这样的衣服，就可以看出我的王国里哪些人不称职；我就可以辨别出哪些人是聪明人，哪些人是傻子。是的，我要叫他们马上织出这样的布来！”他付了许多现款给这两个骗子，叫他们马上开始工作。</p><p>	他们摆出两架织机来，装做是在工作的样子，可是他们的织机上什么东西也没有。他们接二连三地请求皇帝发一些最好的生丝和金子给他们。他们把这些东西都装进自己的腰包，却假装在那两架空空的织机上忙碌地工作，一直忙到深夜。</p><p>	“我很想知道他们织布究竟织得怎样了，”皇帝想。不过，他立刻就想起了愚蠢的人或不称职的人是看不见这布的。他心里的确感到有些不大自在。他相信他自己是用不着害怕的。虽然如此，他还是觉得先派一个人去看看比较妥当。全城的人都听说过这种布料有一种奇异的力量，所以大家都很想趁这机会来测验一下，看看他们的邻人究竟有多笨，有多傻。</p><p>	“我要派诚实的老部长到织工那儿去看看，”皇帝想。“只有他能看出这布料是个什么样子，因为他这个人很有头脑，而且谁也不像他那样称职。”</p><p>	因此这位善良的老部长就到那两个骗子的工作地点去。他们正在空空的织机上忙忙碌碌地工作着。</p><p>	“这是怎么一回事儿？”老部长想，把眼睛睁得有碗口那么大。</p><p>	“我什么东西也没有看见！”但是他不敢把这句话说出来。</p><p>	那两个骗子请求他走近一点，同时问他，布的花纹是不是很美丽，色彩是不是很漂亮。他们指着那两架空空的织机。</p><p>	这位可怜的老大臣的眼睛越睁越大，可是他还是看不见什么东西，因为的确没有什么东西可看。</p><p>	“我的老天爷！”他想。“难道我是一个愚蠢的人吗？我从来没有怀疑过我自己。我决不能让人知道这件事。难道我不称职吗？——不成；我决不能让人知道我看不见布料。”</p><p>	“哎，您一点意见也没有吗？”一个正在织布的织工说。</p><p>	“啊，美极了！真是美妙极了！”老大臣说。他戴着眼镜仔细地看。“多么美的花纹！多么美的色彩！是的，我将要呈报皇上说我对于这布感到非常满意。”</p><p>	“嗯，我们听到您的话真高兴，”两个织工一起说。他们把这些稀有的色彩和花纹描述了一番，还加上些名词儿。这位老大臣注意地听着，以便回到皇帝那里去时，可以照样背得出来。事实上他也就这样办了。</p><p>	这两个骗子又要了很多的钱，更多的丝和金子，他们说这是为了织布的需要。他们把这些东西全装进腰包里，连一根线也没有放到织机上去。不过他们还是继续在空空的机架上工作。</p><p>	过了不久，皇帝派了另一位诚实的官员去看看，布是不是很快就可以织好。他的运气并不比头一位大臣的好：他看了又看，但是那两架空空的织机上什么也没有，他什么东西也看不出来。</p><p>	“您看这段布美不美？”两个骗子问。他们指着一些美丽的花纹，并且作了一些解释。事实上什么花纹也没有。</p><p>	“我并不愚蠢！”这位官员想。“这大概是因为我不配担当现在这样好的官职吧？这也真够滑稽，但是我决不能让人看出来！”因此他就把他完全没有看见的布称赞了一番，同时对他们说，他非常喜欢这些美丽的颜色和巧妙的花纹。“是的，那真是太美了，”他回去对皇帝说。</p><p>	城里所有的人都在谈论这美丽的布料。</p><p>	当这布还在织的时候，皇帝就很想亲自去看一次。他选了一群特别圈定的随员——其中包括已经去看过的那两位诚实的大臣。这样，他就到那两个狡猾的骗子住的地方去。这两个家伙正以全副精神织布，但是一根线的影子也看不见。“您看这不漂亮吗？”那两位诚实的官员说。“陛下请看，多么美丽的花纹！多么美丽的色彩！”他们指着那架空空的织机，因为他们以为别人一定会看得见布料的。</p><p>	“这是怎么一回事儿呢？”皇帝心里想。“我什么也没有看见！这真是荒唐！难道我是一个愚蠢的人吗？难道我不配做皇帝吗？这真是我从来没有碰见过的一件最可怕的事情。”</p><p>	“啊，它真是美极了！”皇帝说。“我表示十二分地满意！”</p><p>	于是他点头表示满意。他装做很仔细地看着织机的样子，因为他不愿意说出他什么也没有看见。跟他来的全体随员也仔细地看了又看，可是他们也没有看出更多的东西。不过，他们也照着皇帝的话说：“啊，真是美极了！”他们建议皇帝用这种新奇的、美丽的布料做成衣服，穿上这衣服亲自去参加快要举行的游行大典。“真美丽！真精致！真是好极了！”每人都随声附和着。每人都有说不出的快乐。皇帝赐给骗子每人一个爵士的头衔和一枚可以挂在纽扣洞上的勋章；并且还封他们为“御聘织师”。</p><p>	第二天早晨游行大典就要举行了。在头天晚上，这两个骗子整夜不睡，点起16支蜡烛。你可以看到他们是在赶夜工，要完成皇帝的新衣。他们装做把布料从织机上取下来。他们用两把大剪刀在空中裁了一阵子，同时又用没有穿线的针缝了一通。最后，他们齐声说：“请看！新衣服缝好了！”</p><p>	皇帝带着他的一群最高贵的骑士们亲自到来了。这两个骗子每人举起一只手，好像他们拿着一件什么东西似的。他们说：“请看吧，这是裤子，这是袍子！这是外衣！”等等。“这衣服轻柔得像蜘蛛网一样：穿着它的人会觉得好像身上没有什么东西似的——这也正是这衣服的妙处。”</p><p>	“一点也不错，”所有的骑士们都说。可是他们什么也没有看见，因为实际上什么东西也没有。</p><p>	“现在请皇上脱下衣服，”两个骗子说，“我们要在这个大镜子面前为陛下换上新衣。</p><p>	皇帝把身上的衣服统统都脱光了。这两个骗子装做把他们刚才缝好的新衣服一件一件地交给他。他们在他的腰围那儿弄了一阵子，好像是系上一件什么东西似的：这就是后裾就是拖在礼服后面的很长的一块布；它是封建时代欧洲贵族的一种装束。）。皇帝在镜子面前转了转身子，扭了扭腰肢。</p><p>	“上帝，这衣服多么合身啊！式样裁得多么好看啊！”大家都说。“多么美的花纹！多么美的色彩！这真是一套贵重的衣服！”</p><p>	“大家已经在外面把华盖准备好了，只等陛下一出去，就可撑起来去游行！”典礼官说。</p><p>	“对，我已经穿好了，”皇帝说，“这衣服合我的身么？”于是他又在镜子面前把身子转动了一下，因为他要叫大家看出他在认真地欣赏他美丽的服装。那些将要托着后裾的内臣们，都把手在地上东摸西摸，好像他们真的在拾其后裾似的。他们开步走，手中托着空气——他们不敢让人瞧出他们实在什么东西也没有看见。</p><p>	这么着，皇帝就在那个富丽的华盖下游行起来了。站在街上和窗子里的人都说：“乖乖，皇上的新装真是漂亮！他上衣下面的后裾是多么美丽！衣服多么合身！”谁也不愿意让人知道自己看不见什么东西，因为这样就会暴露自己不称职，或是太愚蠢。皇帝所有的衣服从来没有得到这样普遍的称赞。</p><p>	“可是他什么衣服也没有穿呀！”一个小孩子最后叫出声来。</p><p>	“上帝哟，你听这个天真的声音！”爸爸说。于是大家把这孩子讲的话私自低声地传播开来。</p><p>	“他并没有穿什么衣服！有一个小孩子说他并没有穿什么衣服呀！”</p><p>	“他实在是没有穿什么衣服呀！”最后所有的老百姓都说。</p><p>	皇帝有点儿发抖，因为他似乎觉得老百姓所讲的话是对的。不过他自己心里却这样想：“我必须把这游行大典举行完毕。”因此他摆出一副更骄傲的神气，他的内臣们跟在他后面走，手中托着一个并不存在的后裾。</p><p>	（1837年）</p><p>	--------</p><p>	这篇故事写于1837年，和同年写的另一起童话《海的女儿》合成一本小集子出版。这时安徒生只有32岁，也就是他开始创作童话后的第三年（他30岁时才开始写童话）。但从这篇童话中可以看出，安徒生对社会的观察是多么深刻。他在这里揭露了以皇帝为首的统治阶级是何等虚荣、铺张浪费，而且最重要的是，何等愚蠢。骗子们看出了他们的特点，就提出“凡是不称职的人或者愚蠢的人，都看不见这衣服。”他们当然看不见，因为根本就没有什么衣服。但是他们心虚，都怕人们发现他们既不称职，而又愚蠢，就异口同声地称赞那不存在的衣服是如何美丽，穿在身上是如何漂亮，还要举行一个游行大典，赤身露体，招摇过市，让百姓都来欣赏和诵赞。不幸这个可笑的骗局，一到老百姓面前就被揭穿了。“皇帝”下不了台，仍然要装腔作势，“必须把这游行大典举行完毕”，而且“因此他还要摆出一副更骄傲的神气”。这种弄虚作假但极愚蠢的统治者，大概在任何时代都会存在。因此这篇童话在任何时候也都具有现实意义。</p>',1,'2022-01-10 15:44:15','2022-01-10 07:44:15'),(80,80,'','<p>	乡下真是非常美丽。这正是夏天！小麦是金黄的，燕麦是绿油油的。干草在绿色的牧场上堆成垛，鹳鸟用它又长又红的腿子在散着步，噜嗦地讲着埃及话。（注：因为据丹麦的民间传说，鹳鸟是从埃及飞来的。）这是它从妈妈那儿学到的一种语言。田野和牧场的周围有些大森林，森林里有些很深的池塘。的确，乡间是非常美丽的，太阳光正照着一幢老式的房子，它周围流着几条很深的小溪。从墙角那儿一直到水里，全盖满了牛蒡的大叶子。最大的叶子长得非常高，小孩子简直可以直着腰站在下面。像在最浓密的森林里一样，这儿也是很荒凉的。这儿有一只母鸭坐在窠里，她得把她的几个小鸭都孵出来。不过这时她已经累坏了。很少有客人来看她。别的鸭子都愿意在溪流里游来游去，而不愿意跑到牛蒡下面来和她聊天。</p><p>	最后，那些鸭蛋一个接着一个地崩开了。“噼！噼！”蛋壳响起来。所有的蛋黄现在都变成了小动物。他们把小头都伸出来。</p><p>	“嘎！嘎！”母鸭说。他们也就跟着嘎嘎地大声叫起来。他们在绿叶子下面向四周看。妈妈让他们尽量地东张西望，因为绿色对他们的眼睛是有好处的。</p><p>	“这个世界真够大！”这些年轻的小家伙说。的确，比起他们在蛋壳里的时候，他们现在的天地真是大不相同了。</p><p>	“你们以为这就是整个世界！”妈妈说。“这地方伸展到花园的另一边，一直伸展到牧师的田里去，才远呢！连我自己都没有去过！我想你们都在这儿吧？”她站起来。“没有，我还没有把你们都生出来呢！这只顶大的蛋还躺着没有动静。它还得躺多久呢？我真是有些烦了。”于是她又坐下来。</p><p>	“唔，情形怎样？”一只来拜访她的老鸭子问。</p><p>	“这个蛋费的时间真久！”坐着的母鸭说。“它老是不裂开。请你看看别的吧。他们真是一些最逗人爱的小鸭儿！都像他们的爸爸——这个坏东西从来没有来看过我一次！”</p><p>	“让我瞧瞧这个老是不裂开的蛋吧，”这位年老的客人说，“请相信我，这是一只吐绶鸡的蛋。有一次我也同样受过骗，你知道，那些小家伙不知道给了我多少麻烦和苦恼，因为他们都不敢下水。我简直没有办法叫他们在水里试一试。我说好说歹，一点用也没有！——让我来瞧瞧这只蛋吧。哎呀！这是一只吐绶鸡的蛋！让他躺着吧，你尽管叫别的孩子去游泳好了。”</p><p>	“我还是在它上面多坐一会儿吧，”鸭妈妈说，“我已经坐了这么久，就是再坐它一个星期也没有关系。”</p><p>	“那么就请便吧，”老鸭子说。于是她就告辞了。</p><p>	最后这只大蛋裂开了。“噼！噼！”新生的这个小家伙叫着向外面爬。他是又大又丑。鸭妈妈把他瞧了一眼。“这个小鸭子大得怕人，”她说，“别的没有一个像他；但是他一点也不像小吐绶鸡！好吧，我们马上就来试试看吧。他得到水里去，我踢也要把他踢下水去。”</p><p>	第二天的天气是又晴和，又美丽。太阳照在绿牛蒡上。鸭妈妈带着她所有的孩子走到溪边来。普通！她跳进水里去了。“呱！呱！”她叫着，于是小鸭子就一个接着一个跳下去。水淹到他们头上，但是他们马上又冒出来了，游得非常漂亮。他们的小腿很灵活地划着。他们全都在水里，连那个丑陋的灰色小家伙也跟他们在一起游。</p><p>	“唔，他不是一个吐绶鸡，”她说，“你看他的腿划得多灵活，他浮得多么稳！他是我亲生的孩子！如果你把他仔细看一看，他还算长得蛮漂亮呢。嘎！嘎！跟我一块儿来吧，我把你们带到广大的世界上去，把那个养鸡场介绍给你们看看。不过，你们得紧贴着我，免得别人踩着你们。你们还得当心猫儿呢！”</p><p>	这样，他们就到养鸡场里来了。场里响起了一阵可怕的喧闹声，因为有两个家族正在争夺一个鳝鱼头，而结果猫儿却把它抢走了。</p><p>	“你们瞧，世界就是这个样子！”鸭妈妈说。她的嘴流了一点涎水，因为她也想吃那个鳝鱼头。“现在使用你们的腿吧！”她说。“你们拿出精神来。你们如果看到那儿的一个老母鸭，你们就得把头低下来，因为她是这儿最有声望的人物。她有西班牙的血统——因为她长得非常胖。你们看，她的腿上有一块红布条。这是一件非常出色的东西，也是一个鸭子可能得到的最大光荣：它的意义很大，说明人们不愿意失去她，动物和人统统都得认识她。打起精神来吧——不要把腿子缩进去。一个有很好教养的鸭子总是把腿摆开的，像爸爸和妈妈一样。好吧，低下头来，说：‘嘎’呀！”</p><p>	他们这样做了。别的鸭子站在旁边看着，同时用相当大的声音说：</p><p>	“瞧！现在又来了一批找东西吃的客人，好像我们的人数还不够多似的！呸！瞧那只小鸭的一副丑相！我们真看不惯！”</p><p>	于是马上有一只鸭子飞过去，在他的脖颈上啄了一下。</p><p>	“请你们不要管他吧，”妈妈说，“他并不伤害谁呀！”</p><p>	“对，不过他长得太大、太特别了，”啄过他的那只鸭子说，“因此他必须挨打！”</p><p>	“那个母鸭的孩子都很漂亮，”腿上有一条红布的那个母鸭说，“他们都很漂亮，只有一只是例外。这真是可惜。我希望能把他再孵一次。”</p><p>	“那可不能，太太，”鸭妈妈回答说，“他不好看，但是他的脾气非常好。他游起水来也不比别人差——我还可以说，游得比别人好呢。我想他会慢慢长得漂亮的，或者到适当的时候，他也可能缩小一点。他在蛋里躺得太久了，因此他的模样有点不太自然。”她说着，同时在他的脖颈上啄了一下，把他的羽毛理了一理。“此外，他还是一只公鸭呢，”她说，“所以关系也不太大。我想他的身体很结实，将来总会自己找到出路的。”</p><p>	“别的小鸭倒很可爱，”老母鸭说，“你在这儿不要客气。如果你找到鳝鱼头，请把它送给我好了。”</p><p>	他们现在在这儿，就像在自己家里一样。</p><p>	不过从蛋壳里爬出的那只小鸭太丑了，到处挨打，被排挤，被讥笑，不仅在鸭群中是这样，连在鸡群中也是这样。</p><p>	“他真是又粗又大！”大家都说。有一只雄吐绶鸡生下来脚上就有距，因此他自以为是一个皇帝。他把自己吹得像一条鼓满了风的帆船，来势汹汹地向他走来，瞪着一双大眼睛，脸上涨得通红。这只可怜的小鸭不知道站在什么地方，或者走到什么地方去好。他觉得非常悲哀，因为自己长得那么丑陋，而且成了全体鸡鸭的一个嘲笑对象。</p><p>	这是头一天的情形。后来一天比一天糟。大家都要赶走这只可怜的小鸭；连他自己的兄弟姊妹也对他生气起来。他们老是说：“你这个丑妖怪，希望猫儿把你抓去才好！”于是妈妈也说起来：“我希望你走远些！”鸭儿们啄他。小鸡打他，喂鸡鸭的那个女佣人用脚来踢他。</p><p>	于是他飞过篱笆逃走了；灌木林里的小鸟一见到他，就惊慌地向空中飞去。“这是因为我太丑了！”小鸭想。于是他闭起眼睛，继续往前跑。他一口气跑到一块住着野鸭的沼泽地里。他在这儿躺了一整夜，因为他太累了，太丧气了。</p><p>	天亮的时候，野鸭都飞起来了。他们瞧了瞧这位新来的朋友。</p><p>	“你是谁呀？”他们问。小鸭一下转向这边，一下转向那边，尽量对大家恭恭敬敬地行礼。</p><p>	“你真是丑得厉害，”野鸭们说，“不过只要你不跟我们族里任何鸭子结婚，对我们倒也没有什么大的关系。”可怜的小东西！他根本没有想到什么结婚；他只希望人家准许他躺在芦苇里，喝点沼泽的水就够了。</p><p>	他在那儿躺了两个整天。后来有两只雁——严格地讲，应该说是两只公雁，因为他们是两个男的——飞来了。他们从娘的蛋壳里爬出来还没有多久，因此非常顽皮。</p><p>	“听着，朋友，”他们说，“你丑得可爱，连我（注：这儿的“我”（ｊｅｇ）是单数，跟前面的“他们说”不一致，但原文如此。）都禁不住要喜欢你了。你做一个候鸟，跟我们一块儿飞走好吗？另外有一块沼泽地离这儿很近，那里有好几只活泼可爱的雁儿。她们都是小姐，都会说：‘嘎！’你是那么丑，可以在她们那儿碰碰你的运气！”</p><p>	“噼！啪！”天空中发出一阵响声。这两只公雁落到芦苇里，死了，把水染得鲜红。“噼！啪！”又是一阵响声。整群的雁儿都从芦苇里飞起来，于是又是一阵枪声响起来了。原来有人在大规模地打猎。猎人都埋伏在这沼泽地的周围，有几个人甚至坐在伸到芦苇上空的树枝上。蓝色的烟雾像云块似地笼罩着这些黑树，慢慢地在水面上向远方漂去。这时，猎<img src=\"https://www.ppzuowen.com/uploads/allimg/c130811/13L20964Z43F-1C40.jpg\">都普通普通地在泥泞里跑过来，灯芯草和芦苇向两边倒去。这对于可怜的小鸭说来真是可怕的事情！他把头掉过来，藏在翅膀里。不过，正在这时候，一只骇人的大猎<img src=\"https://www.ppzuowen.com/uploads/allimg/c130811/13L20964Z43F-1C40.jpg\">紧紧地站在小鸭的身边。它的舌头从嘴里伸出很长，眼睛发出丑恶和可怕的光。它把鼻子顶到这小鸭的身上，露出了尖牙齿，可是——普通！普通！——它跑开了，没有把他抓走。</p><p>	“啊，谢谢老天爷！”小鸭叹了一口气，“我丑得连猎<img src=\"https://www.ppzuowen.com/uploads/allimg/c130811/13L20964Z43F-1C40.jpg\">也不要咬我了！”</p><p>	他安静地躺下来。枪声还在芦苇里响着，枪弹一发接着一发地射出来。</p><p>	天快要暗的时候，四周才静下来。可是这只可怜的小鸭还不敢站起来。他等了好几个钟头，才敢向四周望一眼，于是他急忙跑出这块沼泽地，拼命地跑，向田野上跑，向牧场上跑。这时吹起一阵狂风，他跑起来非常困难。</p><p>	到天黑的时候，他来到一个简陋的农家小屋。它是那么残破，甚至不知道应该向哪一边倒才好——因此它也就没有倒。狂风在小鸭身边号叫得非常厉害，他只好面对着它坐下来。它越吹越凶。于是他看到那门上的铰链有一个已经松了，门也歪了，他可以从空隙钻进屋子里去，他便钻进去了。</p><p>	屋子里有一个老太婆和她的猫儿，还有一只母鸡住在一起。她把这只猫儿叫“小儿子”。他能把背拱得很高，发出咪咪的叫声来；他的身上还能迸出火花，不过要他这样做，你就得倒摸他的毛。母鸡的腿又短又小，因此她叫“短腿鸡儿”。她生下的蛋很好，所以老太婆把她爱得像自己的亲生孩子一样。</p><p>	第二天早晨，人们马上注意到了这只来历不明的小鸭。那只猫儿开始咪咪地叫，那只母鸡也咯咯地喊起来。</p><p>	“这是怎么一回事儿？”老太婆说，同时朝四周看。不过她的眼睛有点花，所以她以为小鸭是一只肥鸭，走错了路，才跑到这儿来了。“这真是少有的运气！”她说，“现在我可以有鸭蛋了。我只希望他不是一只公鸭才好！我们得弄个清楚！”</p><p>	这样，小鸭就在这里受了三个星期的考验，可是他什么蛋也没有生下来。那只猫儿是这家的绅士，那只母鸡是这家的太太，所以他们一开口就说：“我们和这世界！”因为他们以为他们就是半个世界，而且还是最好的那一半呢。小鸭觉得自己可以有不同的看法，但是他的这种态度，母鸡却忍受不了。</p><p>	“你能够生蛋吗？”她问。</p><p>	“不能！”</p><p>	“那么就请你不要发表意见。”</p><p>	于是雄猫说：“你能拱起背，发出咪咪的叫声和迸出火花吗？”</p><p>	“不能！”</p><p>	“那么，当有理智的人在讲话的时候，你就没有发表意见的必要！”</p><p>	小鸭坐在一个墙角里，心情非常不好。这时他想起了新鲜空气和太阳光。他觉得有一种奇怪的渴望：他想到水里去游泳。最后他实在忍不住了，就不得不把心事对母鸡说出来。</p><p>	“你在起什么念头？”母鸡问。“你没有事情可干，所以你才有这些怪想头。你只要生几个蛋，或者咪咪地叫几声，那么你这些怪想头也就会没有了。”</p><p>	“不过，在水里游泳是多么痛快呀！”小鸭说。“让水淹在你的头上，往水底一钻，那是多么痛快呀！”</p><p>	“是的，那一定很痛快！”母鸡说，“你简直在发疯。你去问问猫儿吧——在我所认识的一切朋友当中，他是最聪明的——你去问问他喜欢不喜欢在水里游泳，或者钻进水里去。我先不讲我自己。你去问问你的主人——那个老太婆——吧，世界上再也没有比她更聪明的人了！你以为她想去游泳，让水淹在她的头顶上吗？”</p><p>	“你们不了解我，”小鸭说。</p><p>	“我们不了解你？那么请问谁了解你呢？你决不会比猫儿和女主人更聪明吧——我先不提我自己。孩子，你不要自以为了不起吧！你现在得到这些照顾，你应该感谢上帝。你现在到一个温暖的屋子里来，有了一些朋友，而且还可以向他们学习很多的东西，不是吗？不过你是一个废物，跟你在一起真不痛快。你可以相信我，我对你说这些不好听的话，完全是为了帮助你呀。只有这样，你才知道谁是你的真正朋友！请你注意学习生蛋，或者咪咪地叫，或者迸出火花吧！”</p><p>	“我想我还是走到广大的世界上去好，”小鸭说。</p><p>	“好吧，你去吧！”母鸡说。</p><p>	于是小鸭就走了。他一会儿在水上游，一会儿钻进水里去；不过，因为他的样子丑，所有的动物都瞧不其他。秋天到来了。树林里的叶子变成了黄色和棕色。风卷起它们，把它们带到空中飞舞，而空中是很冷的。云块沉重地载着冰雹和雪花，低低地悬着。乌鸦站在篱笆上，冻得只管叫：“呱！呱！”是的，你只要想想这情景，就会觉得冷了。这只可怜的小鸭的确没有一个舒服的时候。</p><p>	一天晚上，当太阳正在美丽地落下去的时候，有一群漂亮的大鸟从灌木林里飞出来，小鸭从来没有看到过这样美丽的东西。他们白得发亮，颈项又长又柔软。这就是天鹅。他们发出一种奇异的叫声，展开美丽的长翅膀，从寒冷的地带飞向温暖的国度，飞向不结冰的湖上去。</p><p>	他们飞得很高——那么高，丑小鸭不禁感到一种说不出的兴奋。他在水上像一个车轮似地不停地旋转着，同时，把自己的颈项高高地向他们伸着，发出一种响亮的怪叫声，连他自己也害怕起来。啊！他再也忘记不了这些美丽的鸟儿，这些幸福的鸟儿。当他看不见他们的时候，就沉入水底；但是当他再冒到水面上来的时候，却感到非常空虚。他不知道这些鸟儿的名字，也不知道他们要向什么地方飞去。不过他爱他们，好像他从来还没有爱过什么东西似的。他并不嫉妒他们。他怎能梦想有他们那样美丽呢？只要别的鸭儿准许他跟他们生活在一起，他就已经很满意了——可怜的丑东西。</p><p>	冬天变得很冷，非常的冷！小鸭不得不在水上游来游去，免得水面完全冻结成冰。不过他游动的这个小范围，一晚比一晚缩小。水冻得厉害，人们可以听到冰块的碎裂声。小鸭只好用他的一双腿不停地游动，免得水完全被冰封闭。最后，他终于昏倒了，躺着动也不动，跟冰块结在一起。</p><p>	大清早，有一个农民在这儿经过。他看到了这只小鸭，就走过去用木屐把冰块踏破，然后把他抱回来，送给他的女人。他这时才渐渐地恢复了知觉。</p><p>	小孩子们都想要跟他玩，不过小鸭以为他们想要伤害他。他一害怕就跳到牛奶盘里去了，把牛奶溅得满屋子都是。女人惊叫起来，拍着双手。这么一来，小鸭就飞到黄油盆里去了，然后就飞进面粉桶里去了，最后才爬出来。这时他的样子才好看呢！女人尖声地叫起来，拿着火钳要打他。小孩们挤做一团，想抓住这小鸭。他们又是笑，又是叫！——幸好大门是开着的。他钻进灌木林中新下的雪里面去。他躺在那里，几乎像昏倒了一样。</p><p>	要是只讲他在这严冬所受到困苦和灾难，那么这个故事也就太悲惨了。当太阳又开始温暖地照着的时候，他正躺在沼泽地的芦苇里。百灵鸟唱起歌来了——这是一个美丽的春天。</p><p>	忽然间他举起翅膀：翅膀拍起来比以前有力得多，马上就把他托起来飞走了。他不知不觉地已经飞进了一座大花园。这儿苹果树正开着花；紫丁香在散发着香气，它又长又绿的枝条垂到弯弯曲曲的溪流上。啊，这儿美丽极了，充满了春天的气息！三只美丽的白天鹅从树荫里一直游到他面前来。他们轻飘飘地浮在水上，羽毛发出飕飕的响声。小鸭认出这些美丽的动物，于是心里感到一种说不出的难过。</p><p>	“我要飞向他们，飞向这些高贵的鸟儿！可是他们会把我弄死的，因为我是这样丑，居然敢接近他们。不过这没有什么关系！被他们杀死，要比被鸭子咬、被鸡群啄，被看管养鸡场的那个女佣人踢和在冬天受苦好得多！”于是他飞到水里，向这些美丽的天鹅游去：这些动物看到他，马上就竖起羽毛向他游来。“请你们弄死我吧！”这只可怜的动物说。他把头低低地垂到水上，只等待着死。但是他在这清澈的水上看到了什么呢？他看到了自己的倒影。但那不再是一只粗笨的、深灰色的、又丑又令人讨厌的鸭子，而却是——一只天鹅！</p><p>	只要你曾经在一只天鹅蛋里待过，就算你是生在养鸭场里也没有什么关系。</p><p>	对于他过去所受的不幸和苦恼，他现在感到非常高兴。他现在清楚地认识到幸福和美正在向他招手。——许多大天鹅在他周围游泳，用嘴来亲他。</p><p>	花园里来了几个小孩子。他们向水上抛来许多面包片和麦粒。最小的那个孩子喊道：</p><p>	“你们看那只新天鹅！”别的孩子也兴高采烈地叫起来：“是的，又来了一只新的天鹅！”于是他们拍着手，跳起舞来，向他们的爸爸和妈妈跑去。他们抛了更多的面包和糕饼到水里，同时大家都说：“这新来的一只最美！那么年轻，那么好看！”那些老天鹅不禁在他面前低下头来。</p><p>	他感到非常难为情。他把头藏到翅膀里面去，不知道怎么办才好。他感到太幸福了，但他一点也不骄傲，因为一颗好的心是永远不会骄傲的。他想其他曾经怎样被人迫害和讥笑过，而他现在却听到大家说他是美丽的鸟中最美丽的一只鸟儿。紫丁香在他面前把枝条垂到水里去。太阳照得很温暖，很愉快。他扇动翅膀，伸直细长的颈项，从内心里发出一个快乐的声音：</p><p>	“当我还是一只丑小鸭的时候，我做梦也没有想到会有这么多的幸福！”</p><p>	（1844年）</p><p>	-----------</p><p>	这篇童话也收集在《新的童话》里。它是在安徒生心情不太好的时候写的。那时他有一个剧本《梨树上的雀子》在上演，像他当时写的许多其他的作品一样，它受到了不公正的批评。他在日记上说：“写这个故事多少可以使我的心情好转一点。”这个故事的主人公是一只“丑小鸭”——事实上是一只美丽的天鹅，但因为他生在一个鸭场里，鸭子觉得它与自己不同，就认为他很“丑”。其他的动物，如鸡、狗、猫也随声附和，都鄙视他。它们都根据自己的人生哲学来对他评头论足，说：“你真丑得厉害，不过只要你不跟我们族里任何鸭子结婚，对我们倒也没有什么大的关系。”它们都认为自己门第高贵，了不起，其实庸俗不堪。相反，“丑小鸭”却是非常谦虚，“根本没有想到什么结婚”。他觉得“我还是走到广大的世界上去好。”就在“广大的世界”里有天晚上他看见了“一群漂亮的大鸟从灌木林里飞出来……他们飞得很高——那么高，丑小鸭不禁感到说不出的兴奋。”这就是天鹅，后来天鹅发现“丑小鸭”是他们的同类，就“向他游来……用嘴来亲他。”原来“丑小鸭”自己也是一只美丽的天鹅，即使他“生在养鸭场里也没有什么关系。”这篇童话一般都认为是安徒生的一起自传，描写他童年和青年时代所遭受的苦难，他对美的追求和向往，以及他通过重重苦难后所得到的艺术创作上的成就和精神上的安慰。</p>',1,'2022-01-10 15:44:53','2022-01-10 07:44:53');
/*!40000 ALTER TABLE `b_book_content` ENABLE KEYS */;
UNLOCK TABLES;

--
-- Table structure for table `b_writer`
--

DROP TABLE IF EXISTS `b_writer`;
/*!40101 SET @saved_cs_client     = @@character_set_client */;
/*!50503 SET character_set_client = utf8mb4 */;
CREATE TABLE `b_writer` (
  `id` bigint unsigned NOT NULL AUTO_INCREMENT,
  `tid` bigint unsigned DEFAULT NULL,
  `name` varchar(64) COLLATE utf8mb4_general_ci DEFAULT NULL,
  `icon` varchar(255) COLLATE utf8mb4_general_ci DEFAULT NULL,
  `summary` varchar(255) COLLATE utf8mb4_general_ci DEFAULT NULL,
  `ex1` varchar(64) COLLATE utf8mb4_general_ci DEFAULT NULL,
  `words` longtext COLLATE utf8mb4_general_ci,
  `sort` int DEFAULT NULL,
  `status` int DEFAULT NULL,
  `created_at` datetime DEFAULT NULL,
  `updated_at` timestamp NULL DEFAULT CURRENT_TIMESTAMP,
  PRIMARY KEY (`id`),
  KEY `tid` (`tid`),
  CONSTRAINT `b_writer_ibfk_1` FOREIGN KEY (`tid`) REFERENCES `t_time_history` (`id`) ON DELETE CASCADE
) ENGINE=InnoDB AUTO_INCREMENT=34 DEFAULT CHARSET=utf8mb4 COLLATE=utf8mb4_general_ci;
/*!40101 SET character_set_client = @saved_cs_client */;

--
-- Dumping data for table `b_writer`
--

LOCK TABLES `b_writer` WRITE;
/*!40000 ALTER TABLE `b_writer` DISABLE KEYS */;
INSERT INTO `b_writer` (`id`, `tid`, `name`, `icon`, `summary`, `ex1`, `words`, `sort`, `status`, `created_at`, `updated_at`) VALUES (7,2,'安托万·德·圣埃克絮佩里','','1900年6月29日－1944年7月31日 法国作家、飞行员，生于里昂，以著作《小王子》闻名。1944年披甲对抗纳粹德军，于7月31日执行飞行任务时失踪，后获得“法兰西烈士”称号。其他著名的小说有《夜航》、《手斧少年》、《空军飞行员》等。',NULL,'',0,1,'2022-01-07 12:16:21','2022-01-07 04:17:37'),(8,4,'格林兄弟	','','',NULL,'',0,1,'2022-01-07 12:44:31','2022-01-07 04:44:31'),(9,6,'安徒生','','丹麦作家暨诗人，因为其童话作品而闻名于世，童话中带出含义，哲学家。其笔下著名的童话故事包括《冰雪女王》、《拇指姑娘》、《卖火柴的小女孩》、《丑小鸭》和《国王的新衣》等。安徒生生前获得皇家致敬，被高度赞扬为给予全欧洲的一代孩子带来了欢乐。他的作品被翻译为超过150种语言，成千上万册童话书在全球陆续发行出版。他的童话故事还激发了大量电影、舞台剧、芭蕾舞剧及动画的创作。',NULL,'',0,1,'2022-01-07 13:10:14','2022-01-07 05:10:14'),(10,8,'曹文轩','','1954年出生在江苏省盐城市，2016年获得安徒生奖，该奖素有诺贝尔儿童文学奖的美誉。',NULL,'',0,1,'2022-01-07 13:18:14','2022-01-07 05:18:14'),(11,10,'让-亨利·法布尔','','1823年12月22日－1915年10月11日\n法国博物学家、昆虫学家、科普作家，以《昆虫记》（Souvenirs entomologiques）一书留名后世，该书在法国自然科学史与文学史上都具重要地位，已译成多种不同语言。',NULL,'',0,1,'2022-01-07 13:26:22','2022-01-07 05:27:35'),(12,12,'J·R·R·托尔金','','1892年1月3日－1973年9月2日\n英国作家、诗人、语言学家及大学教授，以创作经典古典奇幻作品《霍比特人》、《魔戒》与《精灵宝钻》而闻名于世。',NULL,'',0,1,'2022-01-07 13:35:26','2022-01-07 05:35:26'),(13,14,'J·K·罗琳','','乔安娜·罗琳\n1965年7月31日－\n笔名J·K·罗琳（英语：J. K. Rowling）英国小说家、电影编剧及制片人，代表作为《哈利波特》系列作品。',NULL,'',0,1,'2022-01-07 13:42:21','2022-01-07 05:42:21'),(14,16,'吴承恩	','','1506年－1582年，字汝忠，号射阳山人或射阳居士，淮安府山阳县（今江苏省淮安市淮安区）人，吴承恩父亲吴国迁由安庆府桐城县高甸至淮安府山阳县。其代表作为《西游记》。',NULL,'',0,1,'2022-01-07 13:48:10','2022-01-07 05:48:10'),(15,18,'简·奥斯汀','','英语：Jane Austen，1775年12月16日－1817年7月18日\n英国小说家。\n她的五部主要作品诠释评论了18世纪末英国地主乡绅的生活。她出版的第二部小说《傲慢与偏见》是她在世时评价最高的作品。她小说中的情节常常反映了女性为追求社会地位和经济保障而把婚姻作为依靠。她的作品批评十八世纪下半叶的感性的小说，而且她的小说是十九世纪向现实主义转换的一部分。',NULL,'',0,1,'2022-01-07 13:53:40','2022-01-07 05:54:51'),(16,20,'玛格丽特·米切尔','','1900年11月8日－1949年8月16日，生于美国佐治亚州亚特兰大，美国文学家，世界文学名著《乱世佳人》的作者。',NULL,'',0,1,'2022-01-07 14:04:10','2022-01-07 06:04:10'),(17,22,'夏洛特·勃朗特','','1816年4月21日－1855年3月31日，19世纪英国女作家、诗人，世界文学著作《简·爱》的作者，勃朗特三姐妹之一。其作品革新了虚构小说的框架，是最早在故事中使用私我意识的作家，也是英国文学史上以女性呼声作为小说主题的第一人。',NULL,'',0,1,'2022-01-07 14:11:16','2022-01-07 06:11:16'),(18,24,'维克多·雨果','','1802年2月26日－1885年5月22日，法国浪漫主义文学的代表人物和19世纪前期积极浪漫主义文学运动的领袖，法国文学史上卓越的作家。雨果几乎经历了19世纪法国的所有重大事变。一生创作了众多诗歌、小说、剧本、各种散文和文艺评论及政论文章。代表作有《钟楼怪人》、《九三年》、和《悲惨世界》等。在法国，雨果主要以诗集纪念，如《静观集》和《历代传说》。他创作了4000多幅画，积极参与许多社会运动，如废除死刑。',NULL,'',0,1,'2022-01-07 14:37:02','2022-01-07 06:37:02'),(19,26,'列夫·托尔斯泰','','1828年9月9日－1910年11月20日，俄国小说家、哲学家、政治思想家，也是非暴力的基督教无政府主义者和教育改革家。他是托尔斯泰家族这个贵族家族中最有影响力的一位。',NULL,'',0,1,'2022-01-07 14:42:22','2022-01-07 06:42:22'),(20,28,'罗贯中','','罗贯中（1320年－1400年），名本，字彦直，另一字贯中，以字行，号湖海散人，元末明初通俗小说家，四大名著之一《三国演义》的编作者。',NULL,'',0,1,'2022-01-07 14:45:57','2022-01-07 06:45:57'),(21,30,'查尔斯·狄更斯','','1812年2月7日－1870年6月9日\n英国19世纪中期（维多利亚时代）作家、评论家。小说作品反映出个人的成长经验与社会的时代脉络，广受当时与后世评论家、学者及读者的认可与喜爱。',NULL,'',0,1,'2022-01-07 14:51:12','2022-01-07 06:51:12'),(22,32,'本杰明·富兰克林','','1706年1月17日－1790年4月17日\n出生于美国麻省波士顿，美国博学家、开国元勋之一。他是杰出的政治家、外交家、科学家、发明家，同时亦是出版商、印刷商、记者、作家、慈善家、共济会的成员。作为科学家，他因电学发现和理论成为美国启蒙时代和物理学史上重要人物。作为发明家，他因避雷针、双目眼镜、富兰克林壁炉等闻名。他创立了许多民间组织，包括费城消防站和宾夕法尼亚大学。',NULL,'',0,1,'2022-01-07 14:55:35','2022-01-07 06:55:35'),(23,35,'马克西姆·高尔基','','1868年3月28日－1936年6月18日，笔名马克西姆·高尔基，社会主义、现实主义文学奠基人，政治活动家。',NULL,'',0,1,'2022-01-07 15:04:20','2022-01-07 07:04:20'),(24,44,'儒勒·凡尔纳','','1828年2月8日－1905年3月24日，或译儒勒·凡尔纳，法国小说家、剧作家、诗人，现代科幻小说的重要开创者之一。他以其大量著作和突出贡献，被誉为“科幻小说之父”。',NULL,'',0,1,'2022-01-07 15:24:31','2022-01-07 07:24:31'),(25,48,'博多·舍费尔','','博多·舍费尔 1960年9月10日出生在德国科隆，16岁时移民美国。代表作《小狗钱钱 》。',NULL,'',0,1,'2022-01-07 15:33:36','2022-01-08 12:42:45'),(26,50,'金庸','','1924年3月10日－2018年10月30日，笔名金庸，籍贯浙江海宁，中国近现代著名的文学家和社会活动家，武侠小说泰斗，1948年起到终老，一直在香港生活。自1950年代起，其以笔名“金庸”创作多部脍炙人口的武侠小说，包括《射雕英雄传》、《神雕侠侣》、《倚天屠龙记》、《天龙八部》、《笑傲江湖》、《鹿鼎记》等。',NULL,'',0,1,'2022-01-07 15:38:50','2022-01-08 12:40:00'),(33,56,'海明威','','1899年7月21日－1961年7月2日\n\n美国、古巴记者和作家，他是20世纪最著名的小说家之一。海明威出生于美国伊利诺伊州芝加哥市郊区的奥克帕克，晚年在爱达荷州凯彻姆的家中自杀身亡。海明威一生中的感情错综复杂，先后结过四次婚，是美国“迷失的一代”作家中的代表人物，作品中对人生、世界、社会都表现出了迷茫和彷徨。','1899/7/21','',0,0,'2022-01-10 11:49:52','2022-01-24 12:51:09');
/*!40000 ALTER TABLE `b_writer` ENABLE KEYS */;
UNLOCK TABLES;

--
-- Table structure for table `s_admin`
--

DROP TABLE IF EXISTS `s_admin`;
/*!40101 SET @saved_cs_client     = @@character_set_client */;
/*!50503 SET character_set_client = utf8mb4 */;
CREATE TABLE `s_admin` (
  `id` bigint unsigned NOT NULL AUTO_INCREMENT,
  `rid` bigint unsigned DEFAULT NULL,
  `uname` varchar(64) DEFAULT NULL,
  `icon` varchar(64) DEFAULT NULL,
  `pwd` varchar(255) DEFAULT NULL,
  `status` int DEFAULT '1',
  `desc` varchar(255) DEFAULT NULL,
  `ex1` varchar(32) DEFAULT NULL COMMENT 'other info',
  `created_at` datetime DEFAULT CURRENT_TIMESTAMP,
  `updated_at` datetime DEFAULT NULL,
  PRIMARY KEY (`id`),
  KEY `rid` (`rid`),
  CONSTRAINT `s_admin_ibfk_1` FOREIGN KEY (`rid`) REFERENCES `s_role` (`id`)
) ENGINE=InnoDB AUTO_INCREMENT=60 DEFAULT CHARSET=utf8mb3;
/*!40101 SET character_set_client = @saved_cs_client */;

--
-- Dumping data for table `s_admin`
--

LOCK TABLES `s_admin` WRITE;
/*!40000 ALTER TABLE `s_admin` DISABLE KEYS */;
INSERT INTO `s_admin` (`id`, `rid`, `uname`, `icon`, `pwd`, `status`, `desc`, `ex1`, `created_at`, `updated_at`) VALUES (18,8,'admin','icon/2021/11/In1vuW.png','$2a$10$Fv4wZ4XS3HR8UbKwE8AUyuXX3ZjETilumZbQP7nB9YyVj33LthxxO',1,'','true','2021-11-23 12:18:21','2022-01-29 15:57:48'),(46,9,'test2','','$2a$10$Ny0c.Yslfm4F2kl.dh7Z4edZQC.DxD.CFP.qYRD5VSrZNXl7o2bmm',1,'22','0','2022-01-04 16:10:33','2022-01-29 15:07:23');
/*!40000 ALTER TABLE `s_admin` ENABLE KEYS */;
UNLOCK TABLES;

--
-- Table structure for table `s_api`
--

DROP TABLE IF EXISTS `s_api`;
/*!40101 SET @saved_cs_client     = @@character_set_client */;
/*!50503 SET character_set_client = utf8mb4 */;
CREATE TABLE `s_api` (
  `id` bigint unsigned NOT NULL AUTO_INCREMENT,
  `url` varchar(64) DEFAULT NULL,
  `method` varchar(64) DEFAULT NULL,
  `group` varchar(64) DEFAULT NULL,
  `desc` varchar(255) DEFAULT NULL,
  `status` int DEFAULT '1',
  `created_at` datetime DEFAULT NULL,
  `updated_at` datetime DEFAULT NULL,
  PRIMARY KEY (`id`)
) ENGINE=InnoDB AUTO_INCREMENT=32 DEFAULT CHARSET=utf8mb3;
/*!40101 SET character_set_client = @saved_cs_client */;

--
-- Dumping data for table `s_api`
--

LOCK TABLES `s_api` WRITE;
/*!40000 ALTER TABLE `s_api` DISABLE KEYS */;
INSERT INTO `s_api` (`id`, `url`, `method`, `group`, `desc`, `status`, `created_at`, `updated_at`) VALUES (2,'/menu/add','POST','menu','22',1,'2021-11-19 19:02:52','2021-11-19 19:02:52'),(3,'/menu','DELETE','menu','',1,'2021-11-19 19:02:55','2021-11-19 19:02:55'),(4,'/menu/update','PUT','menu','',1,'2021-11-19 19:02:32','2021-11-19 19:02:32'),(5,'/api/add','POST','api','',1,'2021-11-19 19:03:47','2021-11-19 19:03:47'),(6,'/api','DELETE','api','',1,'2021-11-19 19:03:58','2021-11-19 19:03:58'),(7,'/api/update','PUT','api','',1,'2021-11-19 19:04:06','2021-11-19 19:04:06'),(8,'/role/add','POST','role','',1,'2021-11-20 16:39:50','2021-11-20 16:39:50'),(9,'/role','DELETE','role','',1,'2021-11-20 16:40:01','2021-11-20 16:40:01'),(10,'/role','DELETE','role','',1,'2021-11-20 16:40:08','2021-11-20 16:40:08'),(11,'/admin/add','POST','admin','',1,'2021-11-20 16:40:26','2022-01-25 15:39:01'),(12,'/admin','DELETE','admin','',1,'2021-11-23 11:42:00','2022-01-25 15:39:05'),(13,'/admin/update','PUT','admin','2',1,'2021-12-04 11:01:40','2022-01-27 16:05:14'),(14,'/dict/add','POST','dict','',1,'2021-11-20 16:40:58','2021-11-20 16:40:58'),(15,'/dict','DELETE','dict','',1,'2021-11-20 16:41:07','2021-11-20 16:41:07'),(16,'/dict/update','PUT','dict','',1,'2021-11-20 16:41:12','2022-01-28 18:18:06'),(17,'/file/add','POST','file','',1,'2021-11-20 16:41:20','2022-01-28 18:18:01'),(18,'/file','DELETE','file','',1,'2021-11-20 16:41:27','2022-01-28 15:20:45'),(19,'/file/update','PUT','file','file',1,'2021-11-20 16:41:35','2022-01-28 18:49:39'),(20,'/file/upload','POST','file','222',1,'2021-11-20 16:42:35','2022-01-30 15:21:38');
/*!40000 ALTER TABLE `s_api` ENABLE KEYS */;
UNLOCK TABLES;

--
-- Table structure for table `s_dict`
--

DROP TABLE IF EXISTS `s_dict`;
/*!40101 SET @saved_cs_client     = @@character_set_client */;
/*!50503 SET character_set_client = utf8mb4 */;
CREATE TABLE `s_dict` (
  `id` bigint unsigned NOT NULL AUTO_INCREMENT,
  `k` varchar(64) NOT NULL,
  `v` varchar(255) NOT NULL,
  `desc` varchar(255) DEFAULT NULL,
  `group` varchar(64) NOT NULL DEFAULT 'sys',
  `status` int DEFAULT NULL,
  `type` int NOT NULL DEFAULT '1' COMMENT '0 文本，1 img',
  `created_at` datetime DEFAULT CURRENT_TIMESTAMP,
  `updated_at` datetime NOT NULL DEFAULT CURRENT_TIMESTAMP,
  PRIMARY KEY (`id`)
) ENGINE=InnoDB AUTO_INCREMENT=15 DEFAULT CHARSET=utf8mb3;
/*!40101 SET character_set_client = @saved_cs_client */;

--
-- Dumping data for table `s_dict`
--

LOCK TABLES `s_dict` WRITE;
/*!40000 ALTER TABLE `s_dict` DISABLE KEYS */;
INSERT INTO `s_dict` (`id`, `k`, `v`, `desc`, `group`, `status`, `type`, `created_at`, `updated_at`) VALUES (14,'img_prefix','http://localhost:2022/resource/upload/','','',1,4,'2022-01-25 15:46:27','2022-01-29 15:29:02');
/*!40000 ALTER TABLE `s_dict` ENABLE KEYS */;
UNLOCK TABLES;

--
-- Table structure for table `s_file`
--

DROP TABLE IF EXISTS `s_file`;
/*!40101 SET @saved_cs_client     = @@character_set_client */;
/*!50503 SET character_set_client = utf8mb4 */;
CREATE TABLE `s_file` (
  `id` bigint unsigned NOT NULL AUTO_INCREMENT,
  `name` varchar(255) NOT NULL,
  `group` int NOT NULL,
  `status` int NOT NULL DEFAULT '1',
  `created_at` datetime DEFAULT CURRENT_TIMESTAMP,
  `updated_at` datetime DEFAULT CURRENT_TIMESTAMP,
  PRIMARY KEY (`id`)
) ENGINE=InnoDB AUTO_INCREMENT=232 DEFAULT CHARSET=utf8mb3;
/*!40101 SET character_set_client = @saved_cs_client */;

--
-- Dumping data for table `s_file`
--

LOCK TABLES `s_file` WRITE;
/*!40000 ALTER TABLE `s_file` DISABLE KEYS */;
INSERT INTO `s_file` (`id`, `name`, `group`, `status`, `created_at`, `updated_at`) VALUES (193,'file/2022/01/WGQlvU.png',3,1,'2022-01-17 16:32:20','2022-01-17 16:32:20'),(194,'file/2022/01/u5tZcb.png',3,1,'2022-01-17 16:32:20','2022-01-17 16:32:20'),(195,'file/2022/01/uM0Bm6.png',3,1,'2022-01-17 16:32:20','2022-01-17 16:32:20'),(196,'file/2022/01/eE5CiB.png',3,1,'2022-01-17 16:32:20','2022-01-17 16:32:20'),(197,'file/2022/01/PGzcOa.png',3,1,'2022-01-17 16:32:20','2022-01-17 16:32:20'),(198,'file/2022/01/lk9XCb.png',3,1,'2022-01-17 16:32:20','2022-01-17 16:32:20'),(199,'file/2022/01/ysSHcS.png',3,1,'2022-01-17 16:32:20','2022-01-17 16:32:20'),(200,'file/2022/01/gt2ZnF.png',3,1,'2022-01-17 16:32:20','2022-01-17 16:32:20'),(201,'file/2022/01/3qsZ4Z.png',3,1,'2022-01-17 16:32:20','2022-01-17 16:32:20'),(202,'file/2022/01/JqPvb2.png',3,1,'2022-01-17 16:32:20','2022-01-17 16:32:20'),(203,'file/2022/01/QL0JEw.png',3,1,'2022-01-17 16:32:20','2022-01-17 16:32:20'),(204,'file/2022/01/ylbZBs.png',3,1,'2022-01-17 16:32:20','2022-01-17 16:32:20'),(205,'file/2022/01/nwethv.png',3,1,'2022-01-17 16:32:20','2022-01-17 16:32:20'),(206,'file/2022/01/rcwCm1.png',3,1,'2022-01-17 16:32:20','2022-01-17 16:32:20'),(207,'file/2022/01/NVVUhS.png',3,1,'2022-01-17 16:32:20','2022-01-17 16:32:20'),(208,'file/2022/01/vgKjRb.png',3,1,'2022-01-17 16:32:20','2022-01-17 16:32:20'),(209,'file/2022/01/PfGVsw.png',3,1,'2022-01-17 16:32:20','2022-01-17 16:32:20'),(210,'file/2022/01/T6NGUw.png',3,1,'2022-01-17 16:32:20','2022-01-17 16:32:20'),(211,'file/2022/01/R7gcut.png',3,1,'2022-01-17 16:32:20','2022-01-17 16:32:20'),(212,'file/2022/01/RY6OnT.png',3,1,'2022-01-17 16:32:20','2022-01-17 16:32:20'),(213,'file/2022/01/wvhdgb.png',3,1,'2022-01-17 16:32:20','2022-01-17 16:32:20'),(214,'file/2022/01/QfePpe.png',3,1,'2022-01-17 16:32:20','2022-01-17 16:32:20'),(215,'file/2022/01/gT0O9w.png',3,1,'2022-01-17 16:32:20','2022-01-17 16:32:20'),(216,'file/2022/01/P9C4Gx.png',3,1,'2022-01-17 16:32:20','2022-01-17 16:32:20'),(217,'file/2022/01/YhjGUp.png',3,1,'2022-01-17 16:32:20','2022-01-24 13:38:23'),(218,'file/2022/01/TQBi9R.png',3,1,'2022-01-17 16:32:20','2022-01-17 16:32:20'),(219,'file/2022/01/yby1gB.png',3,1,'2022-01-17 16:32:20','2022-01-17 16:32:20'),(220,'file/2022/01/M97Ca1.png',3,1,'2022-01-17 16:32:20','2022-01-17 16:32:20'),(221,'file/2022/01/5jiNlJ.png',3,1,'2022-01-17 16:32:20','2022-01-17 16:32:20'),(222,'file/2022/01/0VybZH.png',3,1,'2022-01-17 16:32:20','2022-01-17 16:32:20'),(223,'file/2022/01/dcM2i3.png',3,1,'2022-01-17 16:32:20','2022-01-17 16:32:20'),(224,'file/2022/01/WLB12M.png',3,1,'2022-01-17 16:32:20','2022-01-25 16:12:52'),(226,'file/2022/01/AAelFN.png',3,1,'2022-01-17 16:32:20','2022-01-25 16:10:42'),(227,'file/2022/01/fGg9RV.png',3,1,'2022-01-17 16:32:20','2022-01-28 19:35:57'),(231,'1/2022/01/wC2qox.jpeg',1,1,'2022-01-27 15:07:43','2022-01-27 15:07:43');
/*!40000 ALTER TABLE `s_file` ENABLE KEYS */;
UNLOCK TABLES;

--
-- Table structure for table `s_icon`
--

DROP TABLE IF EXISTS `s_icon`;
/*!40101 SET @saved_cs_client     = @@character_set_client */;
/*!50503 SET character_set_client = utf8mb4 */;
CREATE TABLE `s_icon` (
  `id` bigint unsigned NOT NULL AUTO_INCREMENT,
  `content` varchar(64) CHARACTER SET utf8mb4 COLLATE utf8mb4_general_ci NOT NULL,
  `status` int DEFAULT '1',
  `created_at` datetime DEFAULT NULL,
  `updated_at` datetime DEFAULT NULL,
  PRIMARY KEY (`id`)
) ENGINE=InnoDB AUTO_INCREMENT=28 DEFAULT CHARSET=utf8mb4 COLLATE=utf8mb4_general_ci COMMENT='Sys icon';
/*!40101 SET character_set_client = @saved_cs_client */;

--
-- Dumping data for table `s_icon`
--

LOCK TABLES `s_icon` WRITE;
/*!40000 ALTER TABLE `s_icon` DISABLE KEYS */;
INSERT INTO `s_icon` (`id`, `content`, `status`, `created_at`, `updated_at`) VALUES (1,'FaceRetouchingNa',1,'2022-01-05 13:56:01','2022-01-05 13:58:04'),(2,'FaceIcon',1,'2022-01-05 13:58:47','2022-01-05 13:58:47'),(3,'ListAltIcon',1,'2022-01-05 13:58:54','2022-01-05 13:58:54'),(4,'LiquorIcon',1,'2022-01-05 13:59:39','2022-01-05 13:59:39'),(5,'BrandingWatermarkIcon',1,'2022-01-05 13:59:55','2022-01-05 14:00:59'),(6,'BadgeIcon',1,'2022-01-05 14:01:07','2022-01-05 14:01:07'),(7,'AutoFixHighIcon',1,'2022-01-05 14:01:15','2022-01-05 14:01:15'),(8,'AddRoadIcon',1,'2022-01-05 14:02:35','2022-01-05 14:02:35'),(9,'FormatListNumberedIcon',1,'2022-01-05 14:02:44','2022-01-05 14:02:44'),(10,'AlignHorizontalLeftIcon',1,'2022-01-05 14:02:54','2022-01-05 14:02:54'),(11,'SavingsIcon',1,'2022-01-05 14:03:04','2022-01-05 14:03:04'),(12,'AttachMoneyIcon',1,'2022-01-05 14:03:16','2022-01-05 14:03:16'),(13,'PaidIcon',1,'2022-01-05 14:03:25','2022-01-05 14:03:25'),(14,'CreditCardIcon',1,'2022-01-05 14:03:32','2022-01-05 14:03:32'),(15,'AccountBalanceIcon',1,'2022-01-05 14:03:39','2022-01-05 14:03:39'),(16,'FormatListNumberedRtlIcon',1,'2022-01-05 14:03:44','2022-01-05 14:03:44'),(17,'PeopleIcon',1,'2022-01-05 14:03:56','2022-01-05 14:03:56'),(18,'QuestionAnswerIcon',1,'2022-01-05 14:04:00','2022-01-05 14:04:00'),(19,'LocalAtmIcon',1,'2022-01-05 14:04:05','2022-01-05 14:04:05'),(20,'AccountBalanceWalletIcon',1,'2022-01-05 14:04:11','2022-01-05 14:04:11'),(21,'AttachFileIcon',1,'2022-01-05 14:04:18','2022-01-05 14:04:18'),(22,'MenuBookIcon',1,'2022-01-05 14:04:24','2022-01-05 14:04:24'),(23,'SupervisorAccountIcon',1,'2022-01-05 14:04:33','2022-01-05 14:04:33'),(24,'ContactPageIcon',1,'2022-01-05 14:04:40','2022-01-05 14:04:40'),(25,'ListIcon',1,'2022-01-05 14:04:47','2022-01-05 14:04:47'),(26,'MenuIcon',1,'2022-01-05 14:04:53','2022-01-05 14:04:53'),(27,'SettingsIcon',1,'2022-01-05 14:04:58','2022-01-05 14:04:58');
/*!40000 ALTER TABLE `s_icon` ENABLE KEYS */;
UNLOCK TABLES;

--
-- Table structure for table `s_menu`
--

DROP TABLE IF EXISTS `s_menu`;
/*!40101 SET @saved_cs_client     = @@character_set_client */;
/*!50503 SET character_set_client = utf8mb4 */;
CREATE TABLE `s_menu` (
  `id` bigint unsigned NOT NULL AUTO_INCREMENT,
  `pid` bigint DEFAULT NULL,
  `name` varchar(64) DEFAULT NULL,
  `path` varchar(64) DEFAULT NULL,
  `icon` varchar(54) DEFAULT NULL,
  `type` int unsigned NOT NULL DEFAULT '0' COMMENT '0 normal,1 group,2 divide',
  `sort` decimal(7,2) DEFAULT NULL,
  `status` int NOT NULL DEFAULT '1' COMMENT '-1 off 1 ok',
  `created_at` datetime DEFAULT NULL,
  `updated_at` datetime DEFAULT NULL,
  PRIMARY KEY (`id`)
) ENGINE=InnoDB AUTO_INCREMENT=360 DEFAULT CHARSET=utf8mb3;
/*!40101 SET character_set_client = @saved_cs_client */;

--
-- Dumping data for table `s_menu`
--

LOCK TABLES `s_menu` WRITE;
/*!40000 ALTER TABLE `s_menu` DISABLE KEYS */;
INSERT INTO `s_menu` (`id`, `pid`, `name`, `path`, `icon`, `type`, `sort`, `status`, `created_at`, `updated_at`) VALUES (2,34,'Menu','/sys/menu','MenuIcon',2,1.10,1,'2021-12-03 10:19:33','2022-01-26 16:31:31'),(3,34,'API','/sys/api','ListIcon',2,1.20,1,'2021-12-03 10:19:36','2021-11-23 10:13:47'),(4,34,'Role','/sys/role','ContactPageIcon',2,1.30,1,'2021-12-03 10:19:36','2022-01-26 16:31:24'),(5,34,'Admin','/sys/admin','SupervisorAccountIcon',2,1.40,1,'2021-12-03 10:19:36','2022-01-26 16:31:05'),(6,34,'Dict','/sys/dict','MenuBookIcon',2,1.50,1,'2021-12-03 10:19:36','2022-01-26 16:31:10'),(7,34,'Files','/sys/file','AttachFileIcon',2,1.60,1,'2021-12-03 10:19:36','2022-01-26 16:31:16'),(34,-1,'System','','SettingsIcon',1,1.00,1,'2021-12-03 10:19:36','2022-01-26 16:31:36'),(327,-1,'Time','','MenuBookIcon',1,3.00,1,'2022-01-06 18:59:10','2022-01-30 15:22:16'),(328,327,'时间的痕迹','/time/timeHistory','MenuBookIcon',2,3.10,1,'2022-01-06 19:00:24','2022-01-24 20:07:56'),(330,-1,'Books','','MenuBookIcon',1,4.00,1,'2022-01-06 19:02:39','2022-01-26 16:32:38'),(331,330,'书籍分类','/book/bookCategory','MenuBookIcon',2,4.10,1,'2022-01-06 19:03:43','2022-01-24 12:53:15'),(332,330,'Books','/book/book','MenuBookIcon',2,4.30,1,'2022-01-06 19:04:16','2022-01-29 16:00:33'),(333,329,'章节','/book/bookChapter','MenuBookIcon',2,4.40,1,'2022-01-06 19:04:54','2022-01-28 16:07:17'),(335,330,'作者','/book/writer','MenuBookIcon',2,4.20,1,'2022-01-06 19:07:33','2022-01-27 17:11:28'),(359,0,'','','',0,0.00,0,'2022-01-30 15:22:36','2022-01-30 15:22:36');
/*!40000 ALTER TABLE `s_menu` ENABLE KEYS */;
UNLOCK TABLES;

--
-- Table structure for table `s_role`
--

DROP TABLE IF EXISTS `s_role`;
/*!40101 SET @saved_cs_client     = @@character_set_client */;
/*!50503 SET character_set_client = utf8mb4 */;
CREATE TABLE `s_role` (
  `id` bigint unsigned NOT NULL AUTO_INCREMENT,
  `name` varchar(64) DEFAULT NULL,
  `status` int DEFAULT '1',
  `created_at` datetime NOT NULL DEFAULT CURRENT_TIMESTAMP,
  `updated_at` datetime DEFAULT NULL,
  PRIMARY KEY (`id`)
) ENGINE=InnoDB AUTO_INCREMENT=24 DEFAULT CHARSET=utf8mb3;
/*!40101 SET character_set_client = @saved_cs_client */;

--
-- Dumping data for table `s_role`
--

LOCK TABLES `s_role` WRITE;
/*!40000 ALTER TABLE `s_role` DISABLE KEYS */;
INSERT INTO `s_role` (`id`, `name`, `status`, `created_at`, `updated_at`) VALUES (8,'超级管理员',1,'2021-11-19 07:50:25','2022-01-25 15:40:31'),(9,'管理员',1,'2021-11-19 19:15:50','2022-01-24 14:34:43');
/*!40000 ALTER TABLE `s_role` ENABLE KEYS */;
UNLOCK TABLES;

--
-- Table structure for table `s_role_api`
--

DROP TABLE IF EXISTS `s_role_api`;
/*!40101 SET @saved_cs_client     = @@character_set_client */;
/*!50503 SET character_set_client = utf8mb4 */;
CREATE TABLE `s_role_api` (
  `id` bigint unsigned NOT NULL AUTO_INCREMENT,
  `rid` bigint unsigned DEFAULT NULL,
  `aid` bigint unsigned DEFAULT NULL,
  PRIMARY KEY (`id`),
  UNIQUE KEY `rid` (`rid`,`aid`),
  CONSTRAINT `s_role_api_ibfk_1` FOREIGN KEY (`rid`) REFERENCES `s_role` (`id`) ON DELETE CASCADE
) ENGINE=InnoDB AUTO_INCREMENT=147 DEFAULT CHARSET=utf8mb3;
/*!40101 SET character_set_client = @saved_cs_client */;

--
-- Dumping data for table `s_role_api`
--

LOCK TABLES `s_role_api` WRITE;
/*!40000 ALTER TABLE `s_role_api` DISABLE KEYS */;
/*!40000 ALTER TABLE `s_role_api` ENABLE KEYS */;
UNLOCK TABLES;

--
-- Table structure for table `s_role_menu`
--

DROP TABLE IF EXISTS `s_role_menu`;
/*!40101 SET @saved_cs_client     = @@character_set_client */;
/*!50503 SET character_set_client = utf8mb4 */;
CREATE TABLE `s_role_menu` (
  `id` bigint unsigned NOT NULL AUTO_INCREMENT,
  `rid` bigint unsigned DEFAULT NULL,
  `mid` bigint unsigned DEFAULT NULL,
  PRIMARY KEY (`id`),
  UNIQUE KEY `rid_2` (`rid`,`mid`),
  KEY `mid` (`mid`),
  KEY `rid` (`rid`,`mid`),
  CONSTRAINT `s_role_menu_ibfk_1` FOREIGN KEY (`mid`) REFERENCES `s_menu` (`id`) ON DELETE CASCADE,
  CONSTRAINT `s_role_menu_ibfk_2` FOREIGN KEY (`rid`) REFERENCES `s_role` (`id`) ON DELETE CASCADE
) ENGINE=InnoDB AUTO_INCREMENT=307 DEFAULT CHARSET=utf8mb3;
/*!40101 SET character_set_client = @saved_cs_client */;

--
-- Dumping data for table `s_role_menu`
--

LOCK TABLES `s_role_menu` WRITE;
/*!40000 ALTER TABLE `s_role_menu` DISABLE KEYS */;
INSERT INTO `s_role_menu` (`id`, `rid`, `mid`) VALUES (121,8,2),(122,8,3),(123,8,4),(124,8,5),(125,8,6),(182,8,7),(141,8,34),(239,8,327),(240,8,328),(298,8,330),(243,8,331),(244,8,332),(245,8,333),(247,8,335),(284,9,2),(285,9,3),(286,9,4),(287,9,5),(288,9,6),(289,9,7),(290,9,34);
/*!40000 ALTER TABLE `s_role_menu` ENABLE KEYS */;
UNLOCK TABLES;

--
-- Table structure for table `t_time_history`
--

DROP TABLE IF EXISTS `t_time_history`;
/*!40101 SET @saved_cs_client     = @@character_set_client */;
/*!50503 SET character_set_client = utf8mb4 */;
CREATE TABLE `t_time_history` (
  `id` bigint unsigned NOT NULL AUTO_INCREMENT,
  `century` int DEFAULT NULL,
  `year` int DEFAULT NULL,
  `month` int DEFAULT NULL,
  `day` int DEFAULT NULL,
  `type` int NOT NULL COMMENT '1科学技术 2战争与政治 3天灾人祸 4疾病与医学 5环境与自然 6社会与经济() 7 文化娱乐(书籍记录) 8 宗教与哲学() 9人物与事件(记录人物) 10问题与解决 11other 12 category',
  `type_details` int NOT NULL COMMENT '1 things 2birthday 3 dead 4book publish',
  `name` varchar(64) COLLATE utf8mb4_general_ci DEFAULT NULL,
  `summary` varchar(255) COLLATE utf8mb4_general_ci DEFAULT NULL,
  `content` longtext COLLATE utf8mb4_general_ci,
  `tag` varchar(64) COLLATE utf8mb4_general_ci DEFAULT NULL,
  `sort` decimal(10,2) DEFAULT '1.00',
  `status` int DEFAULT NULL,
  `created_at` datetime DEFAULT NULL,
  `updated_at` timestamp NULL DEFAULT CURRENT_TIMESTAMP,
  PRIMARY KEY (`id`)
) ENGINE=InnoDB AUTO_INCREMENT=59 DEFAULT CHARSET=utf8mb4 COLLATE=utf8mb4_general_ci;
/*!40101 SET character_set_client = @saved_cs_client */;

--
-- Dumping data for table `t_time_history`
--

LOCK TABLES `t_time_history` WRITE;
/*!40000 ALTER TABLE `t_time_history` DISABLE KEYS */;
INSERT INTO `t_time_history` (`id`, `century`, `year`, `month`, `day`, `type`, `type_details`, `name`, `summary`, `content`, `tag`, `sort`, `status`, `created_at`, `updated_at`) VALUES (2,20,1900,6,29,9,2,'安托万·德·圣埃克絮佩里','《小王子》的作者','',NULL,0.00,1,'2022-01-07 11:47:24','2022-01-07 04:41:30'),(3,20,1943,4,0,7,4,'小王子','','','',0.00,1,'2022-01-07 12:22:17','2022-01-24 12:55:23'),(4,18,1785,1,4,9,2,'格林兄弟','《格林童话》作者\n雅各布·格林（1785年1月4日－1863年9月20日）和威廉·格林（1786年2月24日－1859年12月16日）\n','',NULL,0.00,1,'2022-01-07 12:41:04','2022-01-07 04:43:21'),(5,19,1812,0,0,7,4,'格林童话','','',NULL,0.00,1,'2022-01-07 12:44:01','2022-01-07 04:44:01'),(6,19,1805,4,2,9,2,'安徒生','《安徒生童话》作者','','',0.00,1,'2022-01-07 13:02:19','2022-01-07 05:02:43'),(7,19,1837,0,0,7,4,'安徒生童话','《皇帝的新装》 发布','','',0.00,1,'2022-01-07 13:11:45','2022-01-07 05:13:11'),(8,20,1954,1,0,9,2,'曹文轩','《草房子》的作者','','',0.00,1,'2022-01-07 13:16:46','2022-01-08 12:51:08'),(9,21,2011,0,0,7,4,'草房子','','','',0.00,1,'2022-01-07 13:17:10','2022-01-24 12:55:15'),(10,19,1823,12,22,9,2,'让-亨利·法布尔','《昆虫记》 作者','','',0.00,1,'2022-01-07 13:25:07','2022-01-07 05:25:07'),(11,19,1879,0,0,7,4,'昆虫记','','','',0.00,1,'2022-01-07 13:26:01','2022-01-07 05:26:01'),(12,19,1892,1,3,9,2,'J·R·R·托尔金','《魔戒》作者','','',0.00,1,'2022-01-07 13:33:59','2022-01-07 05:33:59'),(13,20,1954,0,0,7,4,'魔戒','','','',0.00,1,'2022-01-07 13:37:27','2022-01-07 05:37:27'),(14,20,1965,7,31,9,2,'J·K·罗琳','《哈利·波特》作者','','',0.00,1,'2022-01-07 13:40:59','2022-01-24 12:37:27'),(15,20,1997,6,26,7,4,'哈利·波特','','','',0.00,1,'2022-01-07 13:42:54','2022-01-07 05:42:54'),(16,16,1506,0,0,9,2,'吴承恩','《西游记》作者','','',0.00,1,'2022-01-07 13:47:02','2022-01-07 05:47:02'),(17,16,1592,0,0,7,4,'西游记','','','',0.00,1,'2022-01-07 13:48:49','2022-01-07 05:48:49'),(18,18,1775,12,16,9,2,'简·奥斯汀','《傲慢与偏见》作者','','',0.00,1,'2022-01-07 13:51:54','2022-01-07 05:52:18'),(19,20,1913,1,28,7,4,'傲慢与偏见','','','',0.00,1,'2022-01-07 13:55:25','2022-01-07 05:55:25'),(20,20,1900,11,8,9,2,'玛格丽特·米切尔','《飘》作者','','',0.00,1,'2022-01-07 14:02:28','2022-01-07 06:10:22'),(21,20,1936,6,30,7,4,'飘','','','',0.00,1,'2022-01-07 14:05:32','2022-01-07 06:05:32'),(22,19,1816,4,21,9,2,'夏洛特·勃朗特','《简·爱》作者','','',0.00,1,'2022-01-07 14:10:10','2022-01-07 06:10:10'),(23,19,1847,10,16,7,4,'简·爱','','','',0.00,1,'2022-01-07 14:11:50','2022-01-07 06:11:50'),(24,19,1876,1,30,9,2,'维克多·雨果','《悲惨世界》、《巴黎圣母院》作者','','',0.00,1,'2022-01-07 14:24:22','2022-01-07 06:24:22'),(25,19,1831,1,14,7,4,'巴黎圣母院 ','','','',0.00,1,'2022-01-07 14:38:25','2022-01-07 06:38:25'),(26,19,1828,9,9,9,2,'列夫·托尔斯泰','《战争与和平》、《安娜·卡列尼娜》、《复活》作者','','',0.00,1,'2022-01-07 14:41:22','2022-01-07 06:41:22'),(27,19,1865,0,0,7,4,'战争与和平','','','',0.00,1,'2022-01-07 14:43:33','2022-01-07 06:43:33'),(28,14,1320,0,0,9,2,'罗贯中','','','',0.00,1,'2022-01-07 14:45:25','2022-01-07 06:45:25'),(29,14,1349,0,0,7,4,'三国演义','','','',0.00,1,'2022-01-07 14:46:28','2022-01-07 06:46:28'),(30,19,1812,2,7,9,2,'查尔斯·狄更斯','','','',0.00,1,'2022-01-07 14:49:39','2022-01-07 06:49:39'),(31,19,1859,0,0,7,4,'双城记','','','',0.00,1,'2022-01-07 14:51:50','2022-01-07 06:51:50'),(32,18,1785,10,18,9,2,'本杰明·富兰克林','','','',0.00,1,'2022-01-07 14:54:43','2022-01-07 06:54:43'),(33,18,1791,0,0,7,4,'富兰克林自传 ','','','',0.00,1,'2022-01-07 14:56:17','2022-01-07 06:59:21'),(35,19,1868,3,28,9,2,'马克西姆·高尔基','《童年》作者','','',0.00,1,'2022-01-07 15:03:27','2022-01-07 07:03:27'),(36,20,1913,0,0,7,4,'童年','','','',0.00,1,'2022-01-07 15:04:53','2022-01-07 07:04:53'),(37,20,1906,0,0,7,4,'母亲','','','',0.00,1,'2022-01-07 15:08:29','2022-01-07 07:08:29'),(38,20,1923,0,0,7,4,'我的大学','马克西姆·高尔基所著长篇小说','','',0.00,1,'2022-01-07 15:09:55','2022-01-07 07:09:55'),(39,20,1916,0,0,7,4,'在人间','马克西姆·高尔基所著长篇小说','','',0.00,1,'2022-01-07 15:11:34','2022-01-07 07:11:42'),(40,19,1836,0,0,7,4,'匹克威克外传','狄更斯的代表作品','','',0.00,1,'2022-01-07 15:14:22','2022-01-07 07:14:22'),(41,19,1860,0,0,7,4,'远大前程','','','',0.00,1,'2022-01-07 15:17:56','2022-01-07 07:17:56'),(42,19,1848,0,0,7,4,'董贝父子','','','',0.00,1,'2022-01-07 15:19:41','2022-01-07 07:19:41'),(43,19,1837,2,0,7,4,'雾都孤儿','','','',0.00,1,'2022-01-07 15:21:40','2022-01-07 07:21:40'),(44,19,1828,2,8,9,2,'儒勒·凡尔纳','','','',0.00,1,'2022-01-07 15:23:47','2022-01-07 07:23:47'),(45,19,1874,0,0,7,4,'神秘岛','','','',0.00,1,'2022-01-07 15:25:02','2022-01-07 07:25:02'),(46,19,1873,1,30,7,4,'八十天环游地球','','','',0.00,1,'2022-01-07 15:27:11','2022-01-07 07:27:11'),(47,19,1865,0,0,7,4,'地球到月球','','','',0.00,1,'2022-01-07 15:31:01','2022-01-07 07:31:01'),(48,20,1960,9,10,9,2,'博多·舍费尔','','','',0.00,1,'2022-01-07 15:33:19','2022-01-07 07:33:19'),(49,21,2009,2,0,7,4,'小狗钱钱','','','',0.00,1,'2022-01-07 15:34:32','2022-01-24 12:53:05'),(50,20,1924,3,10,9,2,'金庸','','','',0.00,1,'2022-01-07 15:37:45','2022-01-07 07:37:45'),(51,20,1957,0,0,7,4,'射雕英雄传','','','',0.00,1,'2022-01-07 15:39:32','2022-01-24 12:53:39'),(52,20,1959,0,0,7,4,'神雕侠侣','','','',0.00,1,'2022-01-07 15:44:49','2022-01-07 07:44:49'),(53,20,1961,0,0,7,4,'倚天屠龙记','','','',0.00,1,'2022-01-07 15:47:53','2022-01-07 07:47:53'),(54,20,1963,0,0,7,4,'天龙八部','','','',0.00,1,'2022-01-07 15:49:52','2022-01-24 12:37:34'),(55,20,1967,0,0,7,4,'笑傲江湖','','','',0.00,1,'2022-01-07 15:54:41','2022-01-27 11:26:41'),(56,19,1899,7,21,9,2,'海明威','','','',0.00,1,'2022-01-10 11:49:52','2022-01-10 03:49:52'),(57,20,1951,0,0,7,4,'老人与海','','','',0.00,1,'2022-01-10 12:41:59','2022-01-10 04:41:59');
/*!40000 ALTER TABLE `t_time_history` ENABLE KEYS */;
UNLOCK TABLES;
/*!40103 SET TIME_ZONE=@OLD_TIME_ZONE */;

/*!40101 SET SQL_MODE=@OLD_SQL_MODE */;
/*!40014 SET FOREIGN_KEY_CHECKS=@OLD_FOREIGN_KEY_CHECKS */;
/*!40014 SET UNIQUE_CHECKS=@OLD_UNIQUE_CHECKS */;
/*!40101 SET CHARACTER_SET_CLIENT=@OLD_CHARACTER_SET_CLIENT */;
/*!40101 SET CHARACTER_SET_RESULTS=@OLD_CHARACTER_SET_RESULTS */;
/*!40101 SET COLLATION_CONNECTION=@OLD_COLLATION_CONNECTION */;
/*!40111 SET SQL_NOTES=@OLD_SQL_NOTES */;

-- Dump completed on 2022-01-30 15:33:04
